MANDT	FKNUM	VBTYP	FKART	STERM	PRSDT	BUDAT	EXTI1	EXTI2	STBER	STFRE	STABR	ERNAM	ERDAT	ERZET	AENAM	AEDAT	AEZET
700	1600698899	a	Z006		29.03.2026				C			SCLADMIN	31.03.2026	00:00:57			00:00:00
700	1600698900	a	Z006		30.03.2026				C			SCLADMIN	31.03.2026	00:00:57			00:00:00
700	1600698901	a	Z006		29.03.2026				C			SCLADMIN	31.03.2026	00:00:58			00:00:00
700	1600698902	a	Z006		30.03.2026				C			SCLADMIN	31.03.2026	00:01:00			00:00:00
700	1600698903	a	Z006		30.03.2026				C			SCLADMIN	31.03.2026	00:09:12			00:00:00
700	1600698904	a	Z006		30.03.2026				C			SCLADMIN	31.03.2026	00:10:57			00:00:00
700	1600698905	a	Z006		30.03.2026				C			SCLADMIN	31.03.2026	00:11:23			00:00:00
700	1600698906	a	Z006		30.03.2026				C			SCLADMIN	31.03.2026	00:11:23			00:00:00
700	1600698907	a	Z006		29.03.2026				C			SCLADMIN	31.03.2026	00:12:18			00:00:00
700	1600698908	a	Z006		29.03.2026				C			SCLADMIN	31.03.2026	00:14:47			00:00:00
700	1600698909	a	Z006		29.03.2026				C			SCLADMIN	31.03.2026	00:14:49			00:00:00
700	1600698910	a	Z006		29.03.2026				C			SCLADMIN	31.03.2026	00:15:11			00:00:00
700	1600698911	a	Z006		29.03.2026				C			SCLADMIN	31.03.2026	00:18:03			00:00:00
700	1600698912	a	Z006		28.03.2026				C			SCLADMIN	31.03.2026	00:20:17			00:00:00
700	1600698913	a	Z006		29.03.2026				C			SCLADMIN	31.03.2026	00:21:17			00:00:00
700	1600698914	a	Z006		30.03.2026				C			SCLADMIN	31.03.2026	00:21:17			00:00:00
700	1600698915	a	Z006		30.03.2026				C			SCLADMIN	31.03.2026	00:21:18			00:00:00
700	1600698917	a	Z006		30.03.2026				C			SCLADMIN	31.03.2026	00:24:37			00:00:00
700	1600698918	a	Z006		30.03.2026				C			SCLADMIN	31.03.2026	00:24:38			00:00:00
700	1600698919	a	Z006		30.03.2026				C			SCLADMIN	31.03.2026	00:24:39			00:00:00
700	1600698920	a	Z006		30.03.2026				C			SCLADMIN	31.03.2026	00:26:22			00:00:00
700	1600698921	a	Z006		29.03.2026				C			SCLADMIN	31.03.2026	00:27:57			00:00:00
700	1600698922	a	Z006		30.03.2026				C			SCLADMIN	31.03.2026	00:27:58			00:00:00
700	1600698923	a	Z006		30.03.2026				C			SCLADMIN	31.03.2026	00:28:00			00:00:00
700	1600698924	a	Z006		30.03.2026				C			SCLADMIN	31.03.2026	00:31:07			00:00:00
700	1600698925	a	Z006		30.03.2026				C			SCLADMIN	31.03.2026	00:31:12			00:00:00
700	1600698926	a	Z006		30.03.2026				C			SCLADMIN	31.03.2026	00:31:13			00:00:00
700	1600698927	a	Z006		30.03.2026				C			SCLADMIN	31.03.2026	00:31:13			00:00:00
700	1600698928	a	Z006		27.03.2026				C			SCLADMIN	31.03.2026	00:31:13			00:00:00
700	1600698929	a	Z006		29.03.2026				C			SCLADMIN	31.03.2026	00:31:14			00:00:00
700	1600698930	a	Z006		30.03.2026				C			SCLADMIN	31.03.2026	00:32:58			00:00:00
700	1600698931	a	Z006		30.03.2026				C			SCLADMIN	31.03.2026	00:37:57			00:00:00
700	1600698932	a	Z006		29.03.2026				C			SCLADMIN	31.03.2026	00:37:58			00:00:00
700	1600698933	a	Z006		30.03.2026				C			SCLADMIN	31.03.2026	00:38:00			00:00:00
700	1600698934	a	Z006		30.03.2026				C			SCLADMIN	31.03.2026	00:41:17			00:00:00
700	1600698935	a	Z006		29.03.2026				C			SCLADMIN	31.03.2026	00:41:19			00:00:00
700	1600698936	a	Z006		30.03.2026				C			SCLADMIN	31.03.2026	00:41:52			00:00:00
700	1600698937	a	Z006		30.03.2026				C			SCLADMIN	31.03.2026	00:43:57			00:00:00
700	1600698938	a	Z006		30.03.2026				C			SCLADMIN	31.03.2026	00:44:42			00:00:00
700	1600698939	a	Z006		30.03.2026				C			SCLADMIN	31.03.2026	00:44:42			00:00:00
700	1600698940	a	Z006		30.03.2026				C			SCLADMIN	31.03.2026	00:44:45			00:00:00
700	1600698941	a	Z006		30.03.2026				C			SCLADMIN	31.03.2026	00:46:37			00:00:00
700	1600698942	a	Z006		30.03.2026				C			SCLADMIN	31.03.2026	00:48:02			00:00:00
700	1600698943	a	Z006		30.03.2026				C			SCLADMIN	31.03.2026	00:48:02			00:00:00
700	1600698945	a	Z006		30.03.2026				C			SCLADMIN	31.03.2026	00:48:37			00:00:00
700	1600698946	a	Z006		30.03.2026				C			SCLADMIN	31.03.2026	00:50:02			00:00:00
700	1600698947	a	Z006		30.03.2026				C			SCLADMIN	31.03.2026	00:51:27			00:00:00
700	1600698948	a	Z006		29.03.2026				C			SCLADMIN	31.03.2026	00:54:51			00:00:00
700	1600698949	a	Z006		29.03.2026				C			SCLADMIN	31.03.2026	00:58:00			00:00:00
700	1600698950	a	Z006		30.03.2026				C			SCLADMIN	31.03.2026	01:01:18			00:00:00
700	1600698951	a	Z006		30.03.2026				C			SCLADMIN	31.03.2026	01:04:52			00:00:00
700	1600698952	a	Z006		29.03.2026				C			SCLADMIN	31.03.2026	01:04:53			00:00:00
700	1600698954	a	Z006		30.03.2026				C			SCLADMIN	31.03.2026	01:08:12			00:00:00
700	1600698955	a	Z006		30.03.2026				C			SCLADMIN	31.03.2026	01:08:13			00:00:00
700	1600698956	a	Z006		30.03.2026				C			SCLADMIN	31.03.2026	01:08:13			00:00:00
700	1600698957	a	Z006		27.03.2026				C			SCLADMIN	31.03.2026	01:08:13			00:00:00
700	1600698958	a	Z006		30.03.2026				C			SCLADMIN	31.03.2026	01:10:52			00:00:00
700	1600698959	a	Z006		30.03.2026				C			SCLADMIN	31.03.2026	01:11:47			00:00:00
700	1600698960	a	Z006		29.03.2026				C			SCLADMIN	31.03.2026	01:11:47			00:00:00
700	1600698961	a	Z006		30.03.2026				C			SCLADMIN	31.03.2026	01:11:48			00:00:00
700	1600698962	a	Z006		30.03.2026				C			SCLADMIN	31.03.2026	01:15:12			00:00:00
700	1600698963	a	Z006		30.03.2026				C			SCLADMIN	31.03.2026	01:15:12			00:00:00
700	1600698964	a	Z006		30.03.2026				C			SCLADMIN	31.03.2026	01:15:13			00:00:00
700	1600698965	a	Z006		29.03.2026				C			SCLADMIN	31.03.2026	01:15:14			00:00:00
700	1600698966	a	Z006		30.03.2026				C			SCLADMIN	31.03.2026	01:16:02			00:00:00
700	1600698967	a	Z006		30.03.2026				C			SCLADMIN	31.03.2026	01:18:32			00:00:00
700	1600698968	a	Z006		30.03.2026				C			SCLADMIN	31.03.2026	01:18:32			00:00:00
700	1600698970	a	Z006		30.03.2026				C			SCLADMIN	31.03.2026	01:18:32			00:00:00
700	1600698971	a	Z006		29.03.2026				C			SCLADMIN	31.03.2026	01:18:33			00:00:00
700	1600698972	a	Z006		30.03.2026				C			SCLADMIN	31.03.2026	01:18:34			00:00:00
700	1600698973	a	Z006		30.03.2026				C			SCLADMIN	31.03.2026	01:19:17			00:00:00
700	1600698974	a	Z006		29.03.2026				C			SCLADMIN	31.03.2026	01:22:09			00:00:00
700	1600698975	a	Z006		30.03.2026				C			SCLADMIN	31.03.2026	01:25:37			00:00:00
700	1600698976	a	Z006		30.03.2026				C			SCLADMIN	31.03.2026	01:25:37			00:00:00
700	1600698977	a	Z006		30.03.2026				C			SCLADMIN	31.03.2026	01:27:42			00:00:00
700	1600698978	a	Z006		29.03.2026				C			SCLADMIN	31.03.2026	01:28:58			00:00:00
700	1600698979	a	Z006		27.03.2026				C			SCLADMIN	31.03.2026	01:28:59			00:00:00
700	1600698980	a	Z006		27.03.2026				C			SCLADMIN	31.03.2026	01:32:17			00:00:00
700	1600698982	a	Z006		30.03.2026				C			SCLADMIN	31.03.2026	01:32:17			00:00:00
700	1600698983	a	Z006		30.03.2026				C			SCLADMIN	31.03.2026	01:32:18			00:00:00
700	1600698985	a	Z006		28.03.2026				C			SCLADMIN	31.03.2026	01:32:20			00:00:00
700	1600698986	a	Z006		30.03.2026				C			SCLADMIN	31.03.2026	01:32:31			00:00:00
700	1600698987	a	Z006		30.03.2026				C			SCLADMIN	31.03.2026	01:34:32			00:00:00
700	1600698988	a	Z006		30.03.2026				C			SCLADMIN	31.03.2026	01:35:37			00:00:00
700	1600698989	a	Z006		30.03.2026				C			SCLADMIN	31.03.2026	01:35:37			00:00:00
700	1600698990	a	Z006		30.03.2026				C			SCLADMIN	31.03.2026	01:35:39			00:00:00
700	1600698991	a	Z006		29.03.2026				C			SCLADMIN	31.03.2026	01:35:47			00:00:00
700	1600698992	a	Z006		29.03.2026				C			SCLADMIN	31.03.2026	01:39:02			00:00:00
700	1600698993	a	Z006		27.03.2026				C			SCLADMIN	31.03.2026	01:39:04			00:00:00
700	1600698994	a	Z006		30.03.2026				C			SCLADMIN	31.03.2026	01:42:27			00:00:00
700	1600698995	a	Z006		30.03.2026				C			SCLADMIN	31.03.2026	01:45:53			00:00:00
700	1600698996	a	Z006		30.03.2026				C			SCLADMIN	31.03.2026	01:45:53			00:00:00
700	1600698997	a	Z006		29.03.2026				C			SCLADMIN	31.03.2026	01:46:10			00:00:00
700	1600698998	a	Z006		30.03.2026				C			SCLADMIN	31.03.2026	01:48:12			00:00:00
700	1600698999	a	Z006		30.03.2026				C			SCLADMIN	31.03.2026	01:49:22			00:00:00
700	1600699000	a	Z006		30.03.2026				C			SCLADMIN	31.03.2026	01:49:23			00:00:00
700	1600699002	a	Z006		30.03.2026				C			SCLADMIN	31.03.2026	01:49:24			00:00:00
700	1600699003	a	Z006		29.03.2026				C			SCLADMIN	31.03.2026	01:49:24			00:00:00
700	1600699004	a	Z006		29.03.2026				C			SCLADMIN	31.03.2026	01:49:24			00:00:00
700	1600699005	a	Z006		30.03.2026				C			SCLADMIN	31.03.2026	01:49:24			00:00:00
700	1600699006	a	Z006		29.03.2026				C			SCLADMIN	31.03.2026	01:49:28			00:00:00
700	1600699007	a	Z006		30.03.2026				C			SCLADMIN	31.03.2026	01:50:07			00:00:00
700	1600699010	a	Z006		30.03.2026				C			SCLADMIN	31.03.2026	01:56:27			00:00:00
700	1600699011	a	Z006		30.03.2026				C			SCLADMIN	31.03.2026	02:00:08			00:00:00
700	1600699012	a	Z006		29.03.2026				C			SCLADMIN	31.03.2026	02:03:19			00:00:00
700	1600699013	a	Z006		30.03.2026				C			SCLADMIN	31.03.2026	02:03:22			00:00:00
700	1600699014	a	Z006		29.03.2026				C			SCLADMIN	31.03.2026	02:03:22			00:00:00
700	1600699015	a	Z006		30.03.2026				C			SCLADMIN	31.03.2026	02:03:24			00:00:00
700	1600699016	a	Z006		30.03.2026				C			SCLADMIN	31.03.2026	02:06:47			00:00:00
700	1600699017	a	Z006		20.03.2026				C			SCLADMIN	31.03.2026	02:06:49			00:00:00
700	1600699019	a	Z006		29.03.2026				C			SCLADMIN	31.03.2026	02:06:50			00:00:00
700	1600699020	a	Z006		30.03.2026				C			SCLADMIN	31.03.2026	02:06:51			00:00:00
700	1600699021	a	Z006		30.03.2026				C			SCLADMIN	31.03.2026	02:13:57			00:00:00
700	1600699022	a	Z006		29.03.2026				C			SCLADMIN	31.03.2026	02:13:58			00:00:00
700	1600699023	a	Z006		30.03.2026				C			SCLADMIN	31.03.2026	02:14:00			00:00:00
700	1600699024	a	Z006		29.03.2026				C			SCLADMIN	31.03.2026	02:14:03			00:00:00
700	1600699025	a	Z006		29.03.2026				C			SCLADMIN	31.03.2026	02:15:47			00:00:00
700	1600699027	a	Z006		30.03.2026				C			SCLADMIN	31.03.2026	02:17:42			00:00:00
700	1600699028	a	Z006		30.03.2026				C			SCLADMIN	31.03.2026	02:17:44			00:00:00
700	1600699029	a	Z006		28.03.2026				C			SCLADMIN	31.03.2026	02:21:23			00:00:00
700	1600699030	a	Z006		30.03.2026				C			SCLADMIN	31.03.2026	02:21:24			00:00:00
700	1600699031	a	Z006		30.03.2026				C			SCLADMIN	31.03.2026	02:24:59			00:00:00
700	1600699032	a	Z006		30.03.2026				C			SCLADMIN	31.03.2026	02:28:43			00:00:00
700	1600699033	a	Z006		29.03.2026				C			SCLADMIN	31.03.2026	02:28:43			00:00:00
700	1600699034	a	Z006		30.03.2026				C			SCLADMIN	31.03.2026	02:33:12			00:00:00
700	1600699035	a	Z006		27.03.2026				C			SCLADMIN	31.03.2026	02:35:58			00:00:00
700	1600699036	a	Z006		30.03.2026				C			SCLADMIN	31.03.2026	02:39:28			00:00:00
700	1600699037	a	Z006		30.03.2026				C			SCLADMIN	31.03.2026	02:39:28			00:00:00
700	1600699038	a	Z006		30.03.2026				C			SCLADMIN	31.03.2026	02:42:02			00:00:00
700	1600699039	a	Z006		30.03.2026				C			SCLADMIN	31.03.2026	02:43:07			00:00:00
700	1600699040	a	Z006		31.03.2026				C			SCLADMIN	31.03.2026	02:43:07			00:00:00
700	1600699041	a	Z006		30.03.2026				C			SCLADMIN	31.03.2026	02:43:08			00:00:00
700	1600699042	a	Z006		30.03.2026				C			SCLADMIN	31.03.2026	02:43:10			00:00:00
700	1600699043	a	Z006		29.03.2026				C			SCLADMIN	31.03.2026	02:46:44			00:00:00
700	1600699044	a	Z006		30.03.2026				C			SCLADMIN	31.03.2026	02:50:27			00:00:00
700	1600699045	a	Z006		28.03.2026				C			SCLADMIN	31.03.2026	02:50:28			00:00:00
700	1600699046	a	Z006		30.03.2026				C			SCLADMIN	31.03.2026	02:53:57			00:00:00
700	1600699048	a	Z006		30.03.2026				C			SCLADMIN	31.03.2026	02:57:32			00:00:00
700	1600699049	a	Z006		30.03.2026				C			SCLADMIN	31.03.2026	03:01:12			00:00:00
700	1600699050	a	Z006		30.03.2026				C			SCLADMIN	31.03.2026	03:01:13			00:00:00
700	1600699051	a	Z006		28.03.2026				C			SCLADMIN	31.03.2026	03:04:38			00:00:00
700	1600699053	a	Z006		30.03.2026				C			SCLADMIN	31.03.2026	03:05:57			00:00:00
700	1600699054	a	Z006		31.03.2026				C			SCLADMIN	31.03.2026	03:07:57			00:00:00
700	1600699055	a	Z006		27.03.2026				C			SCLADMIN	31.03.2026	03:07:58			00:00:00
700	1600699056	a	Z006		30.03.2026				C			SCLADMIN	31.03.2026	03:13:27			00:00:00
700	1600699057	a	Z006		30.03.2026				C			SCLADMIN	31.03.2026	03:14:43			00:00:00
700	1600699058	a	Z006		30.03.2026				C			SCLADMIN	31.03.2026	03:18:17			00:00:00
700	1600699059	a	Z006		29.03.2026				C			SCLADMIN	31.03.2026	03:18:19			00:00:00
700	1600699060	a	Z006		29.03.2026				C			SCLADMIN	31.03.2026	03:21:44			00:00:00
700	1600699061	a	Z006		30.03.2026				C			SCLADMIN	31.03.2026	03:25:18			00:00:00
700	1600699062	a	Z006		24.03.2026				C			SCLADMIN	31.03.2026	03:25:18			00:00:00
700	1600699063	a	Z006		30.03.2026				C			SCLADMIN	31.03.2026	03:27:42			00:00:00
700	1600699064	a	Z006		30.03.2026				C			SCLADMIN	31.03.2026	03:28:38			00:00:00
700	1600699065	a	Z006		30.03.2026				C			SCLADMIN	31.03.2026	03:31:58			00:00:00
700	1600699066	a	Z006		31.03.2026				C			SCLADMIN	31.03.2026	03:35:23			00:00:00
700	1600699067	a	Z006		30.03.2026				C			SCLADMIN	31.03.2026	03:35:23			00:00:00
700	1600699068	a	Z006		30.03.2026				C			SCLADMIN	31.03.2026	03:35:25			00:00:00
700	1600699069	a	Z006		30.03.2026				C			SCLADMIN	31.03.2026	03:38:52			00:00:00
700	1600699070	a	Z006		29.03.2026				C			SCLADMIN	31.03.2026	03:42:17			00:00:00
700	1600699071	a	Z006		30.03.2026				C			SCLADMIN	31.03.2026	03:42:19			00:00:00
700	1600699072	a	Z006		30.03.2026				C			SCLADMIN	31.03.2026	03:45:37			00:00:00
700	1600699073	a	Z006		30.03.2026				C			SCLADMIN	31.03.2026	03:49:13			00:00:00
700	1600699074	a	Z006		30.03.2026				C			SCLADMIN	31.03.2026	03:49:13			00:00:00
700	1600699075	a	Z006		30.03.2026				C			SCLADMIN	31.03.2026	03:59:22			00:00:00
700	1600699076	a	Z006		30.03.2026				C			SCLADMIN	31.03.2026	03:59:27			00:00:00
700	1600699077	a	Z006		31.03.2026				C			SCLADMIN	31.03.2026	03:59:28			00:00:00
700	1600699078	a	Z006		30.03.2026				C			SCLADMIN	31.03.2026	04:02:02			00:00:00
700	1600699079	a	Z006		29.03.2026				C			SCLADMIN	31.03.2026	04:02:57			00:00:00
700	1600699080	a	Z006		29.03.2026				C			SCLADMIN	31.03.2026	04:03:00			00:00:00
700	1600699081	a	Z006		30.03.2026				C			SCLADMIN	31.03.2026	04:03:52			00:00:00
700	1600699082	a	Z006		27.03.2026				C			SCLADMIN	31.03.2026	04:06:22			00:00:00
700	1600699083	a	Z006		29.03.2026				C			SCLADMIN	31.03.2026	04:09:48			00:00:00
700	1600699084	a	Z006		28.03.2026				C			SCLADMIN	31.03.2026	04:09:49			00:00:00
700	1600699085	a	Z006		30.03.2026				C			SCLADMIN	31.03.2026	04:10:52			00:00:00
700	1600699086	a	Z006		29.03.2026				C			SCLADMIN	31.03.2026	04:13:09			00:00:00
700	1600699087	a	Z006		30.03.2026				C			SCLADMIN	31.03.2026	04:14:52			00:00:00
700	1600699088	a	Z006		27.03.2026				C			SCLADMIN	31.03.2026	04:16:27			00:00:00
700	1600699089	a	Z006		28.03.2026				C			SCLADMIN	31.03.2026	04:16:28			00:00:00
700	1600699090	a	Z006		30.03.2026				C			SCLADMIN	31.03.2026	04:16:29			00:00:00
700	1600699091	a	Z006		28.03.2026				C			SCLADMIN	31.03.2026	04:19:53			00:00:00
700	1600699092	a	Z006		29.03.2026				C			SCLADMIN	31.03.2026	04:19:54			00:00:00
700	1600699093	a	Z006		31.03.2026				C			SCLADMIN	31.03.2026	04:23:17			00:00:00
700	1600699094	a	Z006		31.03.2026				C			SCLADMIN	31.03.2026	04:23:17			00:00:00
700	1600699095	a	Z006		28.03.2026				C			SCLADMIN	31.03.2026	04:23:18			00:00:00
700	1600699096	a	Z006		29.03.2026				C			SCLADMIN	31.03.2026	04:26:33			00:00:00
700	1600699097	a	Z006		29.03.2026				C			SCLADMIN	31.03.2026	04:29:50			00:00:00
700	1600699098	a	Z006		30.03.2026				C			SCLADMIN	31.03.2026	04:29:50			00:00:00
700	1600699099	a	Z006		30.03.2026				C			SCLADMIN	31.03.2026	04:33:07			00:00:00
700	1600699101	a	Z006		28.03.2026				C			SCLADMIN	31.03.2026	04:33:08			00:00:00
700	1600699102	a	Z006		29.03.2026				C			SCLADMIN	31.03.2026	04:33:09			00:00:00
700	1600699103	a	Z006		30.03.2026				C			SCLADMIN	31.03.2026	04:33:10			00:00:00
700	1600699104	a	Z006		30.03.2026				C			SCLADMIN	31.03.2026	04:35:02			00:00:00
700	1600699106	a	Z006		30.03.2026				C			SCLADMIN	31.03.2026	04:36:41			00:00:00
700	1600699107	a	Z006		29.03.2026				C			SCLADMIN	31.03.2026	04:39:55			00:00:00
700	1600699108	a	Z006		30.03.2026				C			SCLADMIN	31.03.2026	04:39:57			00:00:00
700	1600699109	a	Z006		31.03.2026				C			SCLADMIN	31.03.2026	04:39:59			00:00:00
700	1600699110	a	Z006		29.03.2026				C			SCLADMIN	31.03.2026	04:40:00			00:00:00
700	1600699111	a	Z006		30.03.2026				C			SCLADMIN	31.03.2026	04:42:37			00:00:00
700	1600699112	a	Z006		31.03.2026				C			SCLADMIN	31.03.2026	04:43:12			00:00:00
700	1600699113	a	Z006		30.03.2026				C			SCLADMIN	31.03.2026	04:43:13			00:00:00
700	1600699114	a	Z006		27.03.2026				C			SCLADMIN	31.03.2026	04:43:14			00:00:00
700	1600699115	a	Z006		29.03.2026				C			SCLADMIN	31.03.2026	04:43:15			00:00:00
700	1600699116	a	Z006		29.03.2026				C			SCLADMIN	31.03.2026	04:43:16			00:00:00
700	1600699117	a	Z006		31.03.2026				C			SCLADMIN	31.03.2026	04:46:37			00:00:00
700	1600699118	a	Z006		30.03.2026				C			SCLADMIN	31.03.2026	04:46:37			00:00:00
700	1600699119	a	Z006		26.03.2026				C			SCLADMIN	31.03.2026	04:46:38			00:00:00
700	1600699120	a	Z006		29.03.2026				C			SCLADMIN	31.03.2026	04:50:03			00:00:00
700	1600699121	a	Z006		28.03.2026				C			SCLADMIN	31.03.2026	04:53:29			00:00:00
700	1600699122	a	Z006		28.03.2026				C			SCLADMIN	31.03.2026	04:53:31			00:00:00
700	1600699123	a	Z006		31.03.2026				C			SCLADMIN	31.03.2026	04:53:32			00:00:00
700	1600699124	a	Z006		29.03.2026				C			SCLADMIN	31.03.2026	04:53:35			00:00:00
700	1600699125	a	Z006		31.03.2026				C			SCLADMIN	31.03.2026	04:56:53			00:00:00
700	1600699126	a	Z006		30.03.2026				C			SCLADMIN	31.03.2026	04:56:53			00:00:00
700	1600699128	a	Z006		29.03.2026				C			SCLADMIN	31.03.2026	05:00:14			00:00:00
700	1600699129	a	Z006		31.03.2026				C			SCLADMIN	31.03.2026	05:03:37			00:00:00
700	1600699130	a	Z006		31.03.2026				C			SCLADMIN	31.03.2026	05:03:39			00:00:00
700	1600699131	a	Z006		31.03.2026				C			SCLADMIN	31.03.2026	05:07:02			00:00:00
700	1600699132	a	Z006		30.03.2026				C			SCLADMIN	31.03.2026	05:07:02			00:00:00
700	1600699133	a	Z006		28.03.2026				C			SCLADMIN	31.03.2026	05:07:04			00:00:00
700	1600699134	a	Z006		29.03.2026				C			SCLADMIN	31.03.2026	05:09:07			00:00:00
700	1600699135	a	Z006		27.03.2026				C			SCLADMIN	31.03.2026	05:10:27			00:00:00
700	1600699136	a	Z006		30.03.2026				C			SCLADMIN	31.03.2026	05:10:28			00:00:00
700	1600699137	a	Z006		28.03.2026				C			SCLADMIN	31.03.2026	05:10:29			00:00:00
700	1600699138	a	Z006		29.03.2026				C			SCLADMIN	31.03.2026	05:10:29			00:00:00
700	1600699139	a	Z006		24.03.2026				C			SCLADMIN	31.03.2026	05:13:52			00:00:00
700	1600699140	a	Z006		27.03.2026				C			SCLADMIN	31.03.2026	05:13:52			00:00:00
700	1600699141	a	Z006		24.03.2026				C			SCLADMIN	31.03.2026	05:13:53			00:00:00
700	1600699142	a	Z006		30.03.2026				C			SCLADMIN	31.03.2026	05:13:57			00:00:00
700	1600699143	a	Z006		29.03.2026				C			SCLADMIN	31.03.2026	05:15:02			00:00:00
700	1600699144	a	Z006		31.03.2026				C			SCLADMIN	31.03.2026	05:17:12			00:00:00
700	1600699145	a	Z006		30.03.2026				C			SCLADMIN	31.03.2026	05:17:13			00:00:00
700	1600699146	a	Z006		30.03.2026				C			SCLADMIN	31.03.2026	05:20:47			00:00:00
700	1600699147	a	Z006		30.03.2026				C			SCLADMIN	31.03.2026	05:20:48			00:00:00
700	1600699148	a	Z006		31.03.2026				C			SCLADMIN	31.03.2026	05:20:49			00:00:00
700	1600699149	a	Z006		30.03.2026				C			SCLADMIN	31.03.2026	05:20:51			00:00:00
700	1600699150	a	Z006		28.03.2026				C			SCLADMIN	31.03.2026	05:20:55			00:00:00
700	1600699151	a	Z006		29.03.2026				C			SCLADMIN	31.03.2026	05:24:02			00:00:00
700	1600699152	a	Z006		31.03.2026				C			SCLADMIN	31.03.2026	05:24:03			00:00:00
700	1600699153	a	Z006		30.03.2026				C			SCLADMIN	31.03.2026	05:24:03			00:00:00
700	1600699154	a	Z006		29.03.2026				C			SCLADMIN	31.03.2026	05:30:37			00:00:00
700	1600699155	a	Z006		31.03.2026				C			SCLADMIN	31.03.2026	05:30:37			00:00:00
700	1600699156	a	Z006		30.03.2026				C			SCLADMIN	31.03.2026	05:30:37			00:00:00
700	1600699157	a	Z006		28.03.2026				C			SCLADMIN	31.03.2026	05:30:38			00:00:00
700	1600699158	a	Z006		30.03.2026				C			SCLADMIN	31.03.2026	05:30:39			00:00:00
700	1600699159	a	Z006		30.03.2026				C			SCLADMIN	31.03.2026	05:31:17			00:00:00
700	1600699160	a	Z006		31.03.2026				C			SCLADMIN	31.03.2026	05:33:52			00:00:00
700	1600699161	a	Z006		30.03.2026				C			SCLADMIN	31.03.2026	05:33:53			00:00:00
700	1600699162	a	Z006		29.03.2026				C			SCLADMIN	31.03.2026	05:33:54			00:00:00
700	1600699163	a	Z006		27.03.2026				C			SCLADMIN	31.03.2026	05:33:54			00:00:00
700	1600699164	a	Z006		30.03.2026				C			SCLADMIN	31.03.2026	05:37:07			00:00:00
700	1600699165	a	Z006		28.03.2026				C			SCLADMIN	31.03.2026	05:37:08			00:00:00
700	1600699166	a	Z006		29.03.2026				C			SCLADMIN	31.03.2026	05:37:09			00:00:00
700	1600699167	a	Z006		29.03.2026				C			SCLADMIN	31.03.2026	05:37:09			00:00:00
700	1600699168	a	Z006		30.03.2026				C			SCLADMIN	31.03.2026	05:40:32			00:00:00
700	1600699169	a	Z006		29.03.2026				C			SCLADMIN	31.03.2026	05:40:33			00:00:00
700	1600699170	a	Z006		28.03.2026				C			SCLADMIN	31.03.2026	05:41:06			00:00:00
700	1600699171	a	Z006		30.03.2026				C			SCLADMIN	31.03.2026	05:43:52			00:00:00
700	1600699172	a	Z006		30.03.2026				C			SCLADMIN	31.03.2026	05:43:54			00:00:00
700	1600699173	a	Z006		29.03.2026				C			SCLADMIN	31.03.2026	05:43:55			00:00:00
700	1600699174	a	Z006		30.03.2026				C			SCLADMIN	31.03.2026	05:44:17			00:00:00
700	1600699175	a	Z006		30.03.2026				C			SCLADMIN	31.03.2026	05:45:32			00:00:00
700	1600699176	a	Z006		30.03.2026				C			SCLADMIN	31.03.2026	05:46:37			00:00:00
700	1600699177	a	Z006		28.03.2026				C			SCLADMIN	31.03.2026	05:47:23			00:00:00
700	1600699178	a	Z006		29.03.2026				C			SCLADMIN	31.03.2026	05:47:25			00:00:00
700	1600699179	a	Z006		30.03.2026				C			SCLADMIN	31.03.2026	05:47:27			00:00:00
700	1600699180	a	Z006		29.03.2026				C			SCLADMIN	31.03.2026	05:47:28			00:00:00
700	1600699181	a	Z006		31.03.2026				C			SCLADMIN	31.03.2026	05:47:28			00:00:00
700	1600699182	a	Z006		30.03.2026				C			SCLADMIN	31.03.2026	05:47:29			00:00:00
700	1600699183	a	Z006		25.03.2026				C			SCLADMIN	31.03.2026	05:50:52			00:00:00
700	1600699184	a	Z006		30.03.2026				C			SCLADMIN	31.03.2026	05:50:52			00:00:00
700	1600699186	a	Z006		31.03.2026				C			SCLADMIN	31.03.2026	05:54:17			00:00:00
700	1600699187	a	Z006		31.03.2026				C			SCLADMIN	31.03.2026	05:54:18			00:00:00
700	1600699188	a	Z006		29.03.2026				C			SCLADMIN	31.03.2026	05:54:19			00:00:00
700	1600699189	a	Z006		29.03.2026				C			SCLADMIN	31.03.2026	05:56:32			00:00:00
700	1600699190	a	Z006		30.03.2026				C			SCLADMIN	31.03.2026	05:57:39			00:00:00
700	1600699191	a	Z006		30.03.2026				C			SCLADMIN	31.03.2026	06:01:08			00:00:00
700	1600699192	a	Z006		27.03.2026				C			SCLADMIN	31.03.2026	06:04:37			00:00:00
700	1600699193	a	Z006		30.03.2026				C			SCLADMIN	31.03.2026	06:04:38			00:00:00
700	1600699194	a	Z006		31.03.2026				C			SCLADMIN	31.03.2026	06:04:38			00:00:00
700	1600699195	a	Z006		31.03.2026				C			SCLADMIN	31.03.2026	06:04:38			00:00:00
700	1600699196	a	Z006		27.03.2026				C			SCLADMIN	31.03.2026	06:04:39			00:00:00
700	1600699197	a	Z006		30.03.2026				C			SCLADMIN	31.03.2026	06:11:22			00:00:00
700	1600699198	a	Z006		30.03.2026				C			SCLADMIN	31.03.2026	06:11:23			00:00:00
700	1600699199	a	Z006		31.03.2026				C			SCLADMIN	31.03.2026	06:11:23			00:00:00
700	1600699200	a	Z006		30.03.2026				C			SCLADMIN	31.03.2026	06:11:25			00:00:00
700	1600699201	a	Z006		31.03.2026				C			SCLADMIN	31.03.2026	06:11:25			00:00:00
700	1600699202	a	Z006		31.03.2026				C			SCLADMIN	31.03.2026	06:13:02			00:00:00
700	1600699203	a	Z006		30.03.2026				C			SCLADMIN	31.03.2026	06:14:43			00:00:00
700	1600699204	a	Z006		28.03.2026				C			SCLADMIN	31.03.2026	06:15:02			00:00:00
700	1600699205	a	Z006		31.03.2026				C			SCLADMIN	31.03.2026	06:18:12			00:00:00
700	1600699206	a	Z006		29.03.2026				C			SCLADMIN	31.03.2026	06:18:13			00:00:00
700	1600699207	a	Z006		30.03.2026				C			SCLADMIN	31.03.2026	06:19:38			00:00:00
700	1600699208	a	Z006		30.03.2026				C			SCLADMIN	31.03.2026	06:21:38			00:00:00
700	1600699209	a	Z006		30.03.2026				C			SCLADMIN	31.03.2026	06:23:48			00:00:00
700	1600699210	a	Z006		31.03.2026				C			SCLADMIN	31.03.2026	06:25:07			00:00:00
700	1600699211	a	Z006		31.03.2026				C			SCLADMIN	31.03.2026	06:25:08			00:00:00
700	1600699212	a	Z006		30.03.2026				C			SCLADMIN	31.03.2026	06:28:27			00:00:00
700	1600699213	a	Z006		30.03.2026				C			SCLADMIN	31.03.2026	06:28:28			00:00:00
700	1600699214	a	Z006		30.03.2026				C			SCLADMIN	31.03.2026	06:30:38			00:00:00
700	1600699215	a	Z006		30.03.2026				C			SCLADMIN	31.03.2026	06:31:57			00:00:00
700	1600699216	a	Z006		31.03.2026				C			SCLADMIN	31.03.2026	06:35:27			00:00:00
700	1600699217	a	Z006		27.03.2026				C			SCLADMIN	31.03.2026	06:35:28			00:00:00
700	1600699218	a	Z006		29.03.2026				C			SCLADMIN	31.03.2026	06:35:29			00:00:00
700	1600699219	a	Z006		30.03.2026				C			SCLADMIN	31.03.2026	06:35:29			00:00:00
700	1600699220	a	Z006		31.03.2026				C			SCLADMIN	31.03.2026	06:38:57			00:00:00
700	1600699221	a	Z006		27.03.2026				C			SCLADMIN	31.03.2026	06:38:57			00:00:00
700	1600699222	a	Z006		29.03.2026				C			SCLADMIN	31.03.2026	06:41:07			00:00:00
700	1600699223	a	Z006		29.03.2026				C			SCLADMIN	31.03.2026	06:41:47			00:00:00
700	1600699224	a	Z006		30.03.2026				C			SCLADMIN	31.03.2026	06:42:17			00:00:00
700	1600699225	a	Z006		30.03.2026				C			SCLADMIN	31.03.2026	06:42:18			00:00:00
700	1600699226	a	Z006		29.03.2026				C			SCLADMIN	31.03.2026	06:42:18			00:00:00
700	1600699227	a	Z006		30.03.2026				C			SCLADMIN	31.03.2026	06:45:37			00:00:00
700	1600699228	a	Z006		30.03.2026				C			SCLADMIN	31.03.2026	06:45:40			00:00:00
700	1600699229	a	Z006		31.03.2026				C			SCLADMIN	31.03.2026	06:48:57			00:00:00
700	1600699230	a	Z006		30.03.2026				C			SCLADMIN	31.03.2026	06:48:57			00:00:00
700	1600699231	a	Z006		30.03.2026				C			SCLADMIN	31.03.2026	06:48:57			00:00:00
700	1600699232	a	Z006		30.03.2026				C			SCLADMIN	31.03.2026	06:48:58			00:00:00
700	1600699233	a	Z006		30.03.2026				C			SCLADMIN	31.03.2026	06:49:00			00:00:00
700	1600699234	a	Z006		29.03.2026				C			SCLADMIN	31.03.2026	06:51:42			00:00:00
700	1600699235	a	Z006		30.03.2026				C			SCLADMIN	31.03.2026	06:52:17			00:00:00
700	1600699236	a	Z006		30.03.2026				C			SCLADMIN	31.03.2026	06:55:47			00:00:00
700	1600699237	a	Z006		29.03.2026				C			SCLADMIN	31.03.2026	06:55:48			00:00:00
700	1600699238	a	Z006		30.03.2026				C			SCLADMIN	31.03.2026	06:59:13			00:00:00
700	1600699239	a	Z006		30.03.2026				C			SCLADMIN	31.03.2026	07:01:22			00:00:00
700	1600699240	a	Z006		30.03.2026				C			SCLADMIN	31.03.2026	07:01:27			00:00:00
700	1600699241	a	Z006		27.03.2026				C			SCLADMIN	31.03.2026	07:02:33			00:00:00
700	1600699242	a	Z006		31.03.2026				C			SCLADMIN	31.03.2026	07:02:37			00:00:00
700	1600699243	a	Z006		30.03.2026				C			SCLADMIN	31.03.2026	07:02:39			00:00:00
700	1600699244	a	Z006		29.03.2026				C			SCLADMIN	31.03.2026	07:06:06			00:00:00
700	1600699245	a	Z006		29.03.2026				C			SCLADMIN	31.03.2026	07:06:07			00:00:00
700	1600699246	a	Z006		31.03.2026				C			SCLADMIN	31.03.2026	07:09:12			00:00:00
700	1600699247	a	Z006		30.03.2026				C			SCLADMIN	31.03.2026	07:09:14			00:00:00
700	1600699248	a	Z006		31.03.2026				C			SCLADMIN	31.03.2026	07:15:57			00:00:00
700	1600699249	a	Z006		31.03.2026				C			SCLADMIN	31.03.2026	07:19:28			00:00:00
700	1600699250	a	Z006		30.03.2026				C			SCLADMIN	31.03.2026	07:19:41			00:00:00
700	1600699251	a	Z006		31.03.2026				C			SCLADMIN	31.03.2026	07:22:42			00:00:00
700	1600699252	a	Z006		30.03.2026				C			SCLADMIN	31.03.2026	07:22:43			00:00:00
700	1600699253	a	Z006		30.03.2026				C			SCLADMIN	31.03.2026	07:24:42			00:00:00
700	1600699254	a	Z006		27.03.2026				C			SCLADMIN	31.03.2026	07:29:32			00:00:00
700	1600699255	a	Z006		29.03.2026				C			SCLADMIN	31.03.2026	07:29:32			00:00:00
700	1600699256	a	Z006		29.03.2026				C			SCLADMIN	31.03.2026	07:31:07			00:00:00
700	1600699257	a	Z006		29.03.2026				C			SCLADMIN	31.03.2026	07:31:42			00:00:00
700	1600699258	a	Z006		30.03.2026				C			SCLADMIN	31.03.2026	07:32:57			00:00:00
700	1600699259	a	Z006		29.03.2026				C			SCLADMIN	31.03.2026	07:32:57			00:00:00
700	1600699260	a	Z006		30.03.2026				C			SCLADMIN	31.03.2026	07:32:59			00:00:00
700	1600699261	a	Z006		30.03.2026				C			SCLADMIN	31.03.2026	07:36:43			00:00:00
700	1600699262	a	Z006		30.03.2026				C			SCLADMIN	31.03.2026	07:36:43			00:00:00
700	1600699263	a	Z006		28.03.2026				C			SCLADMIN	31.03.2026	07:36:44			00:00:00
700	1600699264	a	Z006		26.03.2026				C			SCLADMIN	31.03.2026	07:37:22			00:00:00
700	1600699265	a	Z006		30.03.2026				C			SCLADMIN	31.03.2026	07:43:38			00:00:00
700	1600699266	a	Z006		26.03.2026				C			SCLADMIN	31.03.2026	07:43:38			00:00:00
700	1600699267	a	Z006		27.03.2026				C			SCLADMIN	31.03.2026	07:43:39			00:00:00
700	1600699268	a	Z006		30.03.2026				C			SCLADMIN	31.03.2026	07:45:42			00:00:00
700	1600699269	a	Z006		29.03.2026				C			SCLADMIN	31.03.2026	07:46:02			00:00:00
700	1600699270	a	Z006		30.03.2026				C			SCLADMIN	31.03.2026	07:46:52			00:00:00
700	1600699271	a	Z006		31.03.2026				C			SCLADMIN	31.03.2026	07:46:52			00:00:00
700	1600699272	a	Z006		30.03.2026				C			SCLADMIN	31.03.2026	07:46:52			00:00:00
700	1600699273	a	Z006		30.03.2026				C			SCLADMIN	31.03.2026	07:47:17			00:00:00
700	1600699274	a	Z006		30.03.2026				C			SCLADMIN	31.03.2026	07:53:47			00:00:00
700	1600699275	a	Z006		31.03.2026				C			SCLADMIN	31.03.2026	07:53:49			00:00:00
700	1600699276	a	Z006		31.03.2026				C			SCLADMIN	31.03.2026	07:57:02			00:00:00
700	1600699277	a	Z006		29.03.2026				C			SCLADMIN	31.03.2026	07:57:03			00:00:00
700	1600699278	a	Z006		29.03.2026				C			SCLADMIN	31.03.2026	07:57:04			00:00:00
700	1600699279	a	Z006		30.03.2026				C			SCLADMIN	31.03.2026	07:57:05			00:00:00
700	1600699280	a	Z006		29.03.2026				C			SCLADMIN	31.03.2026	07:57:06			00:00:00
700	1600699281	a	Z006		31.03.2026				C			SCLADMIN	31.03.2026	08:00:37			00:00:00
700	1600699282	a	Z006		30.03.2026				C			SCLADMIN	31.03.2026	08:00:37			00:00:00
700	1600699283	a	Z006		30.03.2026				C			SCLADMIN	31.03.2026	08:00:39			00:00:00
700	1600699284	a	Z006		30.03.2026				C			SCLADMIN	31.03.2026	08:02:27			00:00:00
700	1600699285	a	Z006		31.03.2026				C			SCLADMIN	31.03.2026	08:04:07			00:00:00
700	1600699286	a	Z006		29.03.2026				C			SCLADMIN	31.03.2026	08:04:08			00:00:00
700	1600699287	a	Z006		30.03.2026				C			SCLADMIN	31.03.2026	08:04:08			00:00:00
700	1600699288	a	Z006		31.03.2026				C			SCLADMIN	31.03.2026	08:07:27			00:00:00
700	1600699289	a	Z006		31.03.2026				C			SCLADMIN	31.03.2026	08:07:29			00:00:00
700	1600699290	a	Z006		30.03.2026				C			SCLADMIN	31.03.2026	08:07:29			00:00:00
700	1600699291	a	Z006		29.03.2026				C			SCLADMIN	31.03.2026	08:10:43			00:00:00
700	1600699292	a	Z006		30.03.2026				C			SCLADMIN	31.03.2026	08:10:43			00:00:00
700	1600699293	a	Z006		30.03.2026				C			SCLADMIN	31.03.2026	08:11:22			00:00:00
700	1600699294	a	Z006		30.03.2026				C			SCLADMIN	31.03.2026	08:14:07			00:00:00
700	1600699295	a	Z006		30.03.2026				C			SCLADMIN	31.03.2026	08:14:07			00:00:00
700	1600699296	a	Z006		31.03.2026				C			SCLADMIN	31.03.2026	08:14:07			00:00:00
700	1600699297	a	Z006		30.03.2026				C			SCLADMIN	31.03.2026	08:14:09			00:00:00
700	1600699298	a	Z006		30.03.2026				C			SCLADMIN	31.03.2026	08:17:17			00:00:00
700	1600699299	a	Z006		31.03.2026				C			SCLADMIN	31.03.2026	08:17:17			00:00:00
700	1600699300	a	Z006		30.03.2026				C			SCLADMIN	31.03.2026	08:20:37			00:00:00
700	1600699301	a	Z006		30.03.2026				C			SCLADMIN	31.03.2026	08:23:57			00:00:00
700	1600699302	a	Z006		30.03.2026				C			SCLADMIN	31.03.2026	08:23:59			00:00:00
700	1600699303	a	Z006		30.03.2026				C			SCLADMIN	31.03.2026	08:24:01			00:00:00
700	1600699304	a	Z006		29.03.2026				C			SCLADMIN	31.03.2026	08:24:33			00:00:00
700	1600699305	a	Z006		29.03.2026				C			SCLADMIN	31.03.2026	08:27:22			00:00:00
700	1600699306	a	Z006		31.03.2026				C			SCLADMIN	31.03.2026	08:27:23			00:00:00
700	1600699307	a	Z006		30.03.2026				C			SCLADMIN	31.03.2026	08:33:52			00:00:00
700	1600699308	a	Z006		30.03.2026				C			SCLADMIN	31.03.2026	08:36:52			00:00:00
700	1600699309	a	Z006		30.03.2026				C			SCLADMIN	31.03.2026	08:36:53			00:00:00
700	1600699310	a	Z006		30.03.2026				C			SCLADMIN	31.03.2026	08:36:55			00:00:00
700	1600699311	a	Z006		31.03.2026				C			SCLADMIN	31.03.2026	08:36:55			00:00:00
700	1600699312	a	Z006		31.03.2026				C			SCLADMIN	31.03.2026	08:40:22			00:00:00
700	1600699313	a	Z006		31.03.2026				C			SCLADMIN	31.03.2026	08:40:24			00:00:00
700	1600699314	a	Z006		30.03.2026				C			SCLADMIN	31.03.2026	08:43:32			00:00:00
700	1600699315	a	Z006		29.03.2026				C			SCLADMIN	31.03.2026	08:43:32			00:00:00
700	1600699316	a	Z006		30.03.2026				C			SCLADMIN	31.03.2026	08:46:53			00:00:00
700	1600699317	a	Z006		29.03.2026				C			SCLADMIN	31.03.2026	08:46:55			00:00:00
700	1600699318	a	Z006		28.03.2026				C			SCLADMIN	31.03.2026	08:48:57			00:00:00
700	1600699319	a	Z006		30.03.2026				C			SCLADMIN	31.03.2026	08:50:18			00:00:00
700	1600699320	a	Z006		30.03.2026				C			SCLADMIN	31.03.2026	08:50:18			00:00:00
700	1600699321	a	Z006		30.03.2026				C			SCLADMIN	31.03.2026	08:50:19			00:00:00
700	1600699322	a	Z006		31.03.2026				C			SCLADMIN	31.03.2026	09:00:12			00:00:00
700	1600699323	a	Z006		31.03.2026				C			SCLADMIN	31.03.2026	09:00:12			00:00:00
700	1600699324	a	Z006		31.03.2026				C			SCLADMIN	31.03.2026	09:00:12			00:00:00
700	1600699325	a	Z006		27.03.2026				C			SCLADMIN	31.03.2026	09:03:38			00:00:00
700	1600699326	a	Z006		30.03.2026				C			SCLADMIN	31.03.2026	09:07:08			00:00:00
700	1600699327	a	Z006		28.03.2026				C			SCLADMIN	31.03.2026	09:07:08			00:00:00
700	1600699329	a	Z006		31.03.2026				C			SCLADMIN	31.03.2026	09:10:39			00:00:00
700	1600699330	a	Z006		28.03.2026				C			SCLADMIN	31.03.2026	09:13:47			00:00:00
700	1600699331	a	Z006		30.03.2026				C			SCLADMIN	31.03.2026	09:13:47			00:00:00
700	1600699332	a	Z006		30.03.2026				C			SCLADMIN	31.03.2026	09:13:47			00:00:00
700	1600699333	a	Z006		31.03.2026				C			SCLADMIN	31.03.2026	09:13:51			00:00:00
700	1600699334	a	Z006		31.03.2026				C			SCLADMIN	31.03.2026	09:17:07			00:00:00
700	1600699335	a	Z006		31.03.2026				C			SCLADMIN	31.03.2026	09:17:07			00:00:00
700	1800004728	a	Z008		30.03.2026				C			SCLADMIN	31.03.2026	02:43:08			00:00:00
700	1900073370	a	Y001		30.03.2026				C			SCLADMIN	31.03.2026	00:36:23			00:00:00
700	1900073381	a	Y001		30.03.2026				C			SCLADMIN	31.03.2026	00:53:13			00:00:00
700	1900073382	a	Y001		28.03.2026				C			SCLADMIN	31.03.2026	04:02:42			00:00:00
700	1900073383	a	Y001		30.03.2026				C			SCLADMIN	31.03.2026	06:46:17			00:00:00
700	1900073384	a	Y001		30.03.2026				C			SCLADMIN	31.03.2026	06:53:53			00:00:00
700	1900073385	a	Y001		30.03.2026				C			SCLADMIN	31.03.2026	07:07:08			00:00:00
700	1900073386	a	Y001		30.03.2026				C			SCLADMIN	31.03.2026	07:18:29			00:00:00
700	1900073387	a	Y001		30.03.2026				C			SCLADMIN	31.03.2026	07:31:09			00:00:00
700	1900073388	a	Y001		30.03.2026				C			SCLADMIN	31.03.2026	07:35:38			00:00:00
700	1900073389	a	Y001		30.03.2026				C			SCLADMIN	31.03.2026	07:37:26			00:00:00
700	1900073390	a	Y001		30.03.2026				C			SCLADMIN	31.03.2026	08:19:18			00:00:00
700	1900073391	a	Y001		30.03.2026				C			SCLADMIN	31.03.2026	08:41:28			00:00:00
700	1900073392	a	Y001		30.03.2026				C			SCLADMIN	31.03.2026	08:50:18			00:00:00
700	1900073393	a	Y001		30.03.2026				C			SCLADMIN	31.03.2026	09:16:48			00:00:00
700	2101557800	a	Y003		31.03.2026				C			SCLADMIN	31.03.2026	01:19:28			00:00:00
700	2101557904	a	Y003		31.03.2026				C			SCLADMIN	31.03.2026	05:39:40			00:00:00
700	2101557905	a	Y003		31.03.2026				C			SCLADMIN	31.03.2026	07:25:27			00:00:00
700	2101558001	a	Y003		31.03.2026				C			SCLADMIN	31.03.2026	00:01:55			00:00:00
700	2101558002	a	Y003		31.03.2026				C			SCLADMIN	31.03.2026	00:01:59			00:00:00
700	2101558003	a	Y003		31.03.2026				C			SCLADMIN	31.03.2026	00:04:19			00:00:00
700	2101558004	a	Y003		31.03.2026				C			SCLADMIN	31.03.2026	00:04:33			00:00:00
700	2101558005	a	Y003		31.03.2026				C			SCLADMIN	31.03.2026	00:05:15			00:00:00
700	2101558006	a	Y003		31.03.2026				C			SCLADMIN	31.03.2026	00:05:29			00:00:00
700	2101558007	a	Y003		31.03.2026				C			SCLADMIN	31.03.2026	00:06:24			00:00:00
700	2101558008	a	Y003		31.03.2026				C			SCLADMIN	31.03.2026	00:06:59			00:00:00
700	2101558009	a	Y003		31.03.2026				C			SCLADMIN	31.03.2026	00:08:38			00:00:00
700	2101558010	a	Y003		31.03.2026				C			SCLADMIN	31.03.2026	00:09:08			00:00:00
700	2101558011	a	Y003		31.03.2026				C			SCLADMIN	31.03.2026	00:09:48			00:00:00
700	2101558012	a	Y003		31.03.2026				C			SCLADMIN	31.03.2026	00:09:53			00:00:00
700	2101558013	a	Y003		31.03.2026				C			SCLADMIN	31.03.2026	00:10:24			00:00:00
700	2101558014	a	Y003		31.03.2026				C			SCLADMIN	31.03.2026	00:10:39			00:00:00
700	2101558015	a	Y003		31.03.2026				C			SCLADMIN	31.03.2026	00:11:14			00:00:00
700	2101558016	a	Y003		31.03.2026				C			SCLADMIN	31.03.2026	00:11:48			00:00:00
700	2101558017	a	Y003		31.03.2026				C			SCLADMIN	31.03.2026	00:13:03			00:00:00
700	2101558018	a	Y003		31.03.2026				C			SCLADMIN	31.03.2026	00:13:33			00:00:00
700	2101558019	a	Y003		31.03.2026				C			SCLADMIN	31.03.2026	00:13:40			00:00:00
700	2101558020	a	Y003		31.03.2026				C			SCLADMIN	31.03.2026	00:14:17			00:00:00
700	2101558021	a	Y003		31.03.2026				C			SCLADMIN	31.03.2026	00:14:18			00:00:00
700	2101558022	a	Y003		31.03.2026				C			SCLADMIN	31.03.2026	00:15:05			00:00:00
700	2101558023	a	Y003		31.03.2026				C			SCLADMIN	31.03.2026	00:16:35			00:00:00
700	2101558024	a	Y003		31.03.2026				C			SCLADMIN	31.03.2026	00:16:44			00:00:00
700	2101558025	a	Y003		31.03.2026				C			SCLADMIN	31.03.2026	00:17:03			00:00:00
700	2101558026	a	Y003		31.03.2026				C			SCLADMIN	31.03.2026	00:17:29			00:00:00
700	2101558027	a	Y003		31.03.2026				C			SCLADMIN	31.03.2026	00:17:58			00:00:00
700	2101558028	a	Y003		31.03.2026				C			SCLADMIN	31.03.2026	00:18:13			00:00:00
700	2101558029	a	Y003		31.03.2026				C			SCLADMIN	31.03.2026	00:18:53			00:00:00
700	2101558030	a	Y003		31.03.2026				C			SCLADMIN	31.03.2026	00:19:33			00:00:00
700	2101558031	a	Y003		31.03.2026				C			SCLADMIN	31.03.2026	00:19:39			00:00:00
700	2101558032	a	Y003		31.03.2026				C			SCLADMIN	31.03.2026	00:20:22			00:00:00
700	2101558033	a	Y003		31.03.2026				C			SCLADMIN	31.03.2026	00:20:55			00:00:00
700	2101558034	a	Y003		31.03.2026				C			SCLADMIN	31.03.2026	00:21:28			00:00:00
700	2101558035	a	Y003		31.03.2026				C			SCLADMIN	31.03.2026	00:24:09			00:00:00
700	2101558036	a	Y003		31.03.2026				C			SCLADMIN	31.03.2026	00:25:54			00:00:00
700	2101558037	a	Y003		31.03.2026				C			SCLADMIN	31.03.2026	00:26:02			00:00:00
700	2101558038	a	Y003		31.03.2026				C			SCLADMIN	31.03.2026	00:26:28			00:00:00
700	2101558039	a	Y003		31.03.2026				C			SCLADMIN	31.03.2026	00:27:19			00:00:00
700	2101558040	a	Y003		31.03.2026				C			SCLADMIN	31.03.2026	00:29:55			00:00:00
700	2101558041	a	Y003		31.03.2026				C			SCLADMIN	31.03.2026	00:30:55			00:00:00
700	2101558042	a	Y003		31.03.2026				C			SCLADMIN	31.03.2026	00:31:58			00:00:00
700	2101558043	a	Y003		31.03.2026				C			SCLADMIN	31.03.2026	00:33:04			00:00:00
700	2101558044	a	Y003		31.03.2026				C			SCLADMIN	31.03.2026	00:33:44			00:00:00
700	2101558045	a	Y003		31.03.2026				C			SCLADMIN	31.03.2026	00:36:34			00:00:00
700	2101558046	a	Y003		31.03.2026				C			SCLADMIN	31.03.2026	00:38:21			00:00:00
700	2101558047	a	Y003		31.03.2026				C			SCLADMIN	31.03.2026	00:38:30			00:00:00
700	2101558048	a	Y003		31.03.2026				C			SCLADMIN	31.03.2026	00:38:34			00:00:00
700	2101558049	a	Y003		31.03.2026				C			SCLADMIN	31.03.2026	00:38:59			00:00:00
700	2101558050	a	Y003		31.03.2026				C			SCLADMIN	31.03.2026	00:42:33			00:00:00
700	2101558051	a	Y003		31.03.2026				C			SCLADMIN	31.03.2026	00:43:24			00:00:00
700	2101558052	a	Y003		31.03.2026				C			SCLADMIN	31.03.2026	00:43:29			00:00:00
700	2101558053	a	Y003		31.03.2026				C			SCLADMIN	31.03.2026	00:45:02			00:00:00
700	2101558054	a	Y003		31.03.2026				C			SCLADMIN	31.03.2026	00:45:08			00:00:00
700	2101558055	a	Y003		31.03.2026				C			SCLADMIN	31.03.2026	00:49:46			00:00:00
700	2101558056	a	Y003		31.03.2026				C			SCLADMIN	31.03.2026	00:53:09			00:00:00
700	2101558057	a	Y003		31.03.2026				C			SCLADMIN	31.03.2026	00:53:33			00:00:00
700	2101558058	a	Y003		31.03.2026				C			SCLADMIN	31.03.2026	00:54:46			00:00:00
700	2101558059	a	Y003		31.03.2026				C			SCLADMIN	31.03.2026	00:54:59			00:00:00
700	2101558060	a	Y003		31.03.2026				C			SCLADMIN	31.03.2026	00:55:14			00:00:00
700	2101558061	a	Y003		31.03.2026				C			SCLADMIN	31.03.2026	00:57:13			00:00:00
700	2101558062	a	Y003		31.03.2026				C			SCLADMIN	31.03.2026	00:58:43			00:00:00
700	2101558063	a	Y003		31.03.2026				C			SCLADMIN	31.03.2026	00:58:59			00:00:00
700	2101558064	a	Y003		31.03.2026				C			SCLADMIN	31.03.2026	01:00:43			00:00:00
700	2101558065	a	Y003		31.03.2026				C			SCLADMIN	31.03.2026	01:03:33			00:00:00
700	2101558066	a	Y003		31.03.2026				C			SCLADMIN	31.03.2026	01:03:35			00:00:00
700	2101558067	a	Y003		31.03.2026				C			SCLADMIN	31.03.2026	01:04:00			00:00:00
700	2101558068	a	Y003		31.03.2026				C			SCLADMIN	31.03.2026	01:05:10			00:00:00
700	2101558069	a	Y003		31.03.2026				C			SCLADMIN	31.03.2026	01:05:53			00:00:00
700	2101558070	a	Y003		31.03.2026				C			SCLADMIN	31.03.2026	01:05:54			00:00:00
700	2101558071	a	Y003		31.03.2026				C			SCLADMIN	31.03.2026	00:59:05			00:00:00
700	2101558072	a	Y003		31.03.2026				C			SCLADMIN	31.03.2026	01:19:41			00:00:00
700	2101558073	a	Y003		31.03.2026				C			SCLADMIN	31.03.2026	02:34:17			00:00:00
700	2101558074	a	Y003		31.03.2026				C			SCLADMIN	31.03.2026	07:56:50			00:00:00
700	2101558075	a	Y003		31.03.2026				C			SCLADMIN	31.03.2026	08:35:16			00:00:00
700	2101558081	a	Y003		31.03.2026				C			SCLADMIN	31.03.2026	01:06:45			00:00:00
700	2101558082	a	Y003		31.03.2026				C			SCLADMIN	31.03.2026	01:07:55			00:00:00
700	2101558083	a	Y003		31.03.2026				C			SCLADMIN	31.03.2026	01:07:55			00:00:00
700	2101558084	a	Y003		31.03.2026				C			SCLADMIN	31.03.2026	01:07:55			00:00:00
700	2101558085	a	Y003		31.03.2026				C			SCLADMIN	31.03.2026	01:08:03			00:00:00
700	2101558086	a	Y003		31.03.2026				C			SCLADMIN	31.03.2026	01:08:08			00:00:00
700	2101558087	a	Y003		31.03.2026				C			SCLADMIN	31.03.2026	01:10:28			00:00:00
700	2101558088	a	Y003		31.03.2026				C			SCLADMIN	31.03.2026	01:10:38			00:00:00
700	2101558089	a	Y003		31.03.2026				C			SCLADMIN	31.03.2026	01:10:38			00:00:00
700	2101558090	a	Y003		31.03.2026				C			SCLADMIN	31.03.2026	01:12:33			00:00:00
700	2101558091	a	Y003		31.03.2026				C			SCLADMIN	31.03.2026	01:13:57			00:00:00
700	2101558092	a	Y003		31.03.2026				C			SCLADMIN	31.03.2026	01:14:38			00:00:00
700	2101558093	a	Y003		31.03.2026				C			SCLADMIN	31.03.2026	01:15:19			00:00:00
700	2101558094	a	Y003		31.03.2026				C			SCLADMIN	31.03.2026	01:16:33			00:00:00
700	2101558095	a	Y003		31.03.2026				C			SCLADMIN	31.03.2026	01:18:43			00:00:00
700	2101558096	a	Y003		31.03.2026				C			SCLADMIN	31.03.2026	01:19:21			00:00:00
700	2101558097	a	Y003		31.03.2026				C			SCLADMIN	31.03.2026	01:19:33			00:00:00
700	2101558098	a	Y003		31.03.2026				C			SCLADMIN	31.03.2026	01:19:36			00:00:00
700	2101558099	a	Y003		31.03.2026				C			SCLADMIN	31.03.2026	01:23:17			00:00:00
700	2101558100	a	Y003		31.03.2026				C			SCLADMIN	31.03.2026	01:23:18			00:00:00
700	2101558101	a	Y003		31.03.2026				C			SCLADMIN	31.03.2026	01:24:19			00:00:00
700	2101558102	a	Y003		31.03.2026				C			SCLADMIN	31.03.2026	01:24:23			00:00:00
700	2101558103	a	Y003		31.03.2026				C			SCLADMIN	31.03.2026	01:25:50			00:00:00
700	2101558104	a	Y003		31.03.2026				C			SCLADMIN	31.03.2026	01:27:05			00:00:00
700	2101558105	a	Y003		31.03.2026				C			SCLADMIN	31.03.2026	01:28:09			00:00:00
700	2101558106	a	Y003		31.03.2026				C			SCLADMIN	31.03.2026	01:30:28			00:00:00
700	2101558107	a	Y003		31.03.2026				C			SCLADMIN	31.03.2026	01:31:10			00:00:00
700	2101558108	a	Y003		31.03.2026				C			SCLADMIN	31.03.2026	01:32:50			00:00:00
700	2101558109	a	Y003		31.03.2026				C			SCLADMIN	31.03.2026	01:32:59			00:00:00
700	2101558110	a	Y003		31.03.2026				C			SCLADMIN	31.03.2026	01:33:18			00:00:00
700	2101558111	a	Y003		31.03.2026				C			SCLADMIN	31.03.2026	01:33:49			00:00:00
700	2101558112	a	Y003		31.03.2026				C			SCLADMIN	31.03.2026	01:34:48			00:00:00
700	2101558113	a	Y003		31.03.2026				C			SCLADMIN	31.03.2026	01:34:55			00:00:00
700	2101558114	a	Y003		31.03.2026				C			SCLADMIN	31.03.2026	01:35:43			00:00:00
700	2101558115	a	Y003		31.03.2026				C			SCLADMIN	31.03.2026	01:37:38			00:00:00
700	2101558116	a	Y003		31.03.2026				C			SCLADMIN	31.03.2026	01:39:58			00:00:00
700	2101558117	a	Y003		31.03.2026				C			SCLADMIN	31.03.2026	01:41:30			00:00:00
700	2101558118	a	Y003		31.03.2026				C			SCLADMIN	31.03.2026	01:41:37			00:00:00
700	2101558119	a	Y003		31.03.2026				C			SCLADMIN	31.03.2026	01:42:04			00:00:00
700	2101558120	a	Y003		31.03.2026				C			SCLADMIN	31.03.2026	01:42:14			00:00:00
700	2101558121	a	Y003		31.03.2026				C			SCLADMIN	31.03.2026	01:42:48			00:00:00
700	2101558122	a	Y003		31.03.2026				C			SCLADMIN	31.03.2026	01:43:05			00:00:00
700	2101558123	a	Y003		31.03.2026				C			SCLADMIN	31.03.2026	01:43:19			00:00:00
700	2101558124	a	Y003		31.03.2026				C			SCLADMIN	31.03.2026	01:43:25			00:00:00
700	2101558125	a	Y003		31.03.2026				C			SCLADMIN	31.03.2026	01:43:43			00:00:00
700	2101558126	a	Y003		31.03.2026				C			SCLADMIN	31.03.2026	01:43:46			00:00:00
700	2101558127	a	Y003		31.03.2026				C			SCLADMIN	31.03.2026	01:45:14			00:00:00
700	2101558128	a	Y003		31.03.2026				C			SCLADMIN	31.03.2026	01:46:16			00:00:00
700	2101558129	a	Y003		31.03.2026				C			SCLADMIN	31.03.2026	01:46:31			00:00:00
700	2101558130	a	Y003		31.03.2026				C			SCLADMIN	31.03.2026	01:46:40			00:00:00
700	2101558131	a	Y003		31.03.2026				C			SCLADMIN	31.03.2026	01:47:16			00:00:00
700	2101558132	a	Y003		31.03.2026				C			SCLADMIN	31.03.2026	01:47:50			00:00:00
700	2101558133	a	Y003		31.03.2026				C			SCLADMIN	31.03.2026	01:47:59			00:00:00
700	2101558134	a	Y003		31.03.2026				C			SCLADMIN	31.03.2026	01:49:27			00:00:00
700	2101558135	a	Y003		31.03.2026				C			SCLADMIN	31.03.2026	01:49:28			00:00:00
700	2101558136	a	Y003		31.03.2026				C			SCLADMIN	31.03.2026	01:51:00			00:00:00
700	2101558137	a	Y003		31.03.2026				C			SCLADMIN	31.03.2026	01:52:19			00:00:00
700	2101558138	a	Y003		31.03.2026				C			SCLADMIN	31.03.2026	01:52:53			00:00:00
700	2101558139	a	Y003		31.03.2026				C			SCLADMIN	31.03.2026	01:53:28			00:00:00
700	2101558140	a	Y003		31.03.2026				C			SCLADMIN	31.03.2026	01:53:33			00:00:00
700	2101558141	a	Y003		31.03.2026				C			SCLADMIN	31.03.2026	01:54:13			00:00:00
700	2101558142	a	Y003		31.03.2026				C			SCLADMIN	31.03.2026	01:54:58			00:00:00
700	2101558143	a	Y003		31.03.2026				C			SCLADMIN	31.03.2026	02:00:01			00:00:00
700	2101558144	a	Y003		31.03.2026				C			SCLADMIN	31.03.2026	02:00:05			00:00:00
700	2101558145	a	Y003		31.03.2026				C			SCLADMIN	31.03.2026	02:01:20			00:00:00
700	2101558146	a	Y003		31.03.2026				C			SCLADMIN	31.03.2026	02:01:44			00:00:00
700	2101558147	a	Y003		31.03.2026				C			SCLADMIN	31.03.2026	02:02:55			00:00:00
700	2101558148	a	Y003		31.03.2026				C			SCLADMIN	31.03.2026	02:03:27			00:00:00
700	2101558149	a	Y003		31.03.2026				C			SCLADMIN	31.03.2026	02:04:15			00:00:00
700	2101558150	a	Y003		31.03.2026				C			SCLADMIN	31.03.2026	02:04:44			00:00:00
700	2101558151	a	Y003		31.03.2026				C			SCLADMIN	31.03.2026	02:07:25			00:00:00
700	2101558152	a	Y003		31.03.2026				C			SCLADMIN	31.03.2026	02:07:36			00:00:00
700	2101558153	a	Y003		31.03.2026				C			SCLADMIN	31.03.2026	02:07:36			00:00:00
700	2101558154	a	Y003		31.03.2026				C			SCLADMIN	31.03.2026	02:07:49			00:00:00
700	2101558155	a	Y003		31.03.2026				C			SCLADMIN	31.03.2026	02:09:05			00:00:00
700	2101558156	a	Y003		31.03.2026				C			SCLADMIN	31.03.2026	02:11:00			00:00:00
700	2101558157	a	Y003		31.03.2026				C			SCLADMIN	31.03.2026	02:12:30			00:00:00
700	2101558158	a	Y003		31.03.2026				C			SCLADMIN	31.03.2026	02:13:15			00:00:00
700	2101558159	a	Y003		31.03.2026				C			SCLADMIN	31.03.2026	02:14:42			00:00:00
700	2101558160	a	Y003		31.03.2026				C			SCLADMIN	31.03.2026	02:14:42			00:00:00
700	2101558161	a	Y003		31.03.2026				C			SCLADMIN	31.03.2026	02:15:48			00:00:00
700	2101558162	a	Y003		31.03.2026				C			SCLADMIN	31.03.2026	02:17:35			00:00:00
700	2101558163	a	Y003		31.03.2026				C			SCLADMIN	31.03.2026	02:18:10			00:00:00
700	2101558164	a	Y003		31.03.2026				C			SCLADMIN	31.03.2026	02:19:35			00:00:00
700	2101558165	a	Y003		31.03.2026				C			SCLADMIN	31.03.2026	02:20:18			00:00:00
700	2101558166	a	Y003		31.03.2026				C			SCLADMIN	31.03.2026	02:22:16			00:00:00
700	2101558167	a	Y003		31.03.2026				C			SCLADMIN	31.03.2026	02:26:11			00:00:00
700	2101558168	a	Y003		31.03.2026				C			SCLADMIN	31.03.2026	02:27:22			00:00:00
700	2101558169	a	Y003		31.03.2026				C			SCLADMIN	31.03.2026	02:27:23			00:00:00
700	2101558170	a	Y003		31.03.2026				C			SCLADMIN	31.03.2026	02:29:29			00:00:00
700	2101558171	a	Y003		31.03.2026				C			SCLADMIN	31.03.2026	02:30:10			00:00:00
700	2101558172	a	Y003		31.03.2026				C			SCLADMIN	31.03.2026	02:30:12			00:00:00
700	2101558173	a	Y003		31.03.2026				C			SCLADMIN	31.03.2026	02:30:12			00:00:00
700	2101558174	a	Y003		31.03.2026				C			SCLADMIN	31.03.2026	02:31:08			00:00:00
700	2101558175	a	Y003		31.03.2026				C			SCLADMIN	31.03.2026	02:32:05			00:00:00
700	2101558176	a	Y003		31.03.2026				C			SCLADMIN	31.03.2026	02:33:08			00:00:00
700	2101558177	a	Y003		31.03.2026				C			SCLADMIN	31.03.2026	02:33:55			00:00:00
700	2101558178	a	Y003		31.03.2026				C			SCLADMIN	31.03.2026	02:33:55			00:00:00
700	2101558179	a	Y003		31.03.2026				C			SCLADMIN	31.03.2026	02:34:12			00:00:00
700	2101558180	a	Y003		31.03.2026				C			SCLADMIN	31.03.2026	02:34:12			00:00:00
700	2101558181	a	Y003		31.03.2026				C			SCLADMIN	31.03.2026	02:37:08			00:00:00
700	2101558182	a	Y003		31.03.2026				C			SCLADMIN	31.03.2026	02:37:24			00:00:00
700	2101558183	a	Y003		31.03.2026				C			SCLADMIN	31.03.2026	02:38:46			00:00:00
700	2101558184	a	Y003		31.03.2026				C			SCLADMIN	31.03.2026	02:38:46			00:00:00
700	2101558185	a	Y003		31.03.2026				C			SCLADMIN	31.03.2026	02:39:45			00:00:00
700	2101558186	a	Y003		31.03.2026				C			SCLADMIN	31.03.2026	02:42:45			00:00:00
700	2101558187	a	Y003		31.03.2026				C			SCLADMIN	31.03.2026	02:45:43			00:00:00
700	2101558188	a	Y003		31.03.2026				C			SCLADMIN	31.03.2026	02:46:46			00:00:00
700	2101558189	a	Y003		31.03.2026				C			SCLADMIN	31.03.2026	02:48:05			00:00:00
700	2101558190	a	Y003		31.03.2026				C			SCLADMIN	31.03.2026	02:49:05			00:00:00
700	2101558191	a	Y003		31.03.2026				C			SCLADMIN	31.03.2026	02:49:53			00:00:00
700	2101558192	a	Y003		31.03.2026				C			SCLADMIN	31.03.2026	02:50:02			00:00:00
700	2101558193	a	Y003		31.03.2026				C			SCLADMIN	31.03.2026	02:51:33			00:00:00
700	2101558194	a	Y003		31.03.2026				C			SCLADMIN	31.03.2026	02:51:58			00:00:00
700	2101558195	a	Y003		31.03.2026				C			SCLADMIN	31.03.2026	02:52:06			00:00:00
700	2101558196	a	Y003		31.03.2026				C			SCLADMIN	31.03.2026	02:54:03			00:00:00
700	2101558197	a	Y003		31.03.2026				C			SCLADMIN	31.03.2026	02:54:25			00:00:00
700	2101558198	a	Y003		31.03.2026				C			SCLADMIN	31.03.2026	02:54:51			00:00:00
700	2101558199	a	Y003		31.03.2026				C			SCLADMIN	31.03.2026	02:54:51			00:00:00
700	2101558201	a	Y003		31.03.2026				C			SCLADMIN	31.03.2026	02:55:05			00:00:00
700	2101558202	a	Y003		31.03.2026				C			SCLADMIN	31.03.2026	02:56:50			00:00:00
700	2101558203	a	Y003		31.03.2026				C			SCLADMIN	31.03.2026	02:57:08			00:00:00
700	2101558204	a	Y003		31.03.2026				C			SCLADMIN	31.03.2026	02:57:21			00:00:00
700	2101558205	a	Y003		31.03.2026				C			SCLADMIN	31.03.2026	02:57:23			00:00:00
700	2101558206	a	Y003		31.03.2026				C			SCLADMIN	31.03.2026	02:57:24			00:00:00
700	2101558207	a	Y003		31.03.2026				C			SCLADMIN	31.03.2026	02:58:11			00:00:00
700	2101558208	a	Y003		31.03.2026				C			SCLADMIN	31.03.2026	02:58:33			00:00:00
700	2101558209	a	Y003		31.03.2026				C			SCLADMIN	31.03.2026	02:58:42			00:00:00
700	2101558210	a	Y003		31.03.2026				C			SCLADMIN	31.03.2026	03:00:55			00:00:00
700	2101558211	a	Y003		31.03.2026				C			SCLADMIN	31.03.2026	03:04:45			00:00:00
700	2101558212	a	Y003		31.03.2026				C			SCLADMIN	31.03.2026	03:04:50			00:00:00
700	2101558213	a	Y003		31.03.2026				C			SCLADMIN	31.03.2026	03:07:38			00:00:00
700	2101558214	a	Y003		31.03.2026				C			SCLADMIN	31.03.2026	03:12:01			00:00:00
700	2101558215	a	Y003		31.03.2026				C			SCLADMIN	31.03.2026	03:12:46			00:00:00
700	2101558216	a	Y003		31.03.2026				C			SCLADMIN	31.03.2026	03:13:05			00:00:00
700	2101558217	a	Y003		31.03.2026				C			SCLADMIN	31.03.2026	03:14:00			00:00:00
700	2101558218	a	Y003		31.03.2026				C			SCLADMIN	31.03.2026	03:14:10			00:00:00
700	2101558219	a	Y003		31.03.2026				C			SCLADMIN	31.03.2026	03:14:28			00:00:00
700	2101558220	a	Y003		31.03.2026				C			SCLADMIN	31.03.2026	03:14:31			00:00:00
700	2101558221	a	Y003		31.03.2026				C			SCLADMIN	31.03.2026	03:16:02			00:00:00
700	2101558222	a	Y003		31.03.2026				C			SCLADMIN	31.03.2026	03:16:02			00:00:00
700	2101558223	a	Y003		31.03.2026				C			SCLADMIN	31.03.2026	03:16:56			00:00:00
700	2101558224	a	Y003		31.03.2026				C			SCLADMIN	31.03.2026	03:18:50			00:00:00
700	2101558225	a	Y003		31.03.2026				C			SCLADMIN	31.03.2026	03:19:13			00:00:00
700	2101558226	a	Y003		31.03.2026				C			SCLADMIN	31.03.2026	03:19:23			00:00:00
700	2101558227	a	Y003		31.03.2026				C			SCLADMIN	31.03.2026	03:19:32			00:00:00
700	2101558228	a	Y003		31.03.2026				C			SCLADMIN	31.03.2026	03:21:53			00:00:00
700	2101558229	a	Y003		31.03.2026				C			SCLADMIN	31.03.2026	03:23:27			00:00:00
700	2101558230	a	Y003		31.03.2026				C			SCLADMIN	31.03.2026	03:25:26			00:00:00
700	2101558231	a	Y003		31.03.2026				C			SCLADMIN	31.03.2026	03:25:47			00:00:00
700	2101558232	a	Y003		31.03.2026				C			SCLADMIN	31.03.2026	03:25:47			00:00:00
700	2101558233	a	Y003		31.03.2026				C			SCLADMIN	31.03.2026	03:26:37			00:00:00
700	2101558234	a	Y003		31.03.2026				C			SCLADMIN	31.03.2026	03:26:37			00:00:00
700	2101558235	a	Y003		31.03.2026				C			SCLADMIN	31.03.2026	03:28:05			00:00:00
700	2101558236	a	Y003		31.03.2026				C			SCLADMIN	31.03.2026	03:28:36			00:00:00
700	2101558237	a	Y003		31.03.2026				C			SCLADMIN	31.03.2026	03:29:18			00:00:00
700	2101558238	a	Y003		31.03.2026				C			SCLADMIN	31.03.2026	03:30:13			00:00:00
700	2101558239	a	Y003		31.03.2026				C			SCLADMIN	31.03.2026	03:31:10			00:00:00
700	2101558240	a	Y003		31.03.2026				C			SCLADMIN	31.03.2026	03:32:38			00:00:00
700	2101558241	a	Y003		31.03.2026				C			SCLADMIN	31.03.2026	03:32:46			00:00:00
700	2101558242	a	Y003		31.03.2026				C			SCLADMIN	31.03.2026	03:33:22			00:00:00
700	2101558243	a	Y003		31.03.2026				C			SCLADMIN	31.03.2026	03:33:42			00:00:00
700	2101558244	a	Y003		31.03.2026				C			SCLADMIN	31.03.2026	03:33:42			00:00:00
700	2101558245	a	Y003		31.03.2026				C			SCLADMIN	31.03.2026	03:35:30			00:00:00
700	2101558246	a	Y003		31.03.2026				C			SCLADMIN	31.03.2026	03:35:43			00:00:00
700	2101558247	a	Y003		31.03.2026				C			SCLADMIN	31.03.2026	03:37:19			00:00:00
700	2101558248	a	Y003		31.03.2026				C			SCLADMIN	31.03.2026	03:37:21			00:00:00
700	2101558249	a	Y003		31.03.2026				C			SCLADMIN	31.03.2026	03:37:32			00:00:00
700	2101558250	a	Y003		31.03.2026				C			SCLADMIN	31.03.2026	03:41:30			00:00:00
700	2101558251	a	Y003		31.03.2026				C			SCLADMIN	31.03.2026	03:41:43			00:00:00
700	2101558252	a	Y003		31.03.2026				C			SCLADMIN	31.03.2026	03:42:05			00:00:00
700	2101558253	a	Y003		31.03.2026				C			SCLADMIN	31.03.2026	03:44:31			00:00:00
700	2101558254	a	Y003		31.03.2026				C			SCLADMIN	31.03.2026	03:44:31			00:00:00
700	2101558255	a	Y003		31.03.2026				C			SCLADMIN	31.03.2026	03:45:03			00:00:00
700	2101558256	a	Y003		31.03.2026				C			SCLADMIN	31.03.2026	03:46:06			00:00:00
700	2101558257	a	Y003		31.03.2026				C			SCLADMIN	31.03.2026	03:47:01			00:00:00
700	2101558258	a	Y003		31.03.2026				C			SCLADMIN	31.03.2026	03:47:01			00:00:00
700	2101558259	a	Y003		31.03.2026				C			SCLADMIN	31.03.2026	03:47:38			00:00:00
700	2101558260	a	Y003		31.03.2026				C			SCLADMIN	31.03.2026	03:49:13			00:00:00
700	2101558261	a	Y003		31.03.2026				C			SCLADMIN	31.03.2026	03:49:19			00:00:00
700	2101558262	a	Y003		31.03.2026				C			SCLADMIN	31.03.2026	03:50:49			00:00:00
700	2101558263	a	Y003		31.03.2026				C			SCLADMIN	31.03.2026	03:55:20			00:00:00
700	2101558264	a	Y003		31.03.2026				C			SCLADMIN	31.03.2026	03:57:09			00:00:00
700	2101558265	a	Y003		31.03.2026				C			SCLADMIN	31.03.2026	03:57:57			00:00:00
700	2101558266	a	Y003		31.03.2026				C			SCLADMIN	31.03.2026	03:57:57			00:00:00
700	2101558267	a	Y003		31.03.2026				C			SCLADMIN	31.03.2026	04:00:43			00:00:00
700	2101558268	a	Y003		31.03.2026				C			SCLADMIN	31.03.2026	04:00:43			00:00:00
700	2101558269	a	Y003		31.03.2026				C			SCLADMIN	31.03.2026	04:00:55			00:00:00
700	2101558270	a	Y003		31.03.2026				C			SCLADMIN	31.03.2026	04:03:00			00:00:00
700	2101558271	a	Y003		31.03.2026				C			SCLADMIN	31.03.2026	03:57:16			00:00:00
700	2101558272	a	Y003		31.03.2026				C			SCLADMIN	31.03.2026	07:56:36			00:00:00
700	2101558273	a	Y003		31.03.2026				C			SCLADMIN	31.03.2026	08:38:27			00:00:00
700	2101558274	a	Y003		31.03.2026				C			SCLADMIN	31.03.2026	09:10:18			00:00:00
700	2101558275	a	Y003		31.03.2026				C			SCLADMIN	31.03.2026	09:15:46			00:00:00
700	2101558281	a	Y003		31.03.2026				C			SCLADMIN	31.03.2026	04:04:05			00:00:00
700	2101558282	a	Y003		31.03.2026				C			SCLADMIN	31.03.2026	04:05:00			00:00:00
700	2101558283	a	Y003		31.03.2026				C			SCLADMIN	31.03.2026	04:05:22			00:00:00
700	2101558284	a	Y003		31.03.2026				C			SCLADMIN	31.03.2026	04:08:08			00:00:00
700	2101558285	a	Y003		31.03.2026				C			SCLADMIN	31.03.2026	04:09:20			00:00:00
700	2101558286	a	Y003		31.03.2026				C			SCLADMIN	31.03.2026	04:11:09			00:00:00
700	2101558287	a	Y003		31.03.2026				C			SCLADMIN	31.03.2026	04:11:50			00:00:00
700	2101558288	a	Y003		31.03.2026				C			SCLADMIN	31.03.2026	04:14:10			00:00:00
700	2101558289	a	Y003		31.03.2026				C			SCLADMIN	31.03.2026	04:14:50			00:00:00
700	2101558290	a	Y003		31.03.2026				C			SCLADMIN	31.03.2026	04:15:36			00:00:00
700	2101558291	a	Y003		31.03.2026				C			SCLADMIN	31.03.2026	04:20:13			00:00:00
700	2101558292	a	Y003		31.03.2026				C			SCLADMIN	31.03.2026	04:20:13			00:00:00
700	2101558293	a	Y003		31.03.2026				C			SCLADMIN	31.03.2026	04:21:54			00:00:00
700	2101558294	a	Y003		31.03.2026				C			SCLADMIN	31.03.2026	04:23:05			00:00:00
700	2101558295	a	Y003		31.03.2026				C			SCLADMIN	31.03.2026	04:23:45			00:00:00
700	2101558296	a	Y003		31.03.2026				C			SCLADMIN	31.03.2026	04:24:04			00:00:00
700	2101558297	a	Y003		31.03.2026				C			SCLADMIN	31.03.2026	04:24:33			00:00:00
700	2101558298	a	Y003		31.03.2026				C			SCLADMIN	31.03.2026	04:29:48			00:00:00
700	2101558299	a	Y003		31.03.2026				C			SCLADMIN	31.03.2026	04:31:30			00:00:00
700	2101558300	a	Y003		31.03.2026				C			SCLADMIN	31.03.2026	04:31:57			00:00:00
700	2101558301	a	Y003		31.03.2026				C			SCLADMIN	31.03.2026	04:32:16			00:00:00
700	2101558302	a	Y003		31.03.2026				C			SCLADMIN	31.03.2026	04:36:32			00:00:00
700	2101558303	a	Y003		31.03.2026				C			SCLADMIN	31.03.2026	04:39:18			00:00:00
700	2101558304	a	Y003		31.03.2026				C			SCLADMIN	31.03.2026	04:40:52			00:00:00
700	2101558305	a	Y003		31.03.2026				C			SCLADMIN	31.03.2026	04:41:00			00:00:00
700	2101558306	a	Y003		31.03.2026				C			SCLADMIN	31.03.2026	04:41:22			00:00:00
700	2101558307	a	Y003		31.03.2026				C			SCLADMIN	31.03.2026	04:41:58			00:00:00
700	2101558308	a	Y003		31.03.2026				C			SCLADMIN	31.03.2026	04:45:30			00:00:00
700	2101558309	a	Y003		31.03.2026				C			SCLADMIN	31.03.2026	04:45:49			00:00:00
700	2101558310	a	Y003		31.03.2026				C			SCLADMIN	31.03.2026	04:47:10			00:00:00
700	2101558311	a	Y003		31.03.2026				C			SCLADMIN	31.03.2026	04:47:43			00:00:00
700	2101558312	a	Y003		31.03.2026				C			SCLADMIN	31.03.2026	04:47:50			00:00:00
700	2101558313	a	Y003		31.03.2026				C			SCLADMIN	31.03.2026	04:50:09			00:00:00
700	2101558314	a	Y003		31.03.2026				C			SCLADMIN	31.03.2026	04:53:28			00:00:00
700	2101558315	a	Y003		31.03.2026				C			SCLADMIN	31.03.2026	04:54:37			00:00:00
700	2101558316	a	Y003		31.03.2026				C			SCLADMIN	31.03.2026	04:55:26			00:00:00
700	2101558317	a	Y003		31.03.2026				C			SCLADMIN	31.03.2026	04:55:40			00:00:00
700	2101558318	a	Y003		31.03.2026				C			SCLADMIN	31.03.2026	04:57:45			00:00:00
700	2101558319	a	Y003		31.03.2026				C			SCLADMIN	31.03.2026	05:02:33			00:00:00
700	2101558320	a	Y003		31.03.2026				C			SCLADMIN	31.03.2026	05:05:25			00:00:00
700	2101558321	a	Y003		31.03.2026				C			SCLADMIN	31.03.2026	05:06:18			00:00:00
700	2101558322	a	Y003		31.03.2026				C			SCLADMIN	31.03.2026	05:06:55			00:00:00
700	2101558323	a	Y003		31.03.2026				C			SCLADMIN	31.03.2026	05:06:57			00:00:00
700	2101558324	a	Y003		31.03.2026				C			SCLADMIN	31.03.2026	05:06:57			00:00:00
700	2101558325	a	Y003		31.03.2026				C			SCLADMIN	31.03.2026	05:06:58			00:00:00
700	2101558326	a	Y003		31.03.2026				C			SCLADMIN	31.03.2026	05:07:09			00:00:00
700	2101558327	a	Y003		31.03.2026				C			SCLADMIN	31.03.2026	05:08:20			00:00:00
700	2101558328	a	Y003		31.03.2026				C			SCLADMIN	31.03.2026	05:08:32			00:00:00
700	2101558329	a	Y003		31.03.2026				C			SCLADMIN	31.03.2026	05:10:48			00:00:00
700	2101558330	a	Y003		31.03.2026				C			SCLADMIN	31.03.2026	05:14:43			00:00:00
700	2101558331	a	Y003		31.03.2026				C			SCLADMIN	31.03.2026	05:16:21			00:00:00
700	2101558332	a	Y003		31.03.2026				C			SCLADMIN	31.03.2026	05:16:35			00:00:00
700	2101558333	a	Y003		31.03.2026				C			SCLADMIN	31.03.2026	05:16:37			00:00:00
700	2101558334	a	Y003		31.03.2026				C			SCLADMIN	31.03.2026	05:17:31			00:00:00
700	2101558335	a	Y003		31.03.2026				C			SCLADMIN	31.03.2026	05:17:34			00:00:00
700	2101558336	a	Y003		31.03.2026				C			SCLADMIN	31.03.2026	05:18:17			00:00:00
700	2101558337	a	Y003		31.03.2026				C			SCLADMIN	31.03.2026	05:19:06			00:00:00
700	2101558338	a	Y003		31.03.2026				C			SCLADMIN	31.03.2026	05:19:12			00:00:00
700	2101558339	a	Y003		31.03.2026				C			SCLADMIN	31.03.2026	05:20:17			00:00:00
700	2101558340	a	Y003		31.03.2026				C			SCLADMIN	31.03.2026	05:20:50			00:00:00
700	2101558341	a	Y003		31.03.2026				C			SCLADMIN	31.03.2026	05:21:22			00:00:00
700	2101558342	a	Y003		31.03.2026				C			SCLADMIN	31.03.2026	05:22:27			00:00:00
700	2101558343	a	Y003		31.03.2026				C			SCLADMIN	31.03.2026	05:24:32			00:00:00
700	2101558344	a	Y003		31.03.2026				C			SCLADMIN	31.03.2026	05:25:28			00:00:00
700	2101558345	a	Y003		31.03.2026				C			SCLADMIN	31.03.2026	05:25:28			00:00:00
700	2101558346	a	Y003		31.03.2026				C			SCLADMIN	31.03.2026	05:25:35			00:00:00
700	2101558347	a	Y003		31.03.2026				C			SCLADMIN	31.03.2026	05:25:35			00:00:00
700	2101558348	a	Y003		31.03.2026				C			SCLADMIN	31.03.2026	05:25:40			00:00:00
700	2101558349	a	Y003		31.03.2026				C			SCLADMIN	31.03.2026	05:25:40			00:00:00
700	2101558350	a	Y003		31.03.2026				C			SCLADMIN	31.03.2026	05:25:55			00:00:00
700	2101558351	a	Y003		31.03.2026				C			SCLADMIN	31.03.2026	05:25:55			00:00:00
700	2101558352	a	Y003		31.03.2026				C			SCLADMIN	31.03.2026	05:26:18			00:00:00
700	2101558353	a	Y003		31.03.2026				C			SCLADMIN	31.03.2026	05:28:34			00:00:00
700	2101558354	a	Y003		31.03.2026				C			SCLADMIN	31.03.2026	05:28:39			00:00:00
700	2101558355	a	Y003		31.03.2026				C			SCLADMIN	31.03.2026	05:29:16			00:00:00
700	2101558356	a	Y003		31.03.2026				C			SCLADMIN	31.03.2026	05:29:37			00:00:00
700	2101558357	a	Y003		31.03.2026				C			SCLADMIN	31.03.2026	05:31:32			00:00:00
700	2101558358	a	Y003		31.03.2026				C			SCLADMIN	31.03.2026	05:33:03			00:00:00
700	2101558359	a	Y003		31.03.2026				C			SCLADMIN	31.03.2026	05:33:28			00:00:00
700	2101558360	a	Y003		31.03.2026				C			SCLADMIN	31.03.2026	05:34:24			00:00:00
700	2101558361	a	Y003		31.03.2026				C			SCLADMIN	31.03.2026	05:34:31			00:00:00
700	2101558362	a	Y003		31.03.2026				C			SCLADMIN	31.03.2026	05:34:45			00:00:00
700	2101558363	a	Y003		31.03.2026				C			SCLADMIN	31.03.2026	05:35:22			00:00:00
700	2101558364	a	Y003		31.03.2026				C			SCLADMIN	31.03.2026	05:36:49			00:00:00
700	2101558365	a	Y003		31.03.2026				C			SCLADMIN	31.03.2026	05:38:13			00:00:00
700	2101558366	a	Y003		31.03.2026				C			SCLADMIN	31.03.2026	05:38:30			00:00:00
700	2101558367	a	Y003		31.03.2026				C			SCLADMIN	31.03.2026	05:38:30			00:00:00
700	2101558368	a	Y003		31.03.2026				C			SCLADMIN	31.03.2026	05:38:59			00:00:00
700	2101558369	a	Y003		31.03.2026				C			SCLADMIN	31.03.2026	05:38:59			00:00:00
700	2101558370	a	Y003		31.03.2026				C			SCLADMIN	31.03.2026	05:39:18			00:00:00
700	2101558371	a	Y003		31.03.2026				C			SCLADMIN	31.03.2026	05:39:18			00:00:00
700	2101558372	a	Y003		31.03.2026				C			SCLADMIN	31.03.2026	05:39:26			00:00:00
700	2101558373	a	Y003		31.03.2026				C			SCLADMIN	31.03.2026	05:39:34			00:00:00
700	2101558374	a	Y003		31.03.2026				C			SCLADMIN	31.03.2026	05:40:23			00:00:00
700	2101558375	a	Y003		31.03.2026				C			SCLADMIN	31.03.2026	05:41:04			00:00:00
700	2101558376	a	Y003		31.03.2026				C			SCLADMIN	31.03.2026	05:41:09			00:00:00
700	2101558377	a	Y003		31.03.2026				C			SCLADMIN	31.03.2026	05:41:14			00:00:00
700	2101558378	a	Y003		31.03.2026				C			SCLADMIN	31.03.2026	05:41:23			00:00:00
700	2101558379	a	Y003		31.03.2026				C			SCLADMIN	31.03.2026	05:42:22			00:00:00
700	2101558380	a	Y003		31.03.2026				C			SCLADMIN	31.03.2026	05:43:18			00:00:00
700	2101558381	a	Y003		31.03.2026				C			SCLADMIN	31.03.2026	05:44:07			00:00:00
700	2101558382	a	Y003		31.03.2026				C			SCLADMIN	31.03.2026	05:44:15			00:00:00
700	2101558383	a	Y003		31.03.2026				C			SCLADMIN	31.03.2026	05:45:07			00:00:00
700	2101558384	a	Y003		31.03.2026				C			SCLADMIN	31.03.2026	05:46:02			00:00:00
700	2101558385	a	Y003		31.03.2026				C			SCLADMIN	31.03.2026	05:46:07			00:00:00
700	2101558386	a	Y003		31.03.2026				C			SCLADMIN	31.03.2026	05:46:59			00:00:00
700	2101558387	a	Y003		31.03.2026				C			SCLADMIN	31.03.2026	05:47:37			00:00:00
700	2101558388	a	Y003		31.03.2026				C			SCLADMIN	31.03.2026	05:47:48			00:00:00
700	2101558389	a	Y003		31.03.2026				C			SCLADMIN	31.03.2026	05:48:02			00:00:00
700	2101558390	a	Y003		31.03.2026				C			SCLADMIN	31.03.2026	05:49:23			00:00:00
700	2101558391	a	Y003		31.03.2026				C			SCLADMIN	31.03.2026	05:49:27			00:00:00
700	2101558392	a	Y003		31.03.2026				C			SCLADMIN	31.03.2026	05:49:47			00:00:00
700	2101558393	a	Y003		31.03.2026				C			SCLADMIN	31.03.2026	05:51:42			00:00:00
700	2101558394	a	Y003		31.03.2026				C			SCLADMIN	31.03.2026	05:52:34			00:00:00
700	2101558395	a	Y003		31.03.2026				C			SCLADMIN	31.03.2026	05:54:44			00:00:00
700	2101558396	a	Y003		31.03.2026				C			SCLADMIN	31.03.2026	05:57:04			00:00:00
700	2101558397	a	Y003		31.03.2026				C			SCLADMIN	31.03.2026	05:57:37			00:00:00
700	2101558398	a	Y003		31.03.2026				C			SCLADMIN	31.03.2026	05:57:47			00:00:00
700	2101558399	a	Y003		31.03.2026				C			SCLADMIN	31.03.2026	05:58:52			00:00:00
700	2101558400	a	Y003		31.03.2026				C			SCLADMIN	31.03.2026	06:00:47			00:00:00
700	2101558401	a	Y003		31.03.2026				C			SCLADMIN	31.03.2026	06:03:05			00:00:00
700	2101558402	a	Y003		31.03.2026				C			SCLADMIN	31.03.2026	06:03:42			00:00:00
700	2101558403	a	Y003		31.03.2026				C			SCLADMIN	31.03.2026	06:09:34			00:00:00
700	2101558404	a	Y003		31.03.2026				C			SCLADMIN	31.03.2026	06:12:03			00:00:00
700	2101558405	a	Y003		31.03.2026				C			SCLADMIN	31.03.2026	06:13:14			00:00:00
700	2101558406	a	Y003		31.03.2026				C			SCLADMIN	31.03.2026	06:14:28			00:00:00
700	2101558407	a	Y003		31.03.2026				C			SCLADMIN	31.03.2026	06:34:57			00:00:00
700	2101558408	a	Y003		31.03.2026				C			SCLADMIN	31.03.2026	06:42:16			00:00:00
700	2101558409	a	Y003		31.03.2026				C			SCLADMIN	31.03.2026	06:42:16			00:00:00
700	2101558410	a	Y003		31.03.2026				C			SCLADMIN	31.03.2026	06:49:53			00:00:00
700	2101558411	a	Y003		31.03.2026				C			SCLADMIN	31.03.2026	07:00:25			00:00:00
700	2101558412	a	Y003		31.03.2026				C			SCLADMIN	31.03.2026	07:03:44			00:00:00
700	2101558413	a	Y003		31.03.2026				C			SCLADMIN	31.03.2026	07:09:05			00:00:00
700	2101558414	a	Y003		31.03.2026				C			SCLADMIN	31.03.2026	07:09:50			00:00:00
700	2101558415	a	Y003		31.03.2026				C			SCLADMIN	31.03.2026	07:10:25			00:00:00
700	2101558416	a	Y003		31.03.2026				C			SCLADMIN	31.03.2026	07:11:32			00:00:00
700	2101558417	a	Y003		31.03.2026				C			SCLADMIN	31.03.2026	07:13:23			00:00:00
700	2101558418	a	Y003		31.03.2026				C			SCLADMIN	31.03.2026	07:13:50			00:00:00
700	2101558419	a	Y003		31.03.2026				C			SCLADMIN	31.03.2026	07:14:00			00:00:00
700	2101558420	a	Y003		31.03.2026				C			SCLADMIN	31.03.2026	07:15:22			00:00:00
700	2101558421	a	Y003		31.03.2026				C			SCLADMIN	31.03.2026	07:16:05			00:00:00
700	2101558422	a	Y003		31.03.2026				C			SCLADMIN	31.03.2026	07:17:18			00:00:00
700	2101558423	a	Y003		31.03.2026				C			SCLADMIN	31.03.2026	07:18:21			00:00:00
700	2101558424	a	Y003		31.03.2026				C			SCLADMIN	31.03.2026	07:18:46			00:00:00
700	2101558425	a	Y003		31.03.2026				C			SCLADMIN	31.03.2026	07:18:58			00:00:00
700	2101558426	a	Y003		31.03.2026				C			SCLADMIN	31.03.2026	07:19:57			00:00:00
700	2101558427	a	Y003		31.03.2026				C			SCLADMIN	31.03.2026	07:22:29			00:00:00
700	2101558428	a	Y003		31.03.2026				C			SCLADMIN	31.03.2026	07:22:52			00:00:00
700	2101558429	a	Y003		31.03.2026				C			SCLADMIN	31.03.2026	07:24:52			00:00:00
700	2101558430	a	Y003		31.03.2026				C			SCLADMIN	31.03.2026	07:26:47			00:00:00
700	2101558431	a	Y003		31.03.2026				C			SCLADMIN	31.03.2026	07:27:24			00:00:00
700	2101558432	a	Y003		31.03.2026				C			SCLADMIN	31.03.2026	07:28:01			00:00:00
700	2101558433	a	Y003		31.03.2026				C			SCLADMIN	31.03.2026	07:31:32			00:00:00
700	2101558434	a	Y003		31.03.2026				C			SCLADMIN	31.03.2026	07:32:05			00:00:00
700	2101558435	a	Y003		31.03.2026				C			SCLADMIN	31.03.2026	07:33:18			00:00:00
700	2101558436	a	Y003		31.03.2026				C			SCLADMIN	31.03.2026	07:33:18			00:00:00
700	2101558437	a	Y003		31.03.2026				C			SCLADMIN	31.03.2026	07:33:27			00:00:00
700	2101558438	a	Y003		31.03.2026				C			SCLADMIN	31.03.2026	07:34:00			00:00:00
700	2101558439	a	Y003		31.03.2026				C			SCLADMIN	31.03.2026	07:34:35			00:00:00
700	2101558440	a	Y003		31.03.2026				C			SCLADMIN	31.03.2026	07:35:12			00:00:00
700	2101558441	a	Y003		31.03.2026				C			SCLADMIN	31.03.2026	07:35:32			00:00:00
700	2101558442	a	Y003		31.03.2026				C			SCLADMIN	31.03.2026	07:36:03			00:00:00
700	2101558443	a	Y003		31.03.2026				C			SCLADMIN	31.03.2026	07:36:30			00:00:00
700	2101558444	a	Y003		31.03.2026				C			SCLADMIN	31.03.2026	07:37:17			00:00:00
700	2101558445	a	Y003		31.03.2026				C			SCLADMIN	31.03.2026	07:38:47			00:00:00
700	2101558446	a	Y003		31.03.2026				C			SCLADMIN	31.03.2026	07:39:07			00:00:00
700	2101558447	a	Y003		31.03.2026				C			SCLADMIN	31.03.2026	07:39:28			00:00:00
700	2101558448	a	Y003		31.03.2026				C			SCLADMIN	31.03.2026	07:40:08			00:00:00
700	2101558449	a	Y003		31.03.2026				C			SCLADMIN	31.03.2026	07:40:32			00:00:00
700	2101558450	a	Y003		31.03.2026				C			SCLADMIN	31.03.2026	07:40:59			00:00:00
700	2101558451	a	Y003		31.03.2026				C			SCLADMIN	31.03.2026	07:41:26			00:00:00
700	2101558452	a	Y003		31.03.2026				C			SCLADMIN	31.03.2026	07:41:30			00:00:00
700	2101558453	a	Y003		31.03.2026				C			SCLADMIN	31.03.2026	07:41:55			00:00:00
700	2101558454	a	Y003		31.03.2026				C			SCLADMIN	31.03.2026	07:42:30			00:00:00
700	2101558455	a	Y003		31.03.2026				C			SCLADMIN	31.03.2026	07:42:59			00:00:00
700	2101558456	a	Y003		31.03.2026				C			SCLADMIN	31.03.2026	07:44:18			00:00:00
700	2101558457	a	Y003		31.03.2026				C			SCLADMIN	31.03.2026	07:44:38			00:00:00
700	2101558458	a	Y003		31.03.2026				C			SCLADMIN	31.03.2026	07:46:32			00:00:00
700	2101558459	a	Y003		31.03.2026				C			SCLADMIN	31.03.2026	07:47:29			00:00:00
700	2101558460	a	Y003		31.03.2026				C			SCLADMIN	31.03.2026	07:48:32			00:00:00
700	2101558461	a	Y003		31.03.2026				C			SCLADMIN	31.03.2026	07:49:19			00:00:00
700	2101558462	a	Y003		31.03.2026				C			SCLADMIN	31.03.2026	07:51:09			00:00:00
700	2101558463	a	Y003		31.03.2026				C			SCLADMIN	31.03.2026	07:51:19			00:00:00
700	2101558464	a	Y003		31.03.2026				C			SCLADMIN	31.03.2026	07:51:26			00:00:00
700	2101558465	a	Y003		31.03.2026				C			SCLADMIN	31.03.2026	07:51:52			00:00:00
700	2101558466	a	Y003		31.03.2026				C			SCLADMIN	31.03.2026	07:53:00			00:00:00
700	2101558467	a	Y003		31.03.2026				C			SCLADMIN	31.03.2026	07:53:38			00:00:00
700	2101558468	a	Y003		31.03.2026				C			SCLADMIN	31.03.2026	07:53:57			00:00:00
700	2101558469	a	Y003		31.03.2026				C			SCLADMIN	31.03.2026	07:54:54			00:00:00
700	2101558470	a	Y003		31.03.2026				C			SCLADMIN	31.03.2026	07:55:38			00:00:00
700	2101558471	a	Y003		31.03.2026				C			SCLADMIN	31.03.2026	07:55:40			00:00:00
700	2101558472	a	Y003		31.03.2026				C			SCLADMIN	31.03.2026	07:56:31			00:00:00
700	2101558473	a	Y003		31.03.2026				C			SCLADMIN	31.03.2026	07:56:45			00:00:00
700	2101558474	a	Y003		31.03.2026				C			SCLADMIN	31.03.2026	07:57:42			00:00:00
700	2101558475	a	Y003		31.03.2026				C			SCLADMIN	31.03.2026	07:58:25			00:00:00
700	2101558476	a	Y003		31.03.2026				C			SCLADMIN	31.03.2026	07:59:27			00:00:00
700	2101558477	a	Y003		31.03.2026				C			SCLADMIN	31.03.2026	08:01:18			00:00:00
700	2101558478	a	Y003		31.03.2026				C			SCLADMIN	31.03.2026	08:01:56			00:00:00
700	2101558479	a	Y003		31.03.2026				C			SCLADMIN	31.03.2026	08:02:04			00:00:00
700	2101558480	a	Y003		31.03.2026				C			SCLADMIN	31.03.2026	08:02:19			00:00:00
700	2101558481	a	Y003		31.03.2026				C			SCLADMIN	31.03.2026	08:02:24			00:00:00
700	2101558482	a	Y003		31.03.2026				C			SCLADMIN	31.03.2026	08:03:12			00:00:00
700	2101558483	a	Y003		31.03.2026				C			SCLADMIN	31.03.2026	08:03:38			00:00:00
700	2101558484	a	Y003		31.03.2026				C			SCLADMIN	31.03.2026	08:04:53			00:00:00
700	2101558485	a	Y003		31.03.2026				C			SCLADMIN	31.03.2026	08:05:07			00:00:00
700	2101558486	a	Y003		31.03.2026				C			SCLADMIN	31.03.2026	08:05:15			00:00:00
700	2101558487	a	Y003		31.03.2026				C			SCLADMIN	31.03.2026	08:05:35			00:00:00
700	2101558488	a	Y003		31.03.2026				C			SCLADMIN	31.03.2026	08:06:23			00:00:00
700	2101558489	a	Y003		31.03.2026				C			SCLADMIN	31.03.2026	08:07:07			00:00:00
700	2101558490	a	Y003		31.03.2026				C			SCLADMIN	31.03.2026	08:07:41			00:00:00
700	2101558491	a	Y003		31.03.2026				C			SCLADMIN	31.03.2026	08:08:00			00:00:00
700	2101558492	a	Y003		31.03.2026				C			SCLADMIN	31.03.2026	08:08:52			00:00:00
700	2101558493	a	Y003		31.03.2026				C			SCLADMIN	31.03.2026	08:10:42			00:00:00
700	2101558494	a	Y003		31.03.2026				C			SCLADMIN	31.03.2026	08:11:40			00:00:00
700	2101558495	a	Y003		31.03.2026				C			SCLADMIN	31.03.2026	08:11:54			00:00:00
700	2101558496	a	Y003		31.03.2026				C			SCLADMIN	31.03.2026	08:12:48			00:00:00
700	2101558497	a	Y003		31.03.2026				C			SCLADMIN	31.03.2026	08:13:40			00:00:00
700	2101558498	a	Y003		31.03.2026				C			SCLADMIN	31.03.2026	08:14:37			00:00:00
700	2101558499	a	Y003		31.03.2026				C			SCLADMIN	31.03.2026	08:16:04			00:00:00
700	2101558500	a	Y003		31.03.2026				C			SCLADMIN	31.03.2026	08:16:27			00:00:00
700	2101558501	a	Y003		31.03.2026				C			SCLADMIN	31.03.2026	08:17:05			00:00:00
700	2101558502	a	Y003		31.03.2026				C			SCLADMIN	31.03.2026	08:19:15			00:00:00
700	2101558503	a	Y003		31.03.2026				C			SCLADMIN	31.03.2026	08:20:08			00:00:00
700	2101558504	a	Y003		31.03.2026				C			SCLADMIN	31.03.2026	08:22:09			00:00:00
700	2101558505	a	Y003		31.03.2026				C			SCLADMIN	31.03.2026	08:22:29			00:00:00
700	2101558506	a	Y003		31.03.2026				C			SCLADMIN	31.03.2026	08:26:05			00:00:00
700	2101558507	a	Y003		31.03.2026				C			SCLADMIN	31.03.2026	08:29:19			00:00:00
700	2101558508	a	Y003		31.03.2026				C			SCLADMIN	31.03.2026	08:29:19			00:00:00
700	2101558509	a	Y003		31.03.2026				C			SCLADMIN	31.03.2026	08:29:24			00:00:00
700	2101558510	a	Y003		31.03.2026				C			SCLADMIN	31.03.2026	08:29:33			00:00:00
700	2101558511	a	Y003		31.03.2026				C			SCLADMIN	31.03.2026	08:29:59			00:00:00
700	2101558512	a	Y003		31.03.2026				C			SCLADMIN	31.03.2026	08:30:09			00:00:00
700	2101558513	a	Y003		31.03.2026				C			SCLADMIN	31.03.2026	08:30:10			00:00:00
700	2101558514	a	Y003		31.03.2026				C			SCLADMIN	31.03.2026	08:31:25			00:00:00
700	2101558515	a	Y003		31.03.2026				C			SCLADMIN	31.03.2026	08:31:31			00:00:00
700	2101558516	a	Y003		31.03.2026				C			SCLADMIN	31.03.2026	08:31:41			00:00:00
700	2101558517	a	Y003		31.03.2026				C			SCLADMIN	31.03.2026	08:33:07			00:00:00
700	2101558518	a	Y003		31.03.2026				C			SCLADMIN	31.03.2026	08:33:43			00:00:00
700	2101558519	a	Y003		31.03.2026				C			SCLADMIN	31.03.2026	08:34:27			00:00:00
700	2101558520	a	Y003		31.03.2026				C			SCLADMIN	31.03.2026	08:34:27			00:00:00
700	2101558521	a	Y003		31.03.2026				C			SCLADMIN	31.03.2026	08:36:40			00:00:00
700	2101558522	a	Y003		31.03.2026				C			SCLADMIN	31.03.2026	08:38:22			00:00:00
700	2101558523	a	Y003		31.03.2026				C			SCLADMIN	31.03.2026	08:40:19			00:00:00
700	2101558524	a	Y003		31.03.2026				C			SCLADMIN	31.03.2026	08:41:18			00:00:00
700	2101558525	a	Y003		31.03.2026				C			SCLADMIN	31.03.2026	08:41:24			00:00:00
700	2101558526	a	Y003		31.03.2026				C			SCLADMIN	31.03.2026	08:43:24			00:00:00
700	2101558527	a	Y003		31.03.2026				C			SCLADMIN	31.03.2026	08:43:37			00:00:00
700	2101558528	a	Y003		31.03.2026				C			SCLADMIN	31.03.2026	08:44:35			00:00:00
700	2101558529	a	Y003		31.03.2026				C			SCLADMIN	31.03.2026	08:44:59			00:00:00
700	2101558530	a	Y003		31.03.2026				C			SCLADMIN	31.03.2026	08:46:25			00:00:00
700	2101558531	a	Y003		31.03.2026				C			SCLADMIN	31.03.2026	08:46:35			00:00:00
700	2101558532	a	Y003		31.03.2026				C			SCLADMIN	31.03.2026	08:47:28			00:00:00
700	2101558533	a	Y003		31.03.2026				C			SCLADMIN	31.03.2026	08:47:40			00:00:00
700	2101558534	a	Y003		31.03.2026				C			SCLADMIN	31.03.2026	08:49:33			00:00:00
700	2101558535	a	Y003		31.03.2026				C			SCLADMIN	31.03.2026	08:50:24			00:00:00
700	2101558536	a	Y003		31.03.2026				C			SCLADMIN	31.03.2026	08:50:44			00:00:00
700	2101558537	a	Y003		31.03.2026				C			SCLADMIN	31.03.2026	08:51:06			00:00:00
700	2101558538	a	Y003		31.03.2026				C			SCLADMIN	31.03.2026	08:51:55			00:00:00
700	2101558539	a	Y003		31.03.2026				C			SCLADMIN	31.03.2026	08:52:03			00:00:00
700	2101558540	a	Y003		31.03.2026				C			SCLADMIN	31.03.2026	08:52:32			00:00:00
700	2101558541	a	Y003		31.03.2026				C			SCLADMIN	31.03.2026	08:52:32			00:00:00
700	2101558542	a	Y003		31.03.2026				C			SCLADMIN	31.03.2026	08:53:58			00:00:00
700	2101558543	a	Y003		31.03.2026				C			SCLADMIN	31.03.2026	08:56:01			00:00:00
700	2101558544	a	Y003		31.03.2026				C			SCLADMIN	31.03.2026	08:56:02			00:00:00
700	2101558545	a	Y003		31.03.2026				C			SCLADMIN	31.03.2026	08:56:51			00:00:00
700	2101558546	a	Y003		31.03.2026				C			SCLADMIN	31.03.2026	08:56:52			00:00:00
700	2101558547	a	Y003		31.03.2026				C			SCLADMIN	31.03.2026	08:57:07			00:00:00
700	2101558548	a	Y003		31.03.2026				C			SCLADMIN	31.03.2026	08:57:17			00:00:00
700	2101558549	a	Y003		31.03.2026				C			SCLADMIN	31.03.2026	08:58:05			00:00:00
700	2101558550	a	Y003		31.03.2026				C			SCLADMIN	31.03.2026	08:59:03			00:00:00
700	2101558551	a	Y003		31.03.2026				C			SCLADMIN	31.03.2026	08:59:14			00:00:00
700	2101558552	a	Y003		31.03.2026				C			SCLADMIN	31.03.2026	08:59:44			00:00:00
700	2101558553	a	Y003		31.03.2026				C			SCLADMIN	31.03.2026	09:00:33			00:00:00
700	2101558554	a	Y003		31.03.2026				C			SCLADMIN	31.03.2026	09:00:35			00:00:00
700	2101558555	a	Y003		31.03.2026				C			SCLADMIN	31.03.2026	09:00:41			00:00:00
700	2101558556	a	Y003		31.03.2026				C			SCLADMIN	31.03.2026	09:01:27			00:00:00
700	2101558557	a	Y003		31.03.2026				C			SCLADMIN	31.03.2026	09:03:36			00:00:00
700	2101558558	a	Y003		31.03.2026				C			SCLADMIN	31.03.2026	09:03:52			00:00:00
700	2101558559	a	Y003		31.03.2026				C			SCLADMIN	31.03.2026	09:05:32			00:00:00
700	2101558560	a	Y003		31.03.2026				C			SCLADMIN	31.03.2026	09:06:50			00:00:00
700	2101558561	a	Y003		31.03.2026				C			SCLADMIN	31.03.2026	09:08:28			00:00:00
700	2101558562	a	Y003		31.03.2026				C			SCLADMIN	31.03.2026	09:08:39			00:00:00
700	2101558563	a	Y003		31.03.2026				C			SCLADMIN	31.03.2026	09:09:03			00:00:00
700	2101558564	a	Y003		31.03.2026				C			SCLADMIN	31.03.2026	09:09:03			00:00:00
700	2101558565	a	Y003		31.03.2026				C			SCLADMIN	31.03.2026	09:10:03			00:00:00
700	2101558566	a	Y003		31.03.2026				C			SCLADMIN	31.03.2026	09:11:59			00:00:00
700	2101558567	a	Y003		31.03.2026				C			SCLADMIN	31.03.2026	09:13:06			00:00:00
700	2101558568	a	Y003		31.03.2026				C			SCLADMIN	31.03.2026	09:13:17			00:00:00
700	2101558569	a	Y003		31.03.2026				C			SCLADMIN	31.03.2026	09:13:30			00:00:00
700	2101558570	a	Y003		31.03.2026				C			SCLADMIN	31.03.2026	09:13:42			00:00:00
700	2101558571	a	Y003		31.03.2026				C			SCLADMIN	31.03.2026	09:13:44			00:00:00
700	2101558572	a	Y003		31.03.2026				C			SCLADMIN	31.03.2026	09:14:50			00:00:00
700	2101558573	a	Y003		31.03.2026				C			SCLADMIN	31.03.2026	09:15:40			00:00:00
