TABNAME	FIELDNAME	AS4LOCAL	AS4VERS	POSITION	KEYFLAG	MANDATORY	ROLLNAME	CHECKTABLE	ADMINFIELD	INTTYPE	INTLEN	REFTABLE	PRECFIELD	REFFIELD	CONROUT	NOTNULL	DATATYPE	LENG	DECIMALS	DOMNAME	SHLPORIGIN	TABLETYPE	DEPTH	COMPTYPE	REFTYPE	LANGUFLAG	DBPOSITION	ANONYMOUS	OUTPUTSTYLE	SRS_ID
VTTK	.INCLU--AP	A	0000	0135					0		000000		/BEV1/RPVTTK_A					000000	000000				00	S			0000		00	0
VTTK	.INCLU--AP	A	0000	0142					0		000000		/VSO/R_VTTK_A					000000	000000				00	S			0000		00	0
VTTK	.INCLU--AP	A	0000	0145					0		000000		ZLES_CUSTOMER_FIELDS					000000	000000				00	S			0000		00	0
VTTK	.INCLUDE	A	0000	0136					1		000000		/BEV1/RPTDBES_I					000000	000000				00	S			0000		00	0
VTTK	.INCLUDE	A	0000	0143					1		000000		/VSO/R_VTTK_I					000000	000000				00	S			0000		00	0
VTTK	/BEV1/RPANHAE	A	0000	0140			/DSD/RP_TRAIL	*	2	C	000036						CHAR	000018	000000	EQUNR	X		00	E			0000		00	0
VTTK	/BEV1/RPFAR1	A	0000	0137			/DSD/RP_DRIVER1	KNA1	2	C	000020						CHAR	000010	000000	KUNNR	P		00	E			0000		00	0
VTTK	/BEV1/RPFAR2	A	0000	0138			/DSD/RP_DRIVER2	KNA1	2	C	000020						CHAR	000010	000000	KUNNR	P		00	E			0000		00	0
VTTK	/BEV1/RPFLGNR	A	0000	0141			/DSD/RP_SEQUENCENR		2	N	000010						NUMC	000005	000000	/DSD/RP_SEQUENCENR			00	E			0000		00	0
VTTK	/BEV1/RPMOWA	A	0000	0139			/DSD/RP_TRUCK	*	2	C	000036						CHAR	000018	000000	EQUNR	X		00	E			0000		00	0
VTTK	/VSO/R_STATUS	A	0000	0144			/VSO/M_VSO_STATUS		2	C	000002						CHAR	000001	000000	/VSO/M_VSO_STATUS	F		00	E			0000		00	0
VTTK	ABFER	A	0000	0013			ABFER		0	C	000002					X	CHAR	000001	000000	ABFER	F		00	E			0000		00	0
VTTK	ABWST	A	0000	0014			ABWST		0	C	000002					X	CHAR	000001	000000	ABWST	F		00	E			0000		00	0
VTTK	ADD01	A	0000	0088			VTTK_ADD01	VTADD01	0	C	000020						CHAR	000010	000000	VTTK_ADD01	P		00	E			0000		00	0
VTTK	ADD02	A	0000	0089			VTTK_ADD02	VTADD02	0	C	000020						CHAR	000010	000000	VTTK_ADD02	P		00	E			0000		00	0
VTTK	ADD03	A	0000	0090			VTTK_ADD03	VTADD03	0	C	000020						CHAR	000010	000000	VTTK_ADD03	P		00	E			0000		00	0
VTTK	ADD04	A	0000	0091			VTTK_ADD04	VTADD04	0	C	000020						CHAR	000010	000000	VTTK_ADD04	P		00	E			0000		00	0
VTTK	AEDAT	A	0000	0010			AEDAT		0	D	000016					X	DATS	000008	000000	DATUM	T		00	E			0000		00	0
VTTK	AENAM	A	0000	0009			AENAM		0	C	000024					X	CHAR	000012	000000	USNAM			00	E			0000		00	0
VTTK	AEZET	A	0000	0011			AEZET		0	T	000012					X	TIMS	000006	000000	UZEIT	T		00	E			0000		00	0
VTTK	ALLOWED_TWGT	A	0000	0128			ALLOWED_TWGT		0	P	000005	VTTK		DTMEG			QUAN	000008	000000	MENG12_0			00	E			0000		00	0
VTTK	ARGST	A	0000	0074			ARGST		0	C	000002						CHAR	000001	000000	ARGST	F		00	E			0000		00	0
VTTK	ARSTA	A	0000	0073			ARSTA		0	C	000002						CHAR	000001	000000	ARSTA	F		00	E			0000		00	0
VTTK	AULWE	A	0000	0102			AULWE		0	C	000020						CHAR	000010	000000	AULWE			00	E			0000		00	0
VTTK	BFART	A	0000	0015			BFART		0	C	000002					X	CHAR	000001	000000	BFART	F		00	E			0000		00	0
VTTK	CM_IDENT	A	0000	0131			CMIDENTIFIER		0	C	000024						CHAR	000012	000000	CHAR12			00	E			0000		00	0
VTTK	CM_SEQUENCE	A	0000	0132			CMSEQUENCE		0	N	000008						NUMC	000004	000000	SEQUENCE1			00	E			0000		00	0
VTTK	CONT_DG	A	0000	0099			ADGE_NCDG		0	C	000002						CHAR	000001	000000	X	F		00	E			0000		00	0
VTTK	DALBG	A	0000	0037			DALBG		0	D	000016					X	DATS	000008	000000	DATUM	T		00	E			0000		00	0
VTTK	DALEN	A	0000	0042			DALEND		0	D	000016					X	DATS	000008	000000	DATUM	T		00	E			0000		00	0
VTTK	DAREG	A	0000	0032			DAREG		0	D	000016						DATS	000008	000000	DATUM	T		00	E			0000		00	0
VTTK	DATBG	A	0000	0052			DATBG		0	D	000016					X	DATS	000008	000000	DATUM	T		00	E			0000		00	0
VTTK	DATEN	A	0000	0057			DATEND		0	D	000016					X	DATS	000008	000000	DATUM	T		00	E			0000		00	0
VTTK	DGMDDAT	A	0000	0098			ADGE_MDDAT		0	D	000016						DATS	000008	000000	DATUM	T		00	E			0000		00	0
VTTK	DGTLOCK	A	0000	0097			ADGE_TLOCK		0	C	000002						CHAR	000001	000000	X	F		00	E			0000		00	0
VTTK	DISTZ	A	0000	0065			DISTZ		0	P	000007	VTTK		MEDST			QUAN	000013	000003	MENG13			00	E			0000		00	0
VTTK	DPABF	A	0000	0045			DPABF		0	D	000016						DATS	000008	000000	DATUM	T		00	E			0000		00	0
VTTK	DPLBG	A	0000	0035			DPLBG		0	D	000016					X	DATS	000008	000000	DATUM	T		00	E			0000		00	0
VTTK	DPLEN	A	0000	0040			DPLEND		0	D	000016					X	DATS	000008	000000	DATUM	T		00	E			0000		00	0
VTTK	DPREG	A	0000	0030			DPREG		0	D	000016						DATS	000008	000000	DATUM	T		00	E			0000		00	0
VTTK	DPTBG	A	0000	0050			DPTBG		0	D	000016					X	DATS	000008	000000	DATUM	T		00	E			0000		00	0
VTTK	DPTEN	A	0000	0055			DPTEN		0	D	000016					X	DATS	000008	000000	DATUM	T		00	E			0000		00	0
VTTK	DTABF	A	0000	0047			DTABF		0	D	000016					X	DATS	000008	000000	DATUM	T		00	E			0000		00	0
VTTK	DTDIS	A	0000	0027			DTDIS		0	D	000016					X	DATS	000008	000000	DATUM	T		00	E			0000		00	0
VTTK	DTMEG	A	0000	0063			DTMEG		0	C	000006					X	UNIT	000003	000000	MEINS			00	E			0000		00	0
VTTK	DTMEV	A	0000	0064			DTMEV		0	C	000006					X	UNIT	000003	000000	MEINS			00	E			0000		00	0
VTTK	ERDAT	A	0000	0007			ERDAT		0	D	000016					X	DATS	000008	000000	DATUM	T		00	E			0000		00	0
VTTK	ERNAM	A	0000	0006			ERNAM		0	C	000024					X	CHAR	000012	000000	USNAM			00	E			0000		00	0
VTTK	ERZET	A	0000	0008			ERZET		0	T	000012					X	TIMS	000006	000000	UZEIT	T		00	E			0000		00	0
VTTK	EXTI1	A	0000	0023			EXTI1		0	C	000040					X	CHAR	000020	000000	TEXT20			00	E			0000		00	0
VTTK	EXTI2	A	0000	0024			EXTI2		0	C	000040					X	CHAR	000020	000000	TEXT20			00	E			0000		00	0
VTTK	EXT_FREIGHT_ORD	A	0000	0133			EXT_FREIGHT_ORDER		0	C	000040						CHAR	000020	000000	EXT_FREIGHT_ORDER			00	E			0000		00	0
VTTK	EXT_TM_SYS	A	0000	0134			SLD_BSKEY		0	C	000120						CHAR	000060	000000	SLD_BSKEY			00	E			0000		00	0
VTTK	FAHZT	A	0000	0067			FAHZT		0	P	000003	VTTK		MEIZT			QUAN	000005	000002	FAHZT			00	E			0000		00	0
VTTK	FAHZTD	A	0000	0081			KP_EFFZTDP		0	P	000006						DEC	000011	000000	TSTRDURAN			00	E			0000		00	0
VTTK	FAHZTDA	A	0000	0083			KP_EFFZTDA		0	P	000006						DEC	000011	000000	TSTRDURAN			00	E			0000		00	0
VTTK	FBGST	A	0000	0072			FBGST		0	C	000002						CHAR	000001	000000	FBGST	F		00	E			0000		00	0
VTTK	FBSTA	A	0000	0071			FBSTA		0	C	000002						CHAR	000001	000000	FBSTA	F		00	E			0000		00	0
VTTK	FRKRL	A	0000	0079			KFRKRL		0	C	000002						CHAR	000001	000000	FRKRL	F		00	E			0000		00	0
VTTK	GESZT	A	0000	0068			GESZT		0	P	000003	VTTK		MEIZT			QUAN	000005	000002	FAHZT			00	E			0000		00	0
VTTK	GESZTD	A	0000	0080			KP_GESZTDP		0	P	000006						DEC	000011	000000	TSTRDURAG			00	E			0000		00	0
VTTK	GESZTDA	A	0000	0082			KP_GESZTDA		0	P	000006						DEC	000011	000000	TSTRDURAG			00	E			0000		00	0
VTTK	HANDLE	A	0000	0085			TSEGGUID		0	C	000044						CHAR	000022	000000	SYSUUID_22			00	E			0000		00	0
VTTK	KKALSM	A	0000	0077			KALSM_KOPF	T683	0	C	000012						CHAR	000006	000000	KALSM	P		00	E			0000		00	0
VTTK	KZHULFR	A	0000	0127			KZHULFR		0	C	000002						CHAR	000001	000000	KZHULFR	F		00	E			0000		00	0
VTTK	LAUFK	A	0000	0019			LAUFK		0	C	000002					X	CHAR	000001	000000	LAUFK	F		00	E			0000		00	0
VTTK	MANDT	A	0000	0001	X		MANDT	T000	0	C	000006					X	CLNT	000003	000000	MANDT	P		00	E			0000		00	0
VTTK	MEDST	A	0000	0066			MEDST		0	C	000006						UNIT	000003	000000	MEINS			00	E			0000		00	0
VTTK	MEIZT	A	0000	0069			MEIZT		0	C	000006						UNIT	000003	000000	MEINS			00	E			0000		00	0
VTTK	PKSTK	A	0000	0062			PKSTK_VTTK		0	C	000002					X	CHAR	000001	000000	XFELD	F		00	E			0000		00	0
VTTK	PROLI	A	0000	0096			ADGE_PROLI	TDGC5	0	C	000006						CHAR	000003	000000	ADGD_PROLI	X		00	E			0000		00	0
VTTK	ROCPY_DONE	A	0000	0084			ROCPY_DONE		0	C	000002						CHAR	000001	000000	ROCPY_DONE	F		00	E			0000		00	0
VTTK	ROUTE	A	0000	0021			ROUTR	TVRO	0	C	000012					X	CHAR	000006	000000	ROUTE	X		00	E			0000		00	0
VTTK	SDABW	A	0000	0078			SDABW	TVSAK	0	C	000008						CHAR	000004	000000	SDABW	P		00	E			0000		00	0
VTTK	SHTYP	A	0000	0004			SHTYP	TVTK	0	C	000008					X	CHAR	000004	000000	SHTYP	P		00	E			0000		00	0
VTTK	SIGNI	A	0000	0022			SIGNI		0	C	000040					X	CHAR	000020	000000	TEXT20			00	E			0000		00	0
VTTK	STABF	A	0000	0044			STABF		0	C	000002					X	CHAR	000001	000000	STTRA	F		00	E			0000		00	0
VTTK	STAFO	A	0000	0070			STAFO		0	C	000012						CHAR	000006	000000	STAFO			00	E			0000		00	0
VTTK	STDIS	A	0000	0026			STDIS		0	C	000002					X	CHAR	000001	000000	STTRA	F		00	E			0000		00	0
VTTK	STERM	A	0000	0012			STERM		0	C	000002					X	CHAR	000001	000000	STERM	F		00	E			0000		00	0
VTTK	STERM_DONE	A	0000	0075			STERM_DONE		0	C	000002						CHAR	000001	000000	STERM_DONE	F		00	E			0000		00	0
VTTK	STLAD	A	0000	0039			STLAD		0	C	000002					X	CHAR	000001	000000	STTRA	F		00	E			0000		00	0
VTTK	STLBG	A	0000	0034			STLBG		0	C	000002					X	CHAR	000001	000000	STTRA	F		00	E			0000		00	0
VTTK	STREG	A	0000	0029			STREG		0	C	000002						CHAR	000001	000000	STTRA	F		00	E			0000		00	0
VTTK	STTBG	A	0000	0049			STTBG		0	C	000002					X	CHAR	000001	000000	STTRA	F		00	E			0000		00	0
VTTK	STTEN	A	0000	0054			STTEN		0	C	000002					X	CHAR	000001	000000	STTRA	F		00	E			0000		00	0
VTTK	STTRG	A	0000	0059			STTRG		0	C	000002						CHAR	000001	000000	STTRG	F		00	E			0000		00	0
VTTK	TDLNR	A	0000	0060			TDLNR	LFA1	0	C	000020					X	CHAR	000010	000000	LIFNR	P		00	E			0000		00	0
VTTK	TERNR	A	0000	0061			AUFNR		0	C	000024					X	CHAR	000012	000000	AUFNR			00	E			0000		00	0
VTTK	TEXT1	A	0000	0092			VTTK_TEXT1		0	C	000080						CHAR	000040	000000	TEXT40			00	E			0000		00	0
VTTK	TEXT2	A	0000	0093			VTTK_TEXT2		0	C	000080						CHAR	000040	000000	TEXT40			00	E			0000		00	0
VTTK	TEXT3	A	0000	0094			VTTK_TEXT3		0	C	000080						CHAR	000040	000000	TEXT40			00	E			0000		00	0
VTTK	TEXT4	A	0000	0095			VTTK_TEXT4		0	C	000080						CHAR	000040	000000	TEXT40			00	E			0000		00	0
VTTK	TKNUM	A	0000	0002	X		TKNUM		0	C	000020					X	CHAR	000010	000000	TKNUM	D		00	E			0000		00	0
VTTK	TNDRDAT	A	0000	0106			TNDRDAT		0	D	000016						DATS	000008	000000	DATUM	T		00	E			0000		00	0
VTTK	TNDRRC	A	0000	0104			TNDRRC		0	C	000004						CHAR	000002	000000	TNDRRC	F		00	E			0000		00	0
VTTK	TNDRST	A	0000	0103			TNDRST		0	C	000004						CHAR	000002	000000	TNDRST	F		00	E			0000		00	0
VTTK	TNDRZET	A	0000	0107			TNDRZET		0	T	000012						TIMS	000006	000000	UZEIT	T		00	E			0000		00	0
VTTK	TNDR_ACTC	A	0000	0111			TNDR_ACTC	TCURC	0	C	000010						CUKY	000005	000000	WAERS	P		00	E			0000		00	0
VTTK	TNDR_ACTP	A	0000	0110			TNDR_ACTP		0	P	000008	VTTK		TNDR_ACTC			CURR	000015	000002	WERT15			00	E			0000		00	0
VTTK	TNDR_CARR	A	0000	0112			TNDR_CARR		0	C	000020						CHAR	000010	000000	TEXT10			00	E			0000		00	0
VTTK	TNDR_CRNM	A	0000	0113			TNDR_CRNM		0	C	000070						CHAR	000035	000000	NAME			00	E			0000		00	0
VTTK	TNDR_ERDD	A	0000	0121			TNDR_ERDD		0	D	000016						DATS	000008	000000	DATUM	T		00	E			0000		00	0
VTTK	TNDR_ERDT	A	0000	0122			TNDR_ERDT		0	T	000012						TIMS	000006	000000	UZEIT	T		00	E			0000		00	0
VTTK	TNDR_ERPD	A	0000	0117			TNDR_ERPD		0	D	000016						DATS	000008	000000	DATUM	T		00	E			0000		00	0
VTTK	TNDR_ERPT	A	0000	0118			TNDR_ERPT		0	T	000012						TIMS	000006	000000	UZEIT	T		00	E			0000		00	0
VTTK	TNDR_EXPD	A	0000	0115			TNDR_EXPD		0	D	000016						DATS	000008	000000	DATUM	T		00	E			0000		00	0
VTTK	TNDR_EXPT	A	0000	0116			TNDR_EXPT		0	T	000012						TIMS	000006	000000	UZEIT	T		00	E			0000		00	0
VTTK	TNDR_LDLG	A	0000	0125			TNDR_LDLG		0	P	000007	VTTK		TNDR_LDLU			QUAN	000013	000003	MENG13			00	E			0000		00	0
VTTK	TNDR_LDLU	A	0000	0126			TNDR_LDLU		0	C	000006						UNIT	000003	000000	MEINS			00	E			0000		00	0
VTTK	TNDR_LTDD	A	0000	0123			TNDR_LTDD		0	D	000016						DATS	000008	000000	DATUM	T		00	E			0000		00	0
VTTK	TNDR_LTDT	A	0000	0124			TNDR_LTDT		0	T	000012						TIMS	000006	000000	UZEIT	T		00	E			0000		00	0
VTTK	TNDR_LTPD	A	0000	0119			TNDR_LTPD		0	D	000016						DATS	000008	000000	DATUM	T		00	E			0000		00	0
VTTK	TNDR_LTPT	A	0000	0120			TNDR_LTPT		0	T	000012						TIMS	000006	000000	UZEIT	T		00	E			0000		00	0
VTTK	TNDR_MAXC	A	0000	0109			TNDR_MAXC	TCURC	0	C	000010						CUKY	000005	000000	WAERS	P		00	E			0000		00	0
VTTK	TNDR_MAXP	A	0000	0108			TNDR_MAXP		0	P	000008	VTTK		TNDR_MAXC			CURR	000015	000002	WERT15			00	E			0000		00	0
VTTK	TNDR_TEXT	A	0000	0105			TNDR_TEXT		0	C	000160						CHAR	000080	000000	TEXT80			00	E			0000		00	0
VTTK	TNDR_TRKID	A	0000	0114			TNDR_TRKID		0	C	000070						CHAR	000035	000000	TEXT35			00	E			0000		00	0
VTTK	TPBEZ	A	0000	0025			TPBEZ		0	C	000040					X	CHAR	000020	000000	TEXT20			00	E			0000		00	0
VTTK	TPLST	A	0000	0005			TPLST	TTDS	0	C	000008					X	CHAR	000004	000000	TPLST	P		00	E			0000		00	0
VTTK	TSEGFL	A	0000	0086			TSEGEXISTS		0	C	000002						CHAR	000001	000000	FLAG	F		00	E			0000		00	0
VTTK	TSEGTP	A	0000	0087			TSEGTPLVTT		0	C	000020						CHAR	000010	000000	TSEGTEMPLA			00	E			0000		00	0
VTTK	UALBG	A	0000	0038			UALBG		0	T	000012					X	TIMS	000006	000000	UZEIT	T		00	E			0000		00	0
VTTK	UALEN	A	0000	0043			UALEND		0	T	000012					X	TIMS	000006	000000	UZEIT	T		00	E			0000		00	0
VTTK	UAREG	A	0000	0033			UAREG		0	T	000012						TIMS	000006	000000	UZEIT	T		00	E			0000		00	0
VTTK	UATBG	A	0000	0053			UATBG		0	T	000012					X	TIMS	000006	000000	UZEIT	T		00	E			0000		00	0
VTTK	UATEN	A	0000	0058			UATEND		0	T	000012					X	TIMS	000006	000000	UZEIT	T		00	E			0000		00	0
VTTK	UPABF	A	0000	0046			UPABF		0	T	000012						TIMS	000006	000000	UZEIT	T		00	E			0000		00	0
VTTK	UPLBG	A	0000	0036			UPLBG		0	T	000012					X	TIMS	000006	000000	UZEIT	T		00	E			0000		00	0
VTTK	UPLEN	A	0000	0041			UPLEND		0	T	000012					X	TIMS	000006	000000	UZEIT	T		00	E			0000		00	0
VTTK	UPREG	A	0000	0031			UPREG		0	T	000012						TIMS	000006	000000	UZEIT	T		00	E			0000		00	0
VTTK	UPTBG	A	0000	0051			UPTBG		0	T	000012					X	TIMS	000006	000000	UZEIT	T		00	E			0000		00	0
VTTK	UPTEN	A	0000	0056			UPTEN		0	T	000012					X	TIMS	000006	000000	UZEIT	T		00	E			0000		00	0
VTTK	UZABF	A	0000	0048			UZABF		0	T	000012					X	TIMS	000006	000000	UZEIT	T		00	E			0000		00	0
VTTK	UZDIS	A	0000	0028			UZDIS		0	T	000012					X	TIMS	000006	000000	UZEIT	T		00	E			0000		00	0
VTTK	VBTYP	A	0000	0003			VBTYPL		0	C	000008					X	CHAR	000004	000000	VBTYPL	F		00	E			0000		00	0
VTTK	VERURSYS	A	0000	0130			TRA_VERURSYS		0	C	000020						CHAR	000010	000000	LOGSYS			00	E			0000		00	0
VTTK	VLSTK	A	0000	0129			VLSTK		0	C	000002						CHAR	000001	000000	VLSTK	F		00	E			0000		00	0
VTTK	VSANL	A	0000	0018			VSANL	T173	0	C	000004					X	CHAR	000002	000000	VERSART	P		00	E			0000		00	0
VTTK	VSART	A	0000	0016			VSARTTR	T173	0	C	000004					X	CHAR	000002	000000	VERSART	P		00	E			0000		00	0
VTTK	VSAVL	A	0000	0017			VSAVL	T173	0	C	000004					X	CHAR	000002	000000	VERSART	P		00	E			0000		00	0
VTTK	VSBED	A	0000	0020			VSBED	TVSB	0	C	000004					X	CHAR	000002	000000	VSBED	P		00	E			0000		00	0
VTTK	VSE_FRK	A	0000	0076			VSE_FRK		0	C	000002						CHAR	000001	000000	VSE_FRK	F		00	E			0000		00	0
VTTK	WARZTD	A	0000	0100			KP_WARZTDP		0	P	000006						DEC	000011	000000	TSTRDURAN			00	E			0000		00	0
VTTK	WARZTDA	A	0000	0101			KP_WARZTDA		0	P	000006						DEC	000011	000000	TSTRDURAN			00	E			0000		00	0
VTTK	ZZDRIVERMOB	A	0000	0153			TELEF		1	C	000028						CHAR	000014	000000	TELNR			00	E			0000		00	0
VTTK	ZZDRIVER_NAME	A	0000	0148			BU_NAMEOR1		1	C	000080						CHAR	000040	000000	BU_NAME			00	E			0000		00	0
VTTK	ZZDRIVER_NO	A	0000	0147			BU_PARTNER		1	C	000020						CHAR	000010	000000	BU_PARTNER	D		00	E			0000		00	0
VTTK	ZZGROSS_WT	A	0000	0149			BRGEW		1	P	000007	MSEG		MEINS			QUAN	000013	000003	MENG13			00	E			0000		00	0
VTTK	ZZLR_GR_DATE	A	0000	0154			ZLRDATE		1	D	000016						DATS	000008	000000	DATUM	T		00	E			0000		00	0
VTTK	ZZLR_GR_NO	A	0000	0152			ZLRGRNO		1	C	000040						CHAR	000020	000000	CHAR20			00	E			0000		00	0
VTTK	ZZNET_WT	A	0000	0150			NTGEW		1	P	000007	MSEG		MEINS			QUAN	000013	000003	MENG13			00	E			0000		00	0
VTTK	ZZTARE_WT	A	0000	0151			ZTAREWT		1	P	000007	MSEG		MEINS			QUAN	000013	000003	MENG13			00	E			0000		00	0
VTTK	ZZVEHICLE_NO	A	0000	0146			ZVEHICAL		1	C	000040						CHAR	000020	000000	ZVEHICLE	D		00	E			0000		00	0
