FUNCNAME	R3STATE	PARAMETER	PARAMTYPE	STRUCTURE	DEFAULTVAL	REFERENCE	PPOSITION	OPTIONAL	TYPE	CLASS	REF_CLASS	LINE_OF	TABLE_OF	RESFLAG1	RESFLAG2	RESFLAG3	RESFLAG4	RESFLAG5
/ATL/L_CHECK_BANK_NUMBER	A	BANKL	I				1											
/ATL/L_CHECK_IL_BANK_NUMBERO1	A	BANKL	I				1											
/ATL/L_CHECK_IL_BANK_NUMBEROLD	A	BANKL	I				1											
/ATL/L_STRING_REVERSE	A	STRING	I				1											
/BDL/_IMPORTSESSDATA_FROM_FILE	A	INPUTFILEPATH	I				1											
/CCEE/FISIFEB_2_CLEAR	A	I_AUGLV	I				1											
/CPD/ADD_MONTH_TO_DATE	A	MONTHS	I				1											
/CUM/GET_DESGUID_FOR_DESNUM	A	INPUT	I				1											
/CUM/GET_DESNUM_FOR_DESGUID	A	INPUT	I				1											
/CWM/CONVERT_CHAR_TO_PACK	A	I_CHAR	I				1											
/ISDFPS/VOWELS_TO_UMLAUTS	A	IF_STRING	I				1											
/OSP/LEMA_CONV_DATE_LNG_FORMAT	A	IV_INPUT	I				1											
/OSP/TRVL_CONV_DATE_LNG_FORMAT	A	IV_INPUT	I				1											
/SAPAPO/CHECK_STRING_SPEC_CHAR	A	STRING	I				1											
/SAPAPO/COLLABORATION	A	I_CLP_COLLABORATION	I				1											
/SAPAPO/CRES_MASS_RES_SAVE	A	SELDATA	I				1											
/SAPAPO/CRES_SCMB_SET_STATUS	A	P_SUBMIT_MODE	I				1											
/SAPAPO/CRES_SET_STATUS	A	P_SUBMIT_MODE	I				1											
/SAPAPO/CRES_TOOLS_SET_STATUS	A	P_SUBMIT_MODE	I				1											
/SAPAPO/LOC_MASS_INITIAL_CHK	A	NODIALOG	I				1											
/SAPAPO/MDSP_NOTES_MAINTAIN	A	APPLICATION	I				1											
/SAPAPO/PARTNER	A	I_CLP_PARTNER	I				1											
/SAPAPO/PPM_MASS_INITIAL_CHK	A	NODIALOG	I				1											
/SAPAPO/PREL_MASS_INITIAL_CHK	A	NODIALOG	I				1											
/SAPAPO/SCC_BW	A	EXCEL_REPORT	I				1											
/SAPAPO/SCC_MODEL_DEL_LOC	A	I_MODELID_FLD	I				1											
/SAPAPO/SCC_MODEL_DEL_MSP	A	I_MODELID_FLD	I				1											
/SAPAPO/SCC_OCX_TR_CLEAR	A	I_TREE_ID	I				1											
/SAPAPO/SCC_OCX_TR_CSTYLE	A	I_STYLE_ID	I				1											
/SAPAPO/SCC_STR_APPEND	A	I_STR1_FLD	I				1											
/SAPAPO/TDCV_ADD_PERIODS	A	NUMBER_OF_PERIODS	I				1											
/SAPAPO/TDCV_IS_INTEGER	A	STRING_TO_BE_CHECKED	I				1											
/SAPAPO/TIMEREFERENCE_GET	A	IV_DATA	I				1											
/SAPAPO/TR_MASS_QTA_INIT_CHK	A	NODIALOG	I				1											
/SAPAPO/TR_MASS_QTA_SAVE	A	SELDATA	I				1											
/SAPAPO/TR_MASS_TL_INIT_CHK	A	NODIALOG	I				1											
/SAPAPO/TR_MASS_TL_SAVE	A	SELDATA	I				1											
/SAPCE/EXIT_CHRID_INPUT	A	INPUT	I				1											
/SAPCE/FK_TRAN_BANK_ACCOUNT	A	BANK_ACCOUNT_E	I				1											
/SAPCEM/DD_DTEL_GET	A	TYP	I				1											
/SAPCEM/OBJECT_CHECK_USE	A	OBJECTID	I				1											
/SAPDMC/DATAELEMENT_GET_TEXTS	A	NAME	I				1											
/SAPDMC/LSM_PATH_FILE_SPLIT	A	PATHFILE	I				1											
/SAPMP/MILL_PC_QTY_MESSAGE	A	I_ACTIVITY	I				1											
/SCMB/CONV_EXIT_BPMAP_RANGE_I	A	INPUT	I				1											
/SEHS/C11A_ALL_BUF_WRITE_TO_DB	A	I_CONFIRM	I				1											
/SEHS/C147_STRING_SHIFT	A	I_STR	I				1											
/SEHS/C147_STRING_SPLIT_AT_POS	A	I_STRING	I				1											
/SEHS/C147_VALID_CHARACTERS	A	I_STRING	I				1											
/SEHS/C14CUS_CHK_REDUND_RADIO	A	FIELDNAME	I				1											
/SEHS/C14CUS_DEL_REDUND_RADIO	A	FIELDNAME	I				1											
/SEHS/C14CUS_NEW_RECORDS	A	FIELDNAME	I				1											
/SEHS/C14F_F4_HANDLE_GENRL_LEN	A	I_GUI_TITLE	I				1											
/SEHS/C14F_F4_HANDLE_GEN_LEN2	A	I_GUI_TITLE	I				1											
/SEHS/C14GN_TEXT_FORMAT	A	I_TEXT	I				1											
/SEHS/C14Z_DBTAB_MANDT_DEP_CHK	A	I_TABNAME	I				1											
/SEHS/C14Z_EXPORT_FIELD_TO_MEM	A	I_ID	I				1											
/SEHS/C14Z_EXPORT_TO_MEMORY	A	I_ID	I				1											
/SEHS/C14Z_IMPORT_FIELD_FR_MEM	A	I_ID	I				1											
/SEHS/C14Z_IMPORT_FROM_MEMORY	A	I_ID	I				1											
/SEHS/C14Z_RECORD_DELETION_CHK	A	I_RECN	I				1											
/SEHS/C160_WA_WRITE	A	I_WA	I				1											
/SEHS/CONVERSION_EXIT_CHRID_IP	A	INPUT	I				1											
/SEHS/CONVERSION_EXIT_CHRID_OP	A	INPUT	I				1											
/SEHS/EHSB_CONTROL_PARAMS_SET	A	I_BUF_CONTROL_PARAMS	I				1											
/SEHS/EHSB_LOCK	A	I_TABLENAME	I				1											
/SEHS/HAZMAT_AUTH_DGTMD_CHECK	A	I_AUTH_ACTVT_CUM	I				1											
/SEHS/HAZMAT_AUTH_DGTMD_CHK_M	A	I_AUTH_ACTVT_CUM	I				1											
/SMB/SC_POPUP_WITH_INFOTEXT	A	TITEL	I				1											
/SMB/SC_POPUP_WITH_SOLU_ERRORS	A	TITEL	I				1											
AA_CUS_TABLE_ENTRIES_TO_MARK	A	ID_HEADER	I				1											
ACCOUNT_REPORT_DIALOG	A	FLG_ERROR_ACCOUNT	I				1											
ACTOR_COPY	A	ACT_OBJID	I				1											
ADDITIONAL_INCOME_DETERMINE	A	IP_ONLY_UD	I				1											
ADDRESS_NAME_SEARCH	A	INPUT	I				1											
ADDR_PERSON_NAME_FIELD_CHECK	A	CHECK_FIELD	I				1											
AIAA_RANGE_INITIAL_SELECTIV	A	IS_TAB_HEADER_LINE	I				1											
AIP2_CHECK_MASTER_DATA	A	I_TASK	I				1											
AIPA_AUTHORITY_CHECK_IP	A	I_OBTYP	I				1											
AIPA_AUTHORITY_CHECK_OR	A	I_ACTVT	I				1											
AIPA_AUTHORITY_CHECK_PR	A	I_ACTVT	I				1											
AIPA_CHECK_MEAS_YRCHG	A	I_OBJNR	I				1											
AIPA_READ_CO_DATA	A	ALL	I				1											
AIPC_POSITION_EDIT	A	INPUT	I				1											
AIPC_POSITION_UNEDIT	A	INPUT	I				1											
AIPL_GET_AFAOBJECT_SINGLE	A	I_INDEX	I				1											
AIPL_GET_AFAOBJECT_SINGLE_IP	A	I_INDEX	I				1											
AIPO_SWITCH_POSNR	A	I_OBJNR_TMP	I				1											
AIST_FIELD_STATUS_DISPLAY	A	I_FEGLG	I				1											
ALE_SER_PROTOCOLL	A	P_PARFL	I				1											
ALINKFILE_CLIENT_TO_TABLE	A	PATH	I				1											
ALM_NOTES_MAINTAIN	A	APPLICATION	I				1											
ALPHA_EXIT_FOR_TYPE_N_CONTROL	A	NO_ALPHA_EXIT_FOR_TYPE_N	I				1											
ALVDG_WORD_WRAP	A	TEXTLINE	I				1											
ALV_DEBIT_POSITION_LIST	A	I_FLG_SHOW_POST	I				1											
AMOUNT_STRING_CONVERT	A	AMOUNT_STRING	I				1											
AM_CONFIRM_LIMIT	A	I_TEST	I				1											
ANKA_CHECK	A	CHECK_VALUE	I				1											
APPL_LOG_PREPARE_HEADER_TEXT	A	FORMAT	I				1											
ARCHIVES_KEY_RETURN	A	I_APPLI	I				1											
