"TestID"	"System"	"Client"	"User"	"Timestamp"	"ServiceOrBAPI"	"Operation"	"Result"	"DocumentCreatedChanged"	"EvidenceFile"	"Bytes"	"SHA256"
"RT-A01-META"	"DS4"	"200"	"QNOVATE8"	"2026-08-18"	"API_MATERIAL_DOCUMENT_SRV"	"GET $metadata"	"HTTP 200"	"none"	"META_API_MATERIAL_DOCUMENT_response.xml"	"40835"	"187E8CC506C4B277E87A4C546FE0C8823C26AB98D7A79D029024F4C5D78B1B00"
"RT-A02-META"	"DS4"	"200"	"QNOVATE8"	"2026-08-18"	"API_OUTBOUND_DELIVERY_SRV;v=2"	"GET $metadata"	"HTTP 200"	"none"	"META_API_OUTBOUND_DELIVERY_V2_response.xml"	"159228"	"4ED0C6E5AEC2AE971BAB67E9EEF13644CE4C3487E3D9391877CD4EBCC09B2FC8"
"RT-A10-META"	"DS4"	"200"	"QNOVATE8"	"2026-08-18"	"API_BILLING_DOCUMENT_SRV"	"GET $metadata"	"HTTP 200"	"none"	"META_API_BILLING_DOCUMENT_response.xml"	"143849"	"AC71A593413A98F6D1A1726851835A4EFD53E69302AF9C1E60BF2C8417913991"
"RT-A08-META"	"DS4"	"200"	"QNOVATE8"	"2026-08-18"	"API_PURCHASEORDER_PROCESS_SRV"	"GET $metadata"	"HTTP 200"	"none"	"META_API_PURCHASEORDER_PROCESS_response.xml"	"119171"	"4C7AACFD68DDA8A382D2D9234E83A12B34A2D410BDB83EAE80A0BCCEFD577727"
"RT-A05-META"	"DS4"	"200"	"QNOVATE8"	"2026-08-18"	"API_MATERIAL_STOCK_SRV"	"GET $metadata"	"HTTP 200"	"none"	"META_API_MATERIAL_STOCK_response.xml"	"16608"	"E1CEE2762A2009CD18FC1663106C44D0FEC68E74ED1AC6A2A5C23118B82A92E5"
"RT-MM-META"	"DS4"	"200"	"QNOVATE8"	"2026-08-18"	"MMIM_MATDOC_SRV"	"GET $metadata"	"HTTP 200"	"none"	"META_MMIM_MATDOC_response.xml"	"71809"	"51CBF22FFEE8532A8393E2CFB8C19D2E1BF3EC51B96D150DE9B57BF56E0008C4"
"RT-SD-META"	"DS4"	"200"	"QNOVATE8"	"2026-08-18"	"SD_CUSTOMER_INVOICES_CREATE"	"GET $metadata"	"HTTP 200"	"none"	"META_SD_CUSTOMER_INVOICES_CREATE_response.xml"	"225238"	"A360A741BE466F122865BB73C9F0BC4C43E99B761830868C502DDC3212B88EE7"
"RT-A08-R01"	"DS4"	"200"	"QNOVATE8"	"2026-08-18"	"API_PURCHASEORDER_PROCESS_SRV"	"GET A_PurchaseOrder filter PurchaseOrderType eq 'ZP06' top 5"	"HTTP 200 / 0 rows"	"none"	"A08_STO_PO_ZP06_probe_response.json"	"51"	"7B2C680B80F929154F662990125729C20779312550FE8FF19CBF221D3DD457DA"
"RT-A08-R02"	"DS4"	"200"	"QNOVATE8"	"2026-08-18"	"API_PURCHASEORDER_PROCESS_SRV"	"GET A_PurchaseOrder unfiltered top 15"	"HTTP 200 / 0 rows"	"none"	"A08_PO_any_probe_response.json"	"51"	"7B2C680B80F929154F662990125729C20779312550FE8FF19CBF221D3DD457DA"
"RT-A09-R01"	"DS4"	"200"	"QNOVATE8"	"2026-08-18"	"API_OUTBOUND_DELIVERY_SRV;v=2"	"GET A_OutbDeliveryHeader unfiltered top 10"	"HTTP 200 / 0 rows"	"none"	"A09_DELIV_any_probe_response.json"	"51"	"7B2C680B80F929154F662990125729C20779312550FE8FF19CBF221D3DD457DA"
"RT-A05-R01"	"DS4"	"200"	"QNOVATE8"	"2026-08-18"	"API_MATERIAL_STOCK_SRV"	"GET A_MatlStkInAcctMod unfiltered top 10"	"HTTP 200 / 0 rows"	"none"	"A05_STOCK_any_probe_response.json"	"51"	"7B2C680B80F929154F662990125729C20779312550FE8FF19CBF221D3DD457DA"
"RT-AN-01"	"DS4"	"200"	"QNOVATE8"	"2026-08-18"	"(analysis)"	"parsed runtime property index"	"1854 properties"	"none"	"RUNTIME_PROPERTY_INDEX.tsv"	"326637"	"AC956B05EDD2F09F554BDEB11A2EB3285B2A7A10A6FE20CA0E5BD19C614F9889"
"RT-AN-02"	"DS4"	"200"	"QNOVATE8"	"2026-08-18"	"(analysis)"	"parsed runtime entity sets"	"110 entity sets"	"none"	"RUNTIME_ENTITYSETS.tsv"	"15331"	"100F1C738B48DBC318CABCE79F7213AC3D46E2C1F980C75A5B66B958A1B068E9"
"RT-AN-03"	"DS4"	"200"	"QNOVATE8"	"2026-08-18"	"(analysis)"	"parsed runtime function imports"	"23 function imports"	"none"	"RUNTIME_FUNCTIONIMPORTS.tsv"	"6468"	"AD162BB0A890F0575D418A668269416103DE5E70B0370734B4E6088EF40FB6AB"
"RT-AN-04"	"DS4"	"200"	"QNOVATE8"	"2026-08-18"	"(analysis)"	"SEGW-extract vs runtime reconciliation"	"see file"	"none"	"RECONCILIATION_SEGW_vs_RUNTIME.tsv"	"632"	"877B30122B243D9F3DC27CB95425907632935D2855AFF55938CCEFB2338289CA"
