"Service"	"EntitySet"	"EntityType"	"Creatable"	"Updatable"	"Deletable"	"Pageable"	"Addressable"	"Searchable"	"ContentVersion"
"API_BILLING_DOCUMENT"	"A_BillingDocument"	"API_BILLING_DOCUMENT_SRV.A_BillingDocumentType"	"false"	"false"	"false"	""	""	""	"1"
"API_BILLING_DOCUMENT"	"A_BillingDocumentItem"	"API_BILLING_DOCUMENT_SRV.A_BillingDocumentItemType"	"false"	"false"	"false"	""	""	""	"1"
"API_BILLING_DOCUMENT"	"A_BillingDocumentItemPartner"	"API_BILLING_DOCUMENT_SRV.A_BillingDocumentItemPartnerType"	"false"	"false"	"false"	""	""	""	"1"
"API_BILLING_DOCUMENT"	"A_BillingDocumentItemPrcgElmnt"	"API_BILLING_DOCUMENT_SRV.A_BillingDocumentItemPrcgElmntType"	"false"	"false"	"false"	""	""	""	"1"
"API_BILLING_DOCUMENT"	"A_BillingDocumentItemText"	"API_BILLING_DOCUMENT_SRV.A_BillingDocumentItemTextType"	"false"	"false"	"false"	""	""	""	"1"
"API_BILLING_DOCUMENT"	"A_BillingDocumentPartner"	"API_BILLING_DOCUMENT_SRV.A_BillingDocumentPartnerType"	"false"	"false"	"false"	""	""	""	"1"
"API_BILLING_DOCUMENT"	"A_BillingDocumentPrcgElmnt"	"API_BILLING_DOCUMENT_SRV.A_BillingDocumentPrcgElmntType"	"false"	"false"	"false"	""	""	""	"1"
"API_BILLING_DOCUMENT"	"A_BillingDocumentText"	"API_BILLING_DOCUMENT_SRV.A_BillingDocumentTextType"	"false"	"false"	"false"	""	""	""	"1"
"API_MATERIAL_DOCUMENT"	"A_MaterialDocumentHeader"	"API_MATERIAL_DOCUMENT_SRV.A_MaterialDocumentHeaderType"	""	"false"	"false"	""	""	""	"1"
"API_MATERIAL_DOCUMENT"	"A_MaterialDocumentItem"	"API_MATERIAL_DOCUMENT_SRV.A_MaterialDocumentItemType"	"false"	"false"	"false"	""	""	""	"1"
"API_MATERIAL_DOCUMENT"	"A_SerialNumberMaterialDocument"	"API_MATERIAL_DOCUMENT_SRV.A_SerialNumberMaterialDocumentType"	"false"	"false"	"false"	""	""	""	"1"
"API_MATERIAL_STOCK"	"A_MaterialStock"	"API_MATERIAL_STOCK_SRV.A_MaterialStockType"	"false"	"false"	"false"	""	""	""	"1"
"API_MATERIAL_STOCK"	"A_MatlStkInAcctMod"	"API_MATERIAL_STOCK_SRV.A_MatlStkInAcctModType"	"false"	"false"	"false"	""	""	""	"1"
"API_OUTBOUND_DELIVERY_V2"	"A_OutbDeliveryItemText"	"API_OUTBOUND_DELIVERY_SRV.A_OutbDeliveryItemTextType"	""	""	""	"false"	"false"	""	"2"
"API_OUTBOUND_DELIVERY_V2"	"A_OutbDeliveryHeaderText"	"API_OUTBOUND_DELIVERY_SRV.A_OutbDeliveryHeaderTextType"	""	""	""	"false"	"false"	""	"2"
"API_OUTBOUND_DELIVERY_V2"	"A_HandlingUnitHeaderDelivery"	"API_OUTBOUND_DELIVERY_SRV.A_HandlingUnitHeaderDeliveryType"	""	"false"	"false"	"false"	"false"	"true"	"2"
"API_OUTBOUND_DELIVERY_V2"	"A_HandlingUnitItemDelivery"	"API_OUTBOUND_DELIVERY_SRV.A_HandlingUnitItemDeliveryType"	""	"false"	"false"	"false"	"false"	"true"	"2"
"API_OUTBOUND_DELIVERY_V2"	"A_OutbDeliveryAddress2"	"API_OUTBOUND_DELIVERY_SRV.A_OutbDeliveryAddress2Type"	"false"	""	"false"	""	""	"true"	"2"
"API_OUTBOUND_DELIVERY_V2"	"A_OutbDeliveryItem"	"API_OUTBOUND_DELIVERY_SRV.A_OutbDeliveryItemType"	"false"	""	""	""	""	"true"	"2"
"API_OUTBOUND_DELIVERY_V2"	"A_OutbDeliveryHeader"	"API_OUTBOUND_DELIVERY_SRV.A_OutbDeliveryHeaderType"	""	""	""	""	""	"true"	"2"
"API_OUTBOUND_DELIVERY_V2"	"A_OutbDeliveryDocFlow"	"API_OUTBOUND_DELIVERY_SRV.A_OutbDeliveryDocFlowType"	"false"	""	"false"	"false"	"false"	""	"2"
"API_OUTBOUND_DELIVERY_V2"	"A_MaintenanceItemObject"	"API_OUTBOUND_DELIVERY_SRV.A_MaintenanceItemObjectType"	"false"	"false"	"false"	"false"	"false"	""	"2"
"API_OUTBOUND_DELIVERY_V2"	"A_SerialNmbrDelivery"	"API_OUTBOUND_DELIVERY_SRV.A_SerialNmbrDeliveryType"	"false"	"false"	"false"	"false"	"false"	""	"2"
"API_OUTBOUND_DELIVERY_V2"	"A_OutbDeliveryPartner"	"API_OUTBOUND_DELIVERY_SRV.A_OutbDeliveryPartnerType"	"false"	"false"	"false"	"false"	"false"	""	"2"
"API_OUTBOUND_DELIVERY_V2"	"A_OutbDeliveryAddress"	"API_OUTBOUND_DELIVERY_SRV.A_OutbDeliveryAddressType"	"false"	"false"	"false"	"false"	"false"	""	"2"
"API_PURCHASEORDER_PROCESS"	"A_POSubcontractingComponent"	"API_PURCHASEORDER_PROCESS_SRV.A_POSubcontractingComponentType"	""	""	""	""	""	""	"1"
"API_PURCHASEORDER_PROCESS"	"A_PurchaseOrder"	"API_PURCHASEORDER_PROCESS_SRV.A_PurchaseOrderType"	""	""	""	""	""	""	"1"
"API_PURCHASEORDER_PROCESS"	"A_PurchaseOrderItem"	"API_PURCHASEORDER_PROCESS_SRV.A_PurchaseOrderItemType"	""	""	""	""	""	""	"1"
"API_PURCHASEORDER_PROCESS"	"A_PurchaseOrderItemNote"	"API_PURCHASEORDER_PROCESS_SRV.A_PurchaseOrderItemNoteType"	""	""	""	""	""	""	"1"
"API_PURCHASEORDER_PROCESS"	"A_PurchaseOrderNote"	"API_PURCHASEORDER_PROCESS_SRV.A_PurchaseOrderNoteType"	""	""	""	""	""	""	"1"
"API_PURCHASEORDER_PROCESS"	"A_PurchaseOrderScheduleLine"	"API_PURCHASEORDER_PROCESS_SRV.A_PurchaseOrderScheduleLineType"	""	""	""	""	""	""	"1"
"API_PURCHASEORDER_PROCESS"	"A_PurOrdAccountAssignment"	"API_PURCHASEORDER_PROCESS_SRV.A_PurOrdAccountAssignmentType"	""	""	""	""	""	""	"1"
"API_PURCHASEORDER_PROCESS"	"A_PurOrdPricingElement"	"API_PURCHASEORDER_PROCESS_SRV.A_PurOrdPricingElementType"	""	""	""	""	""	""	"1"
"MMIM_MATDOC"	"C_MM_SalesOrderItemValueHelp"	"MMIM_MATDOC_SRV.C_MM_SalesOrderItemValueHelpType"	"false"	"false"	"false"	""	""	"true"	"1"
"MMIM_MATDOC"	"I_ChartOfAccountsStdVH"	"MMIM_MATDOC_SRV.I_ChartOfAccountsStdVHType"	"false"	"false"	"false"	""	""	"true"	"1"
"MMIM_MATDOC"	"I_ControllingArea"	"MMIM_MATDOC_SRV.I_ControllingAreaType"	"false"	"false"	"false"	""	""	"true"	"1"
"MMIM_MATDOC"	"I_Customer_VH"	"MMIM_MATDOC_SRV.I_Customer_VHType"	"false"	"false"	"false"	""	""	"true"	"1"
"MMIM_MATDOC"	"I_MaterialStdVH"	"MMIM_MATDOC_SRV.I_MaterialStdVHType"	"false"	"false"	"false"	""	""	"true"	"1"
"MMIM_MATDOC"	"I_ProfitCenterStdVH"	"MMIM_MATDOC_SRV.I_ProfitCenterStdVHType"	"false"	"false"	"false"	""	""	"true"	"1"
"MMIM_MATDOC"	"MMIM_WBSELEMENTVALUEHELP"	"MMIM_MATDOC_SRV.MMIM_WBSELEMENTVALUEHELPType"	"false"	"false"	"false"	""	""	"true"	"1"
"MMIM_MATDOC"	"SAP__Currencies"	"MMIM_MATDOC_SRV.SAP__Currency"	""	""	""	""	""	""	"1"
"MMIM_MATDOC"	"SAP__UnitsOfMeasure"	"MMIM_MATDOC_SRV.SAP__UnitOfMeasure"	""	""	""	""	""	""	"1"
"MMIM_MATDOC"	"SAP__MyDocumentDescriptions"	"MMIM_MATDOC_SRV.SAP__DocumentDescription"	""	""	""	""	""	""	"1"
"MMIM_MATDOC"	"SAP__FormatSet"	"MMIM_MATDOC_SRV.SAP__Format"	"false"	"false"	"false"	"false"	"false"	""	"1"
"MMIM_MATDOC"	"SAP__PDFStandardSet"	"MMIM_MATDOC_SRV.SAP__PDFStandard"	"false"	"false"	"false"	"false"	"false"	""	"1"
"MMIM_MATDOC"	"SAP__TableColumnsSet"	"MMIM_MATDOC_SRV.SAP__TableColumns"	"false"	"false"	"false"	"false"	"false"	""	"1"
"MMIM_MATDOC"	"SAP__CoverPageSet"	"MMIM_MATDOC_SRV.SAP__CoverPage"	"false"	"false"	"false"	"false"	"false"	""	"1"
"MMIM_MATDOC"	"SAP__SignatureSet"	"MMIM_MATDOC_SRV.SAP__Signature"	"false"	"false"	"false"	"false"	"false"	""	"1"
"MMIM_MATDOC"	"SAP__ValueHelpSet"	"MMIM_MATDOC_SRV.SAP__ValueHelp"	""	""	""	""	""	""	"1"
"MMIM_MATDOC"	"MatDocItems"	"MMIM_MATDOC_SRV.MatDocItem"	"false"	"false"	"false"	"false"	""	""	"1"
"MMIM_MATDOC"	"CostCenterHelps"	"MMIM_MATDOC_SRV.CostCenterHelp"	"false"	"false"	"false"	"false"	""	""	"1"
"MMIM_MATDOC"	"MatDocHeaders"	"MMIM_MATDOC_SRV.MatDocHeader"	"false"	"false"	"false"	"false"	""	""	"1"
"MMIM_MATDOC"	"ManagedStockTypes"	"MMIM_MATDOC_SRV.ManagedStockType"	"false"	"false"	"false"	"false"	""	""	"1"
"MMIM_MATDOC"	"SalesOrderTransVHelps"	"MMIM_MATDOC_SRV.SalesOrderTransVHelp"	"false"	"false"	"false"	"false"	""	""	"1"
"MMIM_MATDOC"	"GoodsMovementReasons"	"MMIM_MATDOC_SRV.GoodsMovementReason"	"false"	"false"	"false"	"false"	""	""	"1"
"MMIM_MATDOC"	"WBSElementTransVHelps"	"MMIM_MATDOC_SRV.WBSElementTransVHelp"	"false"	"false"	"false"	"false"	""	""	"1"
"MMIM_MATDOC"	"MatDocItemSerialNumSet"	"MMIM_MATDOC_SRV.MatDocItemSerialNum"	"false"	"false"	"false"	"false"	""	""	"1"
"SD_CUSTOMER_INVOICES_CREATE"	"SAP__Currencies"	"SD_CUSTOMER_INVOICES_CREATE.SAP__Currency"	""	""	""	""	""	""	"1"
"SD_CUSTOMER_INVOICES_CREATE"	"SAP__UnitsOfMeasure"	"SD_CUSTOMER_INVOICES_CREATE.SAP__UnitOfMeasure"	""	""	""	""	""	""	"1"
"SD_CUSTOMER_INVOICES_CREATE"	"SAP__MyDocumentDescriptions"	"SD_CUSTOMER_INVOICES_CREATE.SAP__DocumentDescription"	""	""	""	""	""	""	"1"
"SD_CUSTOMER_INVOICES_CREATE"	"SAP__FormatSet"	"SD_CUSTOMER_INVOICES_CREATE.SAP__Format"	"false"	"false"	"false"	"false"	"false"	""	"1"
"SD_CUSTOMER_INVOICES_CREATE"	"SAP__PDFStandardSet"	"SD_CUSTOMER_INVOICES_CREATE.SAP__PDFStandard"	"false"	"false"	"false"	"false"	"false"	""	"1"
"SD_CUSTOMER_INVOICES_CREATE"	"SAP__TableColumnsSet"	"SD_CUSTOMER_INVOICES_CREATE.SAP__TableColumns"	"false"	"false"	"false"	"false"	"false"	""	"1"
"SD_CUSTOMER_INVOICES_CREATE"	"SAP__CoverPageSet"	"SD_CUSTOMER_INVOICES_CREATE.SAP__CoverPage"	"false"	"false"	"false"	"false"	"false"	""	"1"
"SD_CUSTOMER_INVOICES_CREATE"	"SAP__SignatureSet"	"SD_CUSTOMER_INVOICES_CREATE.SAP__Signature"	"false"	"false"	"false"	"false"	"false"	""	"1"
"SD_CUSTOMER_INVOICES_CREATE"	"SAP__ValueHelpSet"	"SD_CUSTOMER_INVOICES_CREATE.SAP__ValueHelp"	""	""	""	""	""	""	"1"
"SD_CUSTOMER_INVOICES_CREATE"	"C_BillgDocDueListCreatedByVH"	"SD_CUSTOMER_INVOICES_CREATE.C_BillgDocDueListCreatedByVHType"	"false"	"false"	"false"	""	""	"true"	"1"
"SD_CUSTOMER_INVOICES_CREATE"	"C_BillingDocumentCategoryVH"	"SD_CUSTOMER_INVOICES_CREATE.C_BillingDocumentCategoryVHType"	"false"	"false"	"false"	""	""	"true"	"1"
"SD_CUSTOMER_INVOICES_CREATE"	"C_BillingDocumentTypeVH"	"SD_CUSTOMER_INVOICES_CREATE.C_BillingDocumentTypeVHType"	"false"	"false"	"false"	""	""	"true"	"1"
"SD_CUSTOMER_INVOICES_CREATE"	"C_BillingDueListItem_F0798"	"SD_CUSTOMER_INVOICES_CREATE.C_BillingDueListItem_F0798Type"	"false"	"false"	"false"	""	""	"true"	"1"
"SD_CUSTOMER_INVOICES_CREATE"	"C_CustomerProjectVH"	"SD_CUSTOMER_INVOICES_CREATE.C_CustomerProjectVHType"	"false"	"false"	"false"	""	""	"true"	"1"
"SD_CUSTOMER_INVOICES_CREATE"	"C_DeliveryDocItemToBeBilled"	"SD_CUSTOMER_INVOICES_CREATE.C_DeliveryDocItemToBeBilledType"	"false"	"false"	"false"	""	""	""	"1"
"SD_CUSTOMER_INVOICES_CREATE"	"C_Dischannelvaluehelp"	"SD_CUSTOMER_INVOICES_CREATE.C_DischannelvaluehelpType"	"false"	"false"	"false"	""	""	"true"	"1"
"SD_CUSTOMER_INVOICES_CREATE"	"C_OrgDivisionValueHelp"	"SD_CUSTOMER_INVOICES_CREATE.C_OrgDivisionValueHelpType"	"false"	"false"	"false"	""	""	"true"	"1"
"SD_CUSTOMER_INVOICES_CREATE"	"C_SalesDocSalesOrganizationVH"	"SD_CUSTOMER_INVOICES_CREATE.C_SalesDocSalesOrganizationVHType"	"false"	"false"	"false"	""	""	"true"	"1"
"SD_CUSTOMER_INVOICES_CREATE"	"C_SDCustomerAddressVH"	"SD_CUSTOMER_INVOICES_CREATE.C_SDCustomerAddressVHType"	"false"	"false"	"false"	""	""	"true"	"1"
"SD_CUSTOMER_INVOICES_CREATE"	"C_SoldToValueHelp"	"SD_CUSTOMER_INVOICES_CREATE.C_SoldToValueHelpType"	"false"	"false"	"false"	""	""	"true"	"1"
"SD_CUSTOMER_INVOICES_CREATE"	"I_Address"	"SD_CUSTOMER_INVOICES_CREATE.I_AddressType"	"false"	"false"	"false"	""	"false"	""	"1"
"SD_CUSTOMER_INVOICES_CREATE"	"I_BillingBlockReason"	"SD_CUSTOMER_INVOICES_CREATE.I_BillingBlockReasonType"	"false"	"false"	"false"	""	""	"true"	"1"
"SD_CUSTOMER_INVOICES_CREATE"	"I_BillingBlockReasonText"	"SD_CUSTOMER_INVOICES_CREATE.I_BillingBlockReasonTextType"	"false"	"false"	"false"	""	""	"true"	"1"
"SD_CUSTOMER_INVOICES_CREATE"	"I_BillingDocumentCategory"	"SD_CUSTOMER_INVOICES_CREATE.I_BillingDocumentCategoryType"	"false"	"false"	"false"	""	""	"true"	"1"
"SD_CUSTOMER_INVOICES_CREATE"	"I_BillingDocumentCategoryText"	"SD_CUSTOMER_INVOICES_CREATE.I_BillingDocumentCategoryTextType"	"false"	"false"	"false"	""	""	"true"	"1"
"SD_CUSTOMER_INVOICES_CREATE"	"I_BillingDocumentType"	"SD_CUSTOMER_INVOICES_CREATE.I_BillingDocumentTypeType"	"false"	"false"	"false"	""	""	"true"	"1"
"SD_CUSTOMER_INVOICES_CREATE"	"I_BillingDocumentTypeText"	"SD_CUSTOMER_INVOICES_CREATE.I_BillingDocumentTypeTextType"	"false"	"false"	"false"	""	""	"true"	"1"
"SD_CUSTOMER_INVOICES_CREATE"	"I_CompanyCodeStdVH"	"SD_CUSTOMER_INVOICES_CREATE.I_CompanyCodeStdVHType"	"false"	"false"	"false"	""	""	"true"	"1"
"SD_CUSTOMER_INVOICES_CREATE"	"I_CostCenterStdVH"	"SD_CUSTOMER_INVOICES_CREATE.I_CostCenterStdVHType"	"false"	"false"	"false"	""	""	"true"	"1"
"SD_CUSTOMER_INVOICES_CREATE"	"I_Country"	"SD_CUSTOMER_INVOICES_CREATE.I_CountryType"	"false"	"false"	"false"	""	""	"true"	"1"
"SD_CUSTOMER_INVOICES_CREATE"	"I_CountryText"	"SD_CUSTOMER_INVOICES_CREATE.I_CountryTextType"	"false"	"false"	"false"	""	""	"true"	"1"
"SD_CUSTOMER_INVOICES_CREATE"	"I_Currency"	"SD_CUSTOMER_INVOICES_CREATE.I_CurrencyType"	"false"	"false"	"false"	""	""	"true"	"1"
"SD_CUSTOMER_INVOICES_CREATE"	"I_CurrencyStdVH"	"SD_CUSTOMER_INVOICES_CREATE.I_CurrencyStdVHType"	"false"	"false"	"false"	""	""	"true"	"1"
"SD_CUSTOMER_INVOICES_CREATE"	"I_CurrencyText"	"SD_CUSTOMER_INVOICES_CREATE.I_CurrencyTextType"	"false"	"false"	"false"	""	""	"true"	"1"
"SD_CUSTOMER_INVOICES_CREATE"	"I_CustomerProjectStdVH"	"SD_CUSTOMER_INVOICES_CREATE.I_CustomerProjectStdVHType"	"false"	"false"	"false"	""	""	"true"	"1"
"SD_CUSTOMER_INVOICES_CREATE"	"I_Customer_VH"	"SD_CUSTOMER_INVOICES_CREATE.I_Customer_VHType"	"false"	"false"	"false"	""	""	"true"	"1"
"SD_CUSTOMER_INVOICES_CREATE"	"I_EngmntProjSrvcOrgStdVH"	"SD_CUSTOMER_INVOICES_CREATE.I_EngmntProjSrvcOrgStdVHType"	"false"	"false"	"false"	""	""	"true"	"1"
"SD_CUSTOMER_INVOICES_CREATE"	"I_OverallProofOfDelivStatus"	"SD_CUSTOMER_INVOICES_CREATE.I_OverallProofOfDelivStatusType"	"false"	"false"	"false"	""	""	""	"1"
"SD_CUSTOMER_INVOICES_CREATE"	"I_OverallProofOfDelivStatusT"	"SD_CUSTOMER_INVOICES_CREATE.I_OverallProofOfDelivStatusTType"	"false"	"false"	"false"	""	""	""	"1"
"SD_CUSTOMER_INVOICES_CREATE"	"I_Product"	"SD_CUSTOMER_INVOICES_CREATE.I_ProductType"	"false"	"false"	"false"	""	""	"true"	"1"
"SD_CUSTOMER_INVOICES_CREATE"	"I_ProductStdVH"	"SD_CUSTOMER_INVOICES_CREATE.I_ProductStdVHType"	"false"	"false"	"false"	""	""	"true"	"1"
"SD_CUSTOMER_INVOICES_CREATE"	"I_ProductVH"	"SD_CUSTOMER_INVOICES_CREATE.I_ProductVHType"	"false"	"false"	"false"	""	""	"true"	"1"
"SD_CUSTOMER_INVOICES_CREATE"	"I_ProfitCenterStdVH"	"SD_CUSTOMER_INVOICES_CREATE.I_ProfitCenterStdVHType"	"false"	"false"	"false"	""	""	"true"	"1"
"SD_CUSTOMER_INVOICES_CREATE"	"I_SalesDocumentItemCategory"	"SD_CUSTOMER_INVOICES_CREATE.I_SalesDocumentItemCategoryType"	"false"	"false"	"false"	""	""	""	"1"
"SD_CUSTOMER_INVOICES_CREATE"	"I_SalesOrganization"	"SD_CUSTOMER_INVOICES_CREATE.I_SalesOrganizationType"	"false"	"false"	"false"	""	""	"true"	"1"
"SD_CUSTOMER_INVOICES_CREATE"	"I_SalesOrganizationText"	"SD_CUSTOMER_INVOICES_CREATE.I_SalesOrganizationTextType"	"false"	"false"	"false"	""	""	"true"	"1"
"SD_CUSTOMER_INVOICES_CREATE"	"I_SDDocumentCategory"	"SD_CUSTOMER_INVOICES_CREATE.I_SDDocumentCategoryType"	"false"	"false"	"false"	""	""	"true"	"1"
"SD_CUSTOMER_INVOICES_CREATE"	"I_SDDocumentCategoryText"	"SD_CUSTOMER_INVOICES_CREATE.I_SDDocumentCategoryTextType"	"false"	"false"	"false"	""	""	"true"	"1"
"SD_CUSTOMER_INVOICES_CREATE"	"I_SDDocumentType"	"SD_CUSTOMER_INVOICES_CREATE.I_SDDocumentTypeType"	"false"	"false"	"false"	""	""	"true"	"1"
"SD_CUSTOMER_INVOICES_CREATE"	"I_ShippingPoint"	"SD_CUSTOMER_INVOICES_CREATE.I_ShippingPointType"	"false"	"false"	"false"	""	""	""	"1"
"SD_CUSTOMER_INVOICES_CREATE"	"I_ShippingPointStdVH"	"SD_CUSTOMER_INVOICES_CREATE.I_ShippingPointStdVHType"	"false"	"false"	"false"	""	""	"true"	"1"
"SD_CUSTOMER_INVOICES_CREATE"	"I_ShippingPointText"	"SD_CUSTOMER_INVOICES_CREATE.I_ShippingPointTextType"	"false"	"false"	"false"	""	""	"true"	"1"
"SD_CUSTOMER_INVOICES_CREATE"	"I_UnitOfMeasure"	"SD_CUSTOMER_INVOICES_CREATE.I_UnitOfMeasureType"	"false"	"false"	"false"	""	""	"true"	"1"
