"Service"	"EntityType"	"Nav"	"Relationship"	"FromRole"	"ToRole"
"API_BILLING_DOCUMENT"	"A_BillingDocumentType"	"to_Item"	"API_BILLING_DOCUMENT_SRV.assoc_35B79867633D35B2FD84F13E02610402"	"FromRole_assoc_35B79867633D35B2FD84F13E02610402"	"ToRole_assoc_35B79867633D35B2FD84F13E02610402"
"API_BILLING_DOCUMENT"	"A_BillingDocumentType"	"to_Partner"	"API_BILLING_DOCUMENT_SRV.assoc_6E54000D29CFBF364A7135E2F0C09165"	"FromRole_assoc_6E54000D29CFBF364A7135E2F0C09165"	"ToRole_assoc_6E54000D29CFBF364A7135E2F0C09165"
"API_BILLING_DOCUMENT"	"A_BillingDocumentType"	"to_PricingElement"	"API_BILLING_DOCUMENT_SRV.assoc_73708EAAEB07CAF2AD2C13A873F4C1C2"	"FromRole_assoc_73708EAAEB07CAF2AD2C13A873F4C1C2"	"ToRole_assoc_73708EAAEB07CAF2AD2C13A873F4C1C2"
"API_BILLING_DOCUMENT"	"A_BillingDocumentType"	"to_Text"	"API_BILLING_DOCUMENT_SRV.assoc_4CFBA5FAB2A531D8441023280D33B959"	"FromRole_assoc_4CFBA5FAB2A531D8441023280D33B959"	"ToRole_assoc_4CFBA5FAB2A531D8441023280D33B959"
"API_BILLING_DOCUMENT"	"A_BillingDocumentItemType"	"to_BillingDocument"	"API_BILLING_DOCUMENT_SRV.assoc_9352BC647D962607B845776023DBC0EA"	"FromRole_assoc_9352BC647D962607B845776023DBC0EA"	"ToRole_assoc_9352BC647D962607B845776023DBC0EA"
"API_BILLING_DOCUMENT"	"A_BillingDocumentItemType"	"to_ItemText"	"API_BILLING_DOCUMENT_SRV.assoc_FA80A41A210F7ABB838AB436CF3EB4DC"	"FromRole_assoc_FA80A41A210F7ABB838AB436CF3EB4DC"	"ToRole_assoc_FA80A41A210F7ABB838AB436CF3EB4DC"
"API_BILLING_DOCUMENT"	"A_BillingDocumentItemType"	"to_Partner"	"API_BILLING_DOCUMENT_SRV.assoc_450B9C1DC24E46CFFB6B64C66385B17C"	"FromRole_assoc_450B9C1DC24E46CFFB6B64C66385B17C"	"ToRole_assoc_450B9C1DC24E46CFFB6B64C66385B17C"
"API_BILLING_DOCUMENT"	"A_BillingDocumentItemType"	"to_PricingElement"	"API_BILLING_DOCUMENT_SRV.assoc_47B39CE7FE2576A1224D37D5A7B63487"	"FromRole_assoc_47B39CE7FE2576A1224D37D5A7B63487"	"ToRole_assoc_47B39CE7FE2576A1224D37D5A7B63487"
"API_BILLING_DOCUMENT"	"A_BillingDocumentItemPartnerType"	"to_BillingDocument"	"API_BILLING_DOCUMENT_SRV.assoc_6A9D517128245B38C775F9670BF1C610"	"FromRole_assoc_6A9D517128245B38C775F9670BF1C610"	"ToRole_assoc_6A9D517128245B38C775F9670BF1C610"
"API_BILLING_DOCUMENT"	"A_BillingDocumentItemPartnerType"	"to_BillingDocumentItem"	"API_BILLING_DOCUMENT_SRV.assoc_624185724F0255C5DFCFC94191287FE3"	"FromRole_assoc_624185724F0255C5DFCFC94191287FE3"	"ToRole_assoc_624185724F0255C5DFCFC94191287FE3"
"API_BILLING_DOCUMENT"	"A_BillingDocumentItemPrcgElmntType"	"to_BillingDocument"	"API_BILLING_DOCUMENT_SRV.assoc_37F1ED3FCAC4BE59F9181B82F778E793"	"FromRole_assoc_37F1ED3FCAC4BE59F9181B82F778E793"	"ToRole_assoc_37F1ED3FCAC4BE59F9181B82F778E793"
"API_BILLING_DOCUMENT"	"A_BillingDocumentItemPrcgElmntType"	"to_BillingDocumentItem"	"API_BILLING_DOCUMENT_SRV.assoc_3AE5A52FB6B16026836352E2F7E76A15"	"FromRole_assoc_3AE5A52FB6B16026836352E2F7E76A15"	"ToRole_assoc_3AE5A52FB6B16026836352E2F7E76A15"
"API_BILLING_DOCUMENT"	"A_BillingDocumentPartnerType"	"to_BillingDocument"	"API_BILLING_DOCUMENT_SRV.assoc_5D57658E526D1FF553BDECFEA1D9FFE8"	"FromRole_assoc_5D57658E526D1FF553BDECFEA1D9FFE8"	"ToRole_assoc_5D57658E526D1FF553BDECFEA1D9FFE8"
"API_BILLING_DOCUMENT"	"A_BillingDocumentPrcgElmntType"	"to_BillingDocument"	"API_BILLING_DOCUMENT_SRV.assoc_857338406F9DA2FD6BADA12C966496AB"	"FromRole_assoc_857338406F9DA2FD6BADA12C966496AB"	"ToRole_assoc_857338406F9DA2FD6BADA12C966496AB"
"API_MATERIAL_DOCUMENT"	"A_MaterialDocumentHeaderType"	"to_MaterialDocumentItem"	"API_MATERIAL_DOCUMENT_SRV.assoc_9241EE3C64DC6370D0509D8AA8DA2241"	"FromRole_assoc_9241EE3C64DC6370D0509D8AA8DA2241"	"ToRole_assoc_9241EE3C64DC6370D0509D8AA8DA2241"
"API_MATERIAL_DOCUMENT"	"A_MaterialDocumentItemType"	"to_MaterialDocumentHeader"	"API_MATERIAL_DOCUMENT_SRV.assoc_9241EE3C64DC6370D0509D8AA8DA2241"	"ToRole_assoc_9241EE3C64DC6370D0509D8AA8DA2241"	"FromRole_assoc_9241EE3C64DC6370D0509D8AA8DA2241"
"API_MATERIAL_DOCUMENT"	"A_MaterialDocumentItemType"	"to_SerialNumbers"	"API_MATERIAL_DOCUMENT_SRV.assoc_1108E069A43298B681C7DD076FEE7F8E"	"FromRole_assoc_1108E069A43298B681C7DD076FEE7F8E"	"ToRole_assoc_1108E069A43298B681C7DD076FEE7F8E"
"API_MATERIAL_STOCK"	"A_MaterialStockType"	"to_MatlStkInAcctMod"	"API_MATERIAL_STOCK_SRV.assoc_54E8EB962C48178E40453A31481776EE"	"FromRole_assoc_54E8EB962C48178E40453A31481776EE"	"ToRole_assoc_54E8EB962C48178E40453A31481776EE"
"API_MATERIAL_STOCK"	"A_MatlStkInAcctModType"	"to_MaterialStock"	"API_MATERIAL_STOCK_SRV.assoc_F6B85CF893D9D7998DAB6F6B58E318D6"	"FromRole_assoc_F6B85CF893D9D7998DAB6F6B58E318D6"	"ToRole_assoc_F6B85CF893D9D7998DAB6F6B58E318D6"
"API_OUTBOUND_DELIVERY_V2"	"A_HandlingUnitHeaderDeliveryType"	"to_HandlingUnitItemDelivery"	"API_OUTBOUND_DELIVERY_SRV.assoc_HuHeader_HuItem"	"FromRole_assoc_HuHeader_HuItem"	"ToRole_assoc_HuHeader_HuItem"
"API_OUTBOUND_DELIVERY_V2"	"A_OutbDeliveryItemType"	"to_DeliveryDocumentItemText"	"API_OUTBOUND_DELIVERY_SRV.assoc_Item_Text"	"FromRole_assoc_Item_Text"	"ToRole_assoc_Item_Text"
"API_OUTBOUND_DELIVERY_V2"	"A_OutbDeliveryItemType"	"to_HandlingUnitItemDelivery"	"API_OUTBOUND_DELIVERY_SRV.assoc_DeliveryItem_HuItem"	"FromRole_assoc_DeliveryItem_HuItem"	"ToRole_assoc_DeliveryItem_HuItem"
"API_OUTBOUND_DELIVERY_V2"	"A_OutbDeliveryItemType"	"to_DocumentFlow"	"API_OUTBOUND_DELIVERY_SRV.assoc_Item_DocFlow"	"FromRole_assoc_Item_DocFlow"	"ToRole_assoc_Item_DocFlow"
"API_OUTBOUND_DELIVERY_V2"	"A_OutbDeliveryItemType"	"to_SerialDeliveryItem"	"API_OUTBOUND_DELIVERY_SRV.assoc_Item_Serial"	"FromRole_assoc_Item_Serial"	"ToRole_assoc_Item_Serial"
"API_OUTBOUND_DELIVERY_V2"	"A_OutbDeliveryHeaderType"	"to_DeliveryDocumentText"	"API_OUTBOUND_DELIVERY_SRV.assoc_Header_Text"	"FromRole_assoc_Header_Text"	"ToRole_assoc_Header_Text"
"API_OUTBOUND_DELIVERY_V2"	"A_OutbDeliveryHeaderType"	"to_HandlingUnitHeaderDelivery"	"API_OUTBOUND_DELIVERY_SRV.assoc_DeliveryHeader_HuHeader"	"FromRole_assoc_DeliveryHeader_HuHeader"	"ToRole_assoc_DeliveryHeader_HuHeader"
"API_OUTBOUND_DELIVERY_V2"	"A_OutbDeliveryHeaderType"	"to_DeliveryDocumentPartner"	"API_OUTBOUND_DELIVERY_SRV.assoc_Header_Partner"	"FromRole_assoc_Header_Partner"	"ToRole_assoc_Header_Partner"
"API_OUTBOUND_DELIVERY_V2"	"A_OutbDeliveryHeaderType"	"to_DeliveryDocumentItem"	"API_OUTBOUND_DELIVERY_SRV.assoc_Header_Item"	"FromRole_assoc_Header_Item"	"ToRole_assoc_Header_Item"
"API_OUTBOUND_DELIVERY_V2"	"A_SerialNmbrDeliveryType"	"to_MaintenanceItemObject"	"API_OUTBOUND_DELIVERY_SRV.assoc_Serial_MaintenanceItemObject"	"FromRole_assoc_Serial_MaintenanceItemObject"	"ToRole_assoc_Serial_MaintenanceItemObject"
"API_OUTBOUND_DELIVERY_V2"	"A_OutbDeliveryPartnerType"	"to_Address2"	"API_OUTBOUND_DELIVERY_SRV.assoc_Partner_Address2"	"FromRole_assoc_Partner_Address2"	"ToRole_assoc_Partner_Address2"
"API_OUTBOUND_DELIVERY_V2"	"A_OutbDeliveryPartnerType"	"to_Address"	"API_OUTBOUND_DELIVERY_SRV.assoc_Partner_Address"	"FromRole_assoc_Partner_Address"	"ToRole_assoc_Partner_Address"
"API_PURCHASEORDER_PROCESS"	"A_PurchaseOrderType"	"to_PurchaseOrderItem"	"API_PURCHASEORDER_PROCESS_SRV.assoc_B82FE5DCCFCFC7E372EA017CC6733068"	"FromRole_assoc_B82FE5DCCFCFC7E372EA017CC6733068"	"ToRole_assoc_B82FE5DCCFCFC7E372EA017CC6733068"
"API_PURCHASEORDER_PROCESS"	"A_PurchaseOrderType"	"to_PurchaseOrderNote"	"API_PURCHASEORDER_PROCESS_SRV.assoc_2466C19B748A2B2CBE2B1754B1434472"	"FromRole_assoc_2466C19B748A2B2CBE2B1754B1434472"	"ToRole_assoc_2466C19B748A2B2CBE2B1754B1434472"
"API_PURCHASEORDER_PROCESS"	"A_PurchaseOrderItemType"	"to_PurchaseOrder"	"API_PURCHASEORDER_PROCESS_SRV.assoc_B82FE5DCCFCFC7E372EA017CC6733068"	"ToRole_assoc_B82FE5DCCFCFC7E372EA017CC6733068"	"FromRole_assoc_B82FE5DCCFCFC7E372EA017CC6733068"
"API_PURCHASEORDER_PROCESS"	"A_PurchaseOrderItemType"	"to_AccountAssignment"	"API_PURCHASEORDER_PROCESS_SRV.assoc_19BBE09FA429018258275EDA1C9534B1"	"FromRole_assoc_19BBE09FA429018258275EDA1C9534B1"	"ToRole_assoc_19BBE09FA429018258275EDA1C9534B1"
"API_PURCHASEORDER_PROCESS"	"A_PurchaseOrderItemType"	"to_PurchaseOrderItemNote"	"API_PURCHASEORDER_PROCESS_SRV.assoc_FC8A787F328FE0E8BF79CA62ADFB77F4"	"FromRole_assoc_FC8A787F328FE0E8BF79CA62ADFB77F4"	"ToRole_assoc_FC8A787F328FE0E8BF79CA62ADFB77F4"
"API_PURCHASEORDER_PROCESS"	"A_PurchaseOrderItemType"	"to_PurchaseOrderPricingElement"	"API_PURCHASEORDER_PROCESS_SRV.assoc_EFF2B310CC1279C17A53542CD0A7DF92"	"FromRole_assoc_EFF2B310CC1279C17A53542CD0A7DF92"	"ToRole_assoc_EFF2B310CC1279C17A53542CD0A7DF92"
"API_PURCHASEORDER_PROCESS"	"A_PurchaseOrderItemType"	"to_ScheduleLine"	"API_PURCHASEORDER_PROCESS_SRV.assoc_8A637AB8579B29B7A7F36730E8B65ACD"	"FromRole_assoc_8A637AB8579B29B7A7F36730E8B65ACD"	"ToRole_assoc_8A637AB8579B29B7A7F36730E8B65ACD"
"API_PURCHASEORDER_PROCESS"	"A_PurchaseOrderScheduleLineType"	"to_SubcontractingComponent"	"API_PURCHASEORDER_PROCESS_SRV.assoc_6E3D67F4936B508A3D2BD2F5F3688B55"	"FromRole_assoc_6E3D67F4936B508A3D2BD2F5F3688B55"	"ToRole_assoc_6E3D67F4936B508A3D2BD2F5F3688B55"
"MMIM_MATDOC"	"MatDocItem"	"MatDocItem2Serial"	"MMIM_MATDOC_SRV.MatDocItem_to_SerialNumbers"	"FromRole_MatDocItem_to_SerialNumbers"	"ToRole_MatDocItem_to_SerialNumbers"
"MMIM_MATDOC"	"MatDocHeader"	"MatDocHeader2Items"	"MMIM_MATDOC_SRV.MatDocHeaderItems"	"FromRole_MatDocHeaderItems"	"ToRole_MatDocHeaderItems"
"MMIM_MATDOC"	"SAP__DocumentDescription"	"Format"	"MMIM_MATDOC_SRV.to_format"	"FromRole_to_format"	"ToRole_to_format"
"MMIM_MATDOC"	"SAP__DocumentDescription"	"TableColumns"	"MMIM_MATDOC_SRV.to_tablecolumns"	"FromRole_to_tablecolumns"	"ToRole_to_tablecolumns"
"MMIM_MATDOC"	"SAP__DocumentDescription"	"CoverPage"	"MMIM_MATDOC_SRV.to_coverpage"	"FromRole_to_coverpage"	"ToRole_to_coverpage"
"MMIM_MATDOC"	"SAP__DocumentDescription"	"Signature"	"MMIM_MATDOC_SRV.to_signature"	"FromRole_to_signature"	"ToRole_to_signature"
"MMIM_MATDOC"	"SAP__DocumentDescription"	"PDFStandard"	"MMIM_MATDOC_SRV.to_pdfstandard"	"FromRole_to_pdfstandard"	"ToRole_to_pdfstandard"
"SD_CUSTOMER_INVOICES_CREATE"	"C_BillingDocumentCategoryVHType"	"to_Text"	"SD_CUSTOMER_INVOICES_CREATE.assoc_242B38EB1B7D02C71D8F4D2869D991BE"	"FromRole_assoc_242B38EB1B7D02C71D8F4D2869D991BE"	"ToRole_assoc_242B38EB1B7D02C71D8F4D2869D991BE"
"SD_CUSTOMER_INVOICES_CREATE"	"C_BillingDocumentTypeVHType"	"to_Text"	"SD_CUSTOMER_INVOICES_CREATE.assoc_69CD7CEA18EA5DAA43933EE7D3A060AC"	"FromRole_assoc_69CD7CEA18EA5DAA43933EE7D3A060AC"	"ToRole_assoc_69CD7CEA18EA5DAA43933EE7D3A060AC"
"SD_CUSTOMER_INVOICES_CREATE"	"C_BillingDueListItem_F0798Type"	"to_BillingBlockReason"	"SD_CUSTOMER_INVOICES_CREATE.assoc_6E7BE72DCF63EEDA138713119D3591BE"	"FromRole_assoc_6E7BE72DCF63EEDA138713119D3591BE"	"ToRole_assoc_6E7BE72DCF63EEDA138713119D3591BE"
"SD_CUSTOMER_INVOICES_CREATE"	"C_BillingDueListItem_F0798Type"	"to_BillingDocumentCategory"	"SD_CUSTOMER_INVOICES_CREATE.assoc_273BB75E543B6A7A2B011FC2C3262BFB"	"FromRole_assoc_273BB75E543B6A7A2B011FC2C3262BFB"	"ToRole_assoc_273BB75E543B6A7A2B011FC2C3262BFB"
"SD_CUSTOMER_INVOICES_CREATE"	"C_BillingDueListItem_F0798Type"	"to_BillingDocumentType"	"SD_CUSTOMER_INVOICES_CREATE.assoc_96B06080CBDB69B98DCAD0D18E201B75"	"FromRole_assoc_96B06080CBDB69B98DCAD0D18E201B75"	"ToRole_assoc_96B06080CBDB69B98DCAD0D18E201B75"
"SD_CUSTOMER_INVOICES_CREATE"	"C_BillingDueListItem_F0798Type"	"to_CreatedByUser"	"SD_CUSTOMER_INVOICES_CREATE.assoc_6472C942D2B0955417517F534274AA3C"	"FromRole_assoc_6472C942D2B0955417517F534274AA3C"	"ToRole_assoc_6472C942D2B0955417517F534274AA3C"
"SD_CUSTOMER_INVOICES_CREATE"	"C_BillingDueListItem_F0798Type"	"to_CustomerProject"	"SD_CUSTOMER_INVOICES_CREATE.assoc_33515B0C1CD2598A9D20AA215EB9FDD7"	"FromRole_assoc_33515B0C1CD2598A9D20AA215EB9FDD7"	"ToRole_assoc_33515B0C1CD2598A9D20AA215EB9FDD7"
"SD_CUSTOMER_INVOICES_CREATE"	"C_BillingDueListItem_F0798Type"	"to_DestinationCountry"	"SD_CUSTOMER_INVOICES_CREATE.assoc_EB5E41305EA793B61C7352218E0677A1"	"FromRole_assoc_EB5E41305EA793B61C7352218E0677A1"	"ToRole_assoc_EB5E41305EA793B61C7352218E0677A1"
"SD_CUSTOMER_INVOICES_CREATE"	"C_BillingDueListItem_F0798Type"	"to_DistributionChannel"	"SD_CUSTOMER_INVOICES_CREATE.assoc_26FD3B799700AB02CB5C71F6646067C3"	"FromRole_assoc_26FD3B799700AB02CB5C71F6646067C3"	"ToRole_assoc_26FD3B799700AB02CB5C71F6646067C3"
"SD_CUSTOMER_INVOICES_CREATE"	"C_BillingDueListItem_F0798Type"	"to_Division"	"SD_CUSTOMER_INVOICES_CREATE.assoc_BF6D90BDE6D963DE44F9E2434C43B5B7"	"FromRole_assoc_BF6D90BDE6D963DE44F9E2434C43B5B7"	"ToRole_assoc_BF6D90BDE6D963DE44F9E2434C43B5B7"
"SD_CUSTOMER_INVOICES_CREATE"	"C_BillingDueListItem_F0798Type"	"to_OverallProofOfDelivStatus"	"SD_CUSTOMER_INVOICES_CREATE.assoc_A77CEADF1F07F190E37E36A0267ECD44"	"FromRole_assoc_A77CEADF1F07F190E37E36A0267ECD44"	"ToRole_assoc_A77CEADF1F07F190E37E36A0267ECD44"
"SD_CUSTOMER_INVOICES_CREATE"	"C_BillingDueListItem_F0798Type"	"to_ReferenceSDDocumentCategory"	"SD_CUSTOMER_INVOICES_CREATE.assoc_11D26AAE47B6204178BB0DC6E35F78C9"	"FromRole_assoc_11D26AAE47B6204178BB0DC6E35F78C9"	"ToRole_assoc_11D26AAE47B6204178BB0DC6E35F78C9"
"SD_CUSTOMER_INVOICES_CREATE"	"C_BillingDueListItem_F0798Type"	"to_ReferenceSDDocumentType"	"SD_CUSTOMER_INVOICES_CREATE.assoc_58CB7E9A9FE3C7F5FDF7735410D285CD"	"FromRole_assoc_58CB7E9A9FE3C7F5FDF7735410D285CD"	"ToRole_assoc_58CB7E9A9FE3C7F5FDF7735410D285CD"
"SD_CUSTOMER_INVOICES_CREATE"	"C_BillingDueListItem_F0798Type"	"to_SalesOrganization"	"SD_CUSTOMER_INVOICES_CREATE.assoc_0B67BF4677C5767DFE1FEE3365FBA23B"	"FromRole_assoc_0B67BF4677C5767DFE1FEE3365FBA23B"	"ToRole_assoc_0B67BF4677C5767DFE1FEE3365FBA23B"
"SD_CUSTOMER_INVOICES_CREATE"	"C_BillingDueListItem_F0798Type"	"to_SoldToParty"	"SD_CUSTOMER_INVOICES_CREATE.assoc_36C39371DB6F96E16B1F2F25105D6FEC"	"FromRole_assoc_36C39371DB6F96E16B1F2F25105D6FEC"	"ToRole_assoc_36C39371DB6F96E16B1F2F25105D6FEC"
"SD_CUSTOMER_INVOICES_CREATE"	"C_BillingDueListItem_F0798Type"	"to_TransactionCurrency"	"SD_CUSTOMER_INVOICES_CREATE.assoc_A8CC4CF2C4D4A58487B241E1D3CA55F9"	"FromRole_assoc_A8CC4CF2C4D4A58487B241E1D3CA55F9"	"ToRole_assoc_A8CC4CF2C4D4A58487B241E1D3CA55F9"
"SD_CUSTOMER_INVOICES_CREATE"	"C_DeliveryDocItemToBeBilledType"	"to_DeliveryQuantityUnit"	"SD_CUSTOMER_INVOICES_CREATE.assoc_D2812403C0864EA4E631414F6D431B27"	"FromRole_assoc_D2812403C0864EA4E631414F6D431B27"	"ToRole_assoc_D2812403C0864EA4E631414F6D431B27"
"SD_CUSTOMER_INVOICES_CREATE"	"C_DeliveryDocItemToBeBilledType"	"to_ItemCategory"	"SD_CUSTOMER_INVOICES_CREATE.assoc_78F8C63489113D8C9405BB4BC17D0D85"	"FromRole_assoc_78F8C63489113D8C9405BB4BC17D0D85"	"ToRole_assoc_78F8C63489113D8C9405BB4BC17D0D85"
"SD_CUSTOMER_INVOICES_CREATE"	"C_DeliveryDocItemToBeBilledType"	"to_Product"	"SD_CUSTOMER_INVOICES_CREATE.assoc_EFC4CE09F113522E2385272FA310C074"	"FromRole_assoc_EFC4CE09F113522E2385272FA310C074"	"ToRole_assoc_EFC4CE09F113522E2385272FA310C074"
"SD_CUSTOMER_INVOICES_CREATE"	"C_DeliveryDocItemToBeBilledType"	"to_ReferenceSDDocumentCategory"	"SD_CUSTOMER_INVOICES_CREATE.assoc_432B1CD5508BE1A1497F657201C906C7"	"FromRole_assoc_432B1CD5508BE1A1497F657201C906C7"	"ToRole_assoc_432B1CD5508BE1A1497F657201C906C7"
"SD_CUSTOMER_INVOICES_CREATE"	"I_BillingBlockReasonType"	"to_Text"	"SD_CUSTOMER_INVOICES_CREATE.assoc_F283B4F6B8E0A01AC4C0376ABBEA53A7"	"FromRole_assoc_F283B4F6B8E0A01AC4C0376ABBEA53A7"	"ToRole_assoc_F283B4F6B8E0A01AC4C0376ABBEA53A7"
"SD_CUSTOMER_INVOICES_CREATE"	"I_BillingDocumentCategoryType"	"to_Text"	"SD_CUSTOMER_INVOICES_CREATE.assoc_D6CED9621D18C5390E638C7184EFE9E1"	"FromRole_assoc_D6CED9621D18C5390E638C7184EFE9E1"	"ToRole_assoc_D6CED9621D18C5390E638C7184EFE9E1"
"SD_CUSTOMER_INVOICES_CREATE"	"I_BillingDocumentTypeType"	"to_Text"	"SD_CUSTOMER_INVOICES_CREATE.assoc_84A1C582F513A581AF9C0BB347389D27"	"FromRole_assoc_84A1C582F513A581AF9C0BB347389D27"	"ToRole_assoc_84A1C582F513A581AF9C0BB347389D27"
"SD_CUSTOMER_INVOICES_CREATE"	"I_CountryType"	"to_Text"	"SD_CUSTOMER_INVOICES_CREATE.assoc_C53E154128DE7F4A02FFEA7930E9AC22"	"FromRole_assoc_C53E154128DE7F4A02FFEA7930E9AC22"	"ToRole_assoc_C53E154128DE7F4A02FFEA7930E9AC22"
"SD_CUSTOMER_INVOICES_CREATE"	"I_CurrencyType"	"to_Text"	"SD_CUSTOMER_INVOICES_CREATE.assoc_EA9CB1F40E68ABB76A6ED04B1A9C3C2B"	"FromRole_assoc_EA9CB1F40E68ABB76A6ED04B1A9C3C2B"	"ToRole_assoc_EA9CB1F40E68ABB76A6ED04B1A9C3C2B"
"SD_CUSTOMER_INVOICES_CREATE"	"I_OverallProofOfDelivStatusType"	"to_Text"	"SD_CUSTOMER_INVOICES_CREATE.assoc_81CA142003F2BABA3A47457F24878663"	"FromRole_assoc_81CA142003F2BABA3A47457F24878663"	"ToRole_assoc_81CA142003F2BABA3A47457F24878663"
"SD_CUSTOMER_INVOICES_CREATE"	"I_SalesOrganizationType"	"to_Text"	"SD_CUSTOMER_INVOICES_CREATE.assoc_5B9924B9AE5107421DAF6959D43AC312"	"FromRole_assoc_5B9924B9AE5107421DAF6959D43AC312"	"ToRole_assoc_5B9924B9AE5107421DAF6959D43AC312"
"SD_CUSTOMER_INVOICES_CREATE"	"I_SDDocumentCategoryType"	"to_Text"	"SD_CUSTOMER_INVOICES_CREATE.assoc_B7CA9883C9A70C3FFF05978B1C363A5A"	"FromRole_assoc_B7CA9883C9A70C3FFF05978B1C363A5A"	"ToRole_assoc_B7CA9883C9A70C3FFF05978B1C363A5A"
"SD_CUSTOMER_INVOICES_CREATE"	"I_ShippingPointType"	"to_Text"	"SD_CUSTOMER_INVOICES_CREATE.assoc_E4A61F1B6E416FC4F138FA2C40BC5FB5"	"FromRole_assoc_E4A61F1B6E416FC4F138FA2C40BC5FB5"	"ToRole_assoc_E4A61F1B6E416FC4F138FA2C40BC5FB5"
"SD_CUSTOMER_INVOICES_CREATE"	"I_ShippingPointStdVHType"	"to_Text"	"SD_CUSTOMER_INVOICES_CREATE.assoc_174B519A8DBFEF77518B793D6CF90734"	"FromRole_assoc_174B519A8DBFEF77518B793D6CF90734"	"ToRole_assoc_174B519A8DBFEF77518B793D6CF90734"
"SD_CUSTOMER_INVOICES_CREATE"	"SAP__DocumentDescription"	"Format"	"SD_CUSTOMER_INVOICES_CREATE.to_format"	"FromRole_to_format"	"ToRole_to_format"
"SD_CUSTOMER_INVOICES_CREATE"	"SAP__DocumentDescription"	"TableColumns"	"SD_CUSTOMER_INVOICES_CREATE.to_tablecolumns"	"FromRole_to_tablecolumns"	"ToRole_to_tablecolumns"
"SD_CUSTOMER_INVOICES_CREATE"	"SAP__DocumentDescription"	"CoverPage"	"SD_CUSTOMER_INVOICES_CREATE.to_coverpage"	"FromRole_to_coverpage"	"ToRole_to_coverpage"
"SD_CUSTOMER_INVOICES_CREATE"	"SAP__DocumentDescription"	"Signature"	"SD_CUSTOMER_INVOICES_CREATE.to_signature"	"FromRole_to_signature"	"ToRole_to_signature"
"SD_CUSTOMER_INVOICES_CREATE"	"SAP__DocumentDescription"	"PDFStandard"	"SD_CUSTOMER_INVOICES_CREATE.to_pdfstandard"	"FromRole_to_pdfstandard"	"ToRole_to_pdfstandard"
