"BWART","VGABE","BUZEI","MENGE","EBELN","EBELP","BUDAT","BELNR"
"101","1","0001","66.000","5600083020","00001","28.07.2026","5007031336"
"641","6","0001","66.000","5600083020","00001","28.07.2026","4917902717"
"","8","0010","0.000","5600083020","00001","28.07.2026","9004825583"
"","8","0001","66.000","5600083020","00001","28.07.2026","9004825583"
"101","1","0001","75.000","5600083021","00001","28.07.2026","5007031350"
"101","1","0001","75.000","5600083021","00001","28.07.2026","5007031354"
"101","1","0001","75.000","5600083021","00001","28.07.2026","5007031355"
"101","1","0001","75.000","5600083021","00001","28.07.2026","5007031356"
"101","1","0001","66.000","5600083021","00001","28.07.2026","5007031380"
"101","1","0002","9.000","5600083021","00001","28.07.2026","5007031380"
"101","1","0001","18.400","5600083021","00001","28.07.2026","5007031396"
"641","6","0001","75.000","5600083021","00001","28.07.2026","4917902764"
"641","6","0001","75.000","5600083021","00001","28.07.2026","4917902781"
"641","6","0001","75.000","5600083021","00001","28.07.2026","4917902794"
"641","6","0001","75.000","5600083021","00001","28.07.2026","4917902798"
"641","6","0001","66.000","5600083021","00001","28.07.2026","4917902861"
"641","6","0003","9.000","5600083021","00001","28.07.2026","4917902861"
"641","6","0001","18.400","5600083021","00001","28.07.2026","4917902934"
"","8","0010","0.000","5600083021","00001","28.07.2026","9004825648"
"","8","0010","0.000","5600083021","00001","28.07.2026","9004825678"
"","8","0010","0.000","5600083021","00001","28.07.2026","9004825695"
"","8","0010","0.000","5600083021","00001","28.07.2026","9004825711"
"","8","0010","0.000","5600083021","00001","28.07.2026","9004825727"
"","8","0010","0.000","5600083021","00001","28.07.2026","9004825748"
"","8","0001","75.000","5600083021","00001","28.07.2026","9004825648"
"","8","0001","75.000","5600083021","00001","28.07.2026","9004825678"
"","8","0001","75.000","5600083021","00001","28.07.2026","9004825695"
"","8","0001","75.000","5600083021","00001","28.07.2026","9004825711"
"","8","0001","66.000","5600083021","00001","28.07.2026","9004825727"
"","8","0002","9.000","5600083021","00001","28.07.2026","9004825727"
"","8","0001","18.400","5600083021","00001","28.07.2026","9004825748"
"101","1","0001","75.000","5600083022","00001","28.07.2026","5007031400"
"101","1","0001","75.000","5600083022","00001","28.07.2026","5007031402"
"101","1","0001","75.000","5600083022","00001","28.07.2026","5007031403"
"101","1","0001","75.000","5600083022","00001","28.07.2026","5007031404"
"101","1","0001","30.000","5600083022","00001","28.07.2026","5007031406"
"641","6","0001","75.000","5600083022","00001","28.07.2026","4917902961"
"641","6","0001","75.000","5600083022","00001","28.07.2026","4917902978"
"641","6","0001","75.000","5600083022","00001","28.07.2026","4917902992"
"641","6","0001","30.000","5600083022","00001","28.07.2026","4917903007"
"641","6","0001","75.000","5600083022","00001","28.07.2026","4917903022"
"","8","0010","0.000","5600083022","00001","28.07.2026","9004825773"
"","8","0010","0.000","5600083022","00001","28.07.2026","9004825794"
"","8","0010","0.000","5600083022","00001","28.07.2026","9004825837"
"","8","0010","0.000","5600083022","00001","28.07.2026","9004825859"
"","8","0010","0.000","5600083022","00001","28.07.2026","9004825899"
"","8","0001","75.000","5600083022","00001","28.07.2026","9004825773"
"","8","0001","75.000","5600083022","00001","28.07.2026","9004825794"
"","8","0001","75.000","5600083022","00001","28.07.2026","9004825837"
"","8","0001","75.000","5600083022","00001","28.07.2026","9004825859"
"","8","0001","30.000","5600083022","00001","28.07.2026","9004825899"
"101","1","0001","75.000","5600083023","00001","28.07.2026","5007031409"
"101","1","0001","75.000","5600083023","00001","28.07.2026","5007031411"
"101","1","0001","66.000","5600083023","00001","28.07.2026","5007031414"
"101","1","0002","9.000","5600083023","00001","28.07.2026","5007031414"
"101","1","0001","39.000","5600083023","00001","28.07.2026","5007031415"
"641","6","0001","75.000","5600083023","00001","28.07.2026","4917903073"
"641","6","0001","75.000","5600083023","00001","28.07.2026","4917903150"
"641","6","0001","66.000","5600083023","00001","28.07.2026","4917903270"
"641","6","0003","9.000","5600083023","00001","28.07.2026","4917903270"
"641","6","0001","39.000","5600083023","00001","28.07.2026","4917903283"
"","8","0010","0.000","5600083023","00001","28.07.2026","9004825918"
"","8","0010","0.000","5600083023","00001","28.07.2026","9004825933"
"","8","0010","0.000","5600083023","00001","28.07.2026","9004826085"
"","8","0010","0.000","5600083023","00001","28.07.2026","9004826125"
"","8","0001","75.000","5600083023","00001","28.07.2026","9004825918"
"","8","0001","75.000","5600083023","00001","28.07.2026","9004825933"
"","8","0001","66.000","5600083023","00001","28.07.2026","9004826085"
"","8","0002","9.000","5600083023","00001","28.07.2026","9004826085"
"","8","0001","39.000","5600083023","00001","28.07.2026","9004826125"
"101","1","0001","270.000","5600083027","00010","28.07.2026","5007030360"
"641","6","0001","270.000","5600083027","00010","28.07.2026","4917901955"
"","8","0010","0.000","5600083027","00010","28.07.2026","9004824895"
"","8","0001","270.000","5600083027","00010","28.07.2026","9004824895"
"101","1","0001","399.500","5600083029","00010","28.07.2026","5007030299"
"101","1","0002","330.000","5600083029","00010","28.07.2026","5007030299"
"101","1","0003","3.500","5600083029","00010","28.07.2026","5007030299"
"641","6","0001","399.500","5600083029","00010","28.07.2026","4917901990"
"641","6","0003","330.000","5600083029","00010","28.07.2026","4917901990"
"641","6","0005","3.500","5600083029","00010","28.07.2026","4917901990"
"","8","0010","0.000","5600083029","00010","28.07.2026","9004824909"
"","8","0001","399.500","5600083029","00010","28.07.2026","9004824909"
"","8","0002","330.000","5600083029","00010","28.07.2026","9004824909"
"","8","0003","3.500","5600083029","00010","28.07.2026","9004824909"
"101","1","0001","402.000","5600083030","00010","28.07.2026","5007030361"
"101","1","0002","355.500","5600083030","00010","28.07.2026","5007030361"
"641","6","0001","402.000","5600083030","00010","28.07.2026","4917901971"
"641","6","0003","355.500","5600083030","00010","28.07.2026","4917901971"
"","8","0010","0.000","5600083030","00010","28.07.2026","9004824914"
"","8","0001","402.000","5600083030","00010","28.07.2026","9004824914"
"","8","0002","355.500","5600083030","00010","28.07.2026","9004824914"
"101","1","0001","330.000","5600083031","00010","28.07.2026","5007030297"
"101","1","0002","17.500","5600083031","00010","28.07.2026","5007030297"
"641","6","0001","330.000","5600083031","00010","28.07.2026","4917901814"
"641","6","0003","17.500","5600083031","00010","28.07.2026","4917901814"
"","8","0010","0.000","5600083031","00010","28.07.2026","9004824917"
"","8","0001","330.000","5600083031","00010","28.07.2026","9004824917"
"","8","0002","17.500","5600083031","00010","28.07.2026","9004824917"
"101","1","0001","132.000","5600083032","00010","28.07.2026","5007030296"
"641","6","0001","132.000","5600083032","00010","28.07.2026","4917901833"
"","8","0010","0.000","5600083032","00010","28.07.2026","9004824921"
"","8","0001","132.000","5600083032","00010","28.07.2026","9004824921"
"101","1","0001","75.250","5600083054","00001","28.07.2026","5007032197"
"101","1","0001","46.000","5600083054","00001","28.07.2026","5007032199"
"641","6","0001","75.250","5600083054","00001","28.07.2026","4917906404"
"641","6","0001","46.000","5600083054","00001","28.07.2026","4917906501"
"","8","0010","0.000","5600083054","00001","28.07.2026","9004828123"
"","8","0010","0.000","5600083054","00001","28.07.2026","9004828150"
"","8","0001","75.250","5600083054","00001","28.07.2026","9004828123"
"","8","0001","46.000","5600083054","00001","28.07.2026","9004828150"
"101","1","0001","75.400","5600083055","00001","28.07.2026","5007032220"
"101","1","0001","44.000","5600083055","00001","28.07.2026","5007032222"
"641","6","0001","75.400","5600083055","00001","28.07.2026","4917906557"
"641","6","0001","44.000","5600083055","00001","28.07.2026","4917906650"
"","8","0010","0.000","5600083055","00001","28.07.2026","9004828199"
"","8","0010","0.000","5600083055","00001","28.07.2026","9004828243"
"","8","0001","75.400","5600083055","00001","28.07.2026","9004828199"
"","8","0001","44.000","5600083055","00001","28.07.2026","9004828243"
"101","1","0001","75.650","5600083056","00001","28.07.2026","5007032274"
"101","1","0001","85.000","5600083056","00001","28.07.2026","5007032275"
"101","1","0001","85.000","5600083056","00001","28.07.2026","5007032801"
"101","1","0001","85.000","5600083056","00001","28.07.2026","5007032803"
"101","1","0001","32.000","5600083056","00001","28.07.2026","5007032805"
"641","6","0001","75.650","5600083056","00001","28.07.2026","4917906800"
"641","6","0001","85.000","5600083056","00001","28.07.2026","4917906873"
"641","6","0001","85.000","5600083056","00001","28.07.2026","4917907021"
"641","6","0001","32.000","5600083056","00001","28.07.2026","4917907142"
"641","6","0001","85.000","5600083056","00001","28.07.2026","4917907220"
"","8","0010","0.000","5600083056","00001","28.07.2026","9004828324"
"","8","0010","0.000","5600083056","00001","28.07.2026","9004828371"
"","8","0010","0.000","5600083056","00001","28.07.2026","9004828458"
"","8","0010","0.000","5600083056","00001","28.07.2026","9004828488"
"","8","0010","0.000","5600083056","00001","28.07.2026","9004828529"
"","8","0001","75.650","5600083056","00001","28.07.2026","9004828324"
"","8","0001","85.000","5600083056","00001","28.07.2026","9004828371"
"","8","0001","85.000","5600083056","00001","28.07.2026","9004828458"
"","8","0001","85.000","5600083056","00001","28.07.2026","9004828488"
"","8","0001","32.000","5600083056","00001","28.07.2026","9004828529"
"101","1","0001","51.900","5600083057","00001","28.07.2026","5007032570"
"641","6","0001","51.900","5600083057","00001","28.07.2026","4917907420"
"","8","0010","0.000","5600083057","00001","28.07.2026","9004828640"
"","8","0010","0.100","5600083057","00001","28.07.2026","9004828684"
"","8","0001","51.900","5600083057","00001","28.07.2026","9004828640"
"101","1","0001","75.800","5600083058","00001","28.07.2026","5007032806"
"101","1","0001","85.000","5600083058","00001","28.07.2026","5007032807"
"101","1","0001","67.000","5600083058","00001","28.07.2026","5007032809"
"641","6","0001","75.800","5600083058","00001","28.07.2026","4917907606"
"641","6","0001","85.000","5600083058","00001","28.07.2026","4917907679"
"641","6","0001","67.000","5600083058","00001","28.07.2026","4917907716"
"","8","0010","0.000","5600083058","00001","28.07.2026","9004828716"
"","8","0010","0.000","5600083058","00001","28.07.2026","9004828804"
"","8","0010","0.000","5600083058","00001","28.07.2026","9004828830"
"","8","0001","75.800","5600083058","00001","28.07.2026","9004828716"
"","8","0001","85.000","5600083058","00001","28.07.2026","9004828804"
"","8","0001","67.000","5600083058","00001","28.07.2026","9004828830"
"101","1","0001","56.000","5600083059","00001","28.07.2026","5007032831"
"101","1","0001","56.000","5600083059","00001","28.07.2026","5007032832"
"641","6","0001","56.000","5600083059","00001","28.07.2026","4917907925"
"641","6","0001","56.000","5600083059","00001","28.07.2026","4917908031"
"","8","0010","0.000","5600083059","00001","28.07.2026","9004829005"
"","8","0010","0.000","5600083059","00001","28.07.2026","9004829058"
"","8","0001","56.000","5600083059","00001","28.07.2026","9004829005"
"","8","0001","56.000","5600083059","00001","28.07.2026","9004829058"
"641","6","0001","1.900","5600083071","00010","28.07.2026","4917907626"
"","8","0010","0.000","5600083071","00010","28.07.2026","9004828698"
"","8","0001","1.900","5600083071","00010","28.07.2026","9004828698"
"","8","0010","55.000","5600083084","00010","28.07.2026","9004829305"
"","8","0010","55.000","5600083085","00010","28.07.2026","9004829910"
"101","1","0001","21.750","5600083087","00010","28.07.2026","5007035582"
"101","1","0001","15.000","5600083087","00010","28.07.2026","5007035585"
"101","1","0001","7.250","5600083087","00010","28.07.2026","5007035587"
"101","1","0001","3.750","5600083087","00010","28.07.2026","5007035642"
"101","1","0002","7.250","5600083087","00010","28.07.2026","5007035642"
"641","6","0001","21.750","5600083087","00010","28.07.2026","4917910392"
"641","6","0003","15.000","5600083087","00010","28.07.2026","4917910392"
"641","6","0005","11.000","5600083087","00010","28.07.2026","4917910392"
"641","6","0007","7.250","5600083087","00010","28.07.2026","4917910392"
"","8","0010","0.000","5600083087","00010","28.07.2026","9004830469"
"","8","0001","21.750","5600083087","00010","28.07.2026","9004830469"
"","8","0002","15.000","5600083087","00010","28.07.2026","9004830469"
"","8","0003","11.000","5600083087","00010","28.07.2026","9004830469"
"","8","0004","7.250","5600083087","00010","28.07.2026","9004830469"
"101","1","0001","240.400","5600083273","00001","29.07.2026","5007042134"
"641","6","0001","240.400","5600083273","00001","29.07.2026","4917928799"
"","8","0010","0.000","5600083273","00001","29.07.2026","9004839528"
"","8","0001","240.400","5600083273","00001","29.07.2026","9004839528"
"101","1","0001","296.500","5600083275","00001","29.07.2026","5007042173"
"641","6","0001","296.500","5600083275","00001","29.07.2026","4917928845"
"","8","0010","0.000","5600083275","00001","29.07.2026","9004839570"
"","8","0001","296.500","5600083275","00001","29.07.2026","9004839570"
"101","1","0001","153.250","5600083276","00001","29.07.2026","5007042176"
"641","6","0001","153.250","5600083276","00001","29.07.2026","4917928886"
"","8","0010","0.000","5600083276","00001","29.07.2026","9004839608"
"","8","0001","153.250","5600083276","00001","29.07.2026","9004839608"
"101","1","0001","254.750","5600083277","00001","29.07.2026","5007042178"
"641","6","0001","254.750","5600083277","00001","29.07.2026","4917929314"
"","8","0010","0.000","5600083277","00001","29.07.2026","9004839768"
"","8","0001","254.750","5600083277","00001","29.07.2026","9004839768"
"101","1","0001","193.000","5600083278","00001","29.07.2026","5007042184"
"641","6","0001","193.000","5600083278","00001","29.07.2026","4917929362"
"","8","0010","0.000","5600083278","00001","29.07.2026","9004839855"
"","8","0001","193.000","5600083278","00001","29.07.2026","9004839855"
"101","1","0001","25.000","5600083281","00010","29.07.2026","5007042668"
"101","1","0001","25.000","5600083281","00010","29.07.2026","5007042689"
"101","1","0001","15.900","5600083281","00010","29.07.2026","5007043421"
"641","6","0001","25.000","5600083281","00010","29.07.2026","4917930396"
"641","6","0001","25.000","5600083281","00010","29.07.2026","4917930664"
"641","6","0001","15.900","5600083281","00010","29.07.2026","4917931578"
"","8","0010","0.000","5600083281","00010","29.07.2026","9004840219"
"","8","0010","0.000","5600083281","00010","29.07.2026","9004840555"
"","8","0010","0.000","5600083281","00010","29.07.2026","9004840748"
"","8","0001","25.000","5600083281","00010","29.07.2026","9004840219"
"","8","0001","25.000","5600083281","00010","29.07.2026","9004840555"
"","8","0001","15.900","5600083281","00010","29.07.2026","9004840748"
"101","1","0001","25.000","5600083283","00010","29.07.2026","5007042676"
"101","1","0001","25.000","5600083283","00010","29.07.2026","5007043378"
"101","1","0001","25.000","5600083283","00010","29.07.2026","5007043423"
"101","1","0001","27.000","5600083283","00010","29.07.2026","5007044112"
"101","1","0001","12.000","5600083283","00010","29.07.2026","5007044116"
"101","1","0001","17.800","5600083283","00010","29.07.2026","5007044579"
"641","6","0001","25.000","5600083283","00010","29.07.2026","4917930386"
"641","6","0001","25.000","5600083283","00010","29.07.2026","4917931163"
"641","6","0001","25.000","5600083283","00010","29.07.2026","4917931594"
"641","6","0001","27.000","5600083283","00010","29.07.2026","4917933093"
"641","6","0001","12.000","5600083283","00010","29.07.2026","4917934542"
"641","6","0001","17.800","5600083283","00010","29.07.2026","4917936423"
"","8","0010","0.000","5600083283","00010","29.07.2026","9004840350"
"","8","0010","0.000","5600083283","00010","29.07.2026","9004840645"
"","8","0010","0.000","5600083283","00010","29.07.2026","9004840995"
"","8","0010","0.000","5600083283","00010","29.07.2026","9004841770"
"","8","0010","0.000","5600083283","00010","29.07.2026","9004842664"
"","8","0010","0.000","5600083283","00010","29.07.2026","9004842790"
"","8","0001","25.000","5600083283","00010","29.07.2026","9004840350"
"","8","0001","25.000","5600083283","00010","29.07.2026","9004840645"
"","8","0001","25.000","5600083283","00010","29.07.2026","9004840995"
"","8","0001","27.000","5600083283","00010","29.07.2026","9004841770"
"","8","0001","12.000","5600083283","00010","29.07.2026","9004842664"
"","8","0001","17.800","5600083283","00010","29.07.2026","9004842790"
"101","1","0001","320.000","5600083295","00001","29.07.2026","5007042591"
"641","6","0001","320.000","5600083295","00001","29.07.2026","4917930626"
"","8","0010","0.000","5600083295","00001","29.07.2026","9004840615"
"","8","0001","320.000","5600083295","00001","29.07.2026","9004840615"
"101","1","0001","315.000","5600083296","00001","29.07.2026","5007042593"
"641","6","0001","315.000","5600083296","00001","29.07.2026","4917930762"
"","8","0010","0.000","5600083296","00001","29.07.2026","9004840696"
"","8","0001","315.000","5600083296","00001","29.07.2026","9004840696"
"101","1","0001","156.000","5600083297","00001","29.07.2026","5007042871"
"641","6","0001","156.000","5600083297","00001","29.07.2026","4917930815"
"","8","0010","0.000","5600083297","00001","29.07.2026","9004840739"
"","8","0001","156.000","5600083297","00001","29.07.2026","9004840739"
"101","1","0001","239.000","5600083298","00001","29.07.2026","5007042595"
"641","6","0001","239.000","5600083298","00001","29.07.2026","4917930819"
"","8","0010","0.000","5600083298","00001","29.07.2026","9004840778"
"","8","0001","239.000","5600083298","00001","29.07.2026","9004840778"
"101","1","0001","192.800","5600083299","00001","29.07.2026","5007042596"
"641","6","0001","192.800","5600083299","00001","29.07.2026","4917930875"
"","8","0010","0.000","5600083299","00001","29.07.2026","9004840811"
"","8","0001","192.800","5600083299","00001","29.07.2026","9004840811"
"101","1","0001","677.000","5600083300","00001","29.07.2026","5007043279"
"641","6","0001","677.000","5600083300","00001","29.07.2026","4917932563"
"","8","0010","0.000","5600083300","00001","29.07.2026","9004841642"
"","8","0001","677.000","5600083300","00001","29.07.2026","9004841642"
"101","1","0001","102.500","5600083301","00001","29.07.2026","5007043311"
"641","6","0001","102.500","5600083301","00001","29.07.2026","4917932577"
"","8","0010","0.000","5600083301","00001","29.07.2026","9004841673"
"","8","0001","102.500","5600083301","00001","29.07.2026","9004841673"
"101","1","0001","305.000","5600083302","00001","29.07.2026","5007043322"
"641","6","0001","305.000","5600083302","00001","29.07.2026","4917932588"
"","8","0010","0.000","5600083302","00001","29.07.2026","9004841685"
"","8","0001","305.000","5600083302","00001","29.07.2026","9004841685"
"101","1","0001","198.000","5600083303","00001","29.07.2026","5007043329"
"641","6","0001","198.000","5600083303","00001","29.07.2026","4917932569"
"","8","0010","0.000","5600083303","00001","29.07.2026","9004841704"
"","8","0001","198.000","5600083303","00001","29.07.2026","9004841704"
"641","6","0001","42.000","5600083329","00010","30.07.2026","4917946347"
"641","6","0003","8.000","5600083329","00010","30.07.2026","4917946347"
"","8","0010","0.000","5600083329","00010","29.07.2026","9004843569"
"","8","0001","42.000","5600083329","00010","30.07.2026","9004843569"
"","8","0002","8.000","5600083329","00010","30.07.2026","9004843569"
"101","1","0001","2.350","5600083340","00010","30.07.2026","5007048526"
"641","6","0001","2.350","5600083340","00010","30.07.2026","4917946631"
"","8","0010","0.000","5600083340","00010","30.07.2026","9004846997"
"","8","0001","2.350","5600083340","00010","30.07.2026","9004846997"
"101","1","0001","75.000","5600083359","00001","31.07.2026","5007058453"
"101","1","0001","53.000","5600083359","00001","31.07.2026","5007058479"
"641","6","0001","75.000","5600083359","00001","31.07.2026","4917969546"
"641","6","0001","53.000","5600083359","00001","31.07.2026","4917969592"
"","8","0010","0.000","5600083359","00001","31.07.2026","9004858055"
"","8","0010","0.000","5600083359","00001","31.07.2026","9004858085"
"","8","0001","75.000","5600083359","00001","31.07.2026","9004858055"
"","8","0001","53.000","5600083359","00001","31.07.2026","9004858085"
"101","1","0001","18.000","5600083362","00001","31.07.2026","5007058496"
"101","1","0002","57.000","5600083362","00001","31.07.2026","5007058496"
"101","1","0001","75.000","5600083362","00001","31.07.2026","5007060438"
"101","1","0001","75.000","5600083362","00001","31.07.2026","5007060490"
"101","1","0001","75.000","5600083362","00001","31.07.2026","5007060491"
"101","1","0001","13.000","5600083362","00001","31.07.2026","5007060494"
"641","6","0001","18.000","5600083362","00001","31.07.2026","4917969597"
"641","6","0003","57.000","5600083362","00001","31.07.2026","4917969597"
"641","6","0001","75.000","5600083362","00001","31.07.2026","4917969655"
"641","6","0001","75.000","5600083362","00001","31.07.2026","4917969693"
"641","6","0001","13.000","5600083362","00001","31.07.2026","4917969695"
"641","6","0001","75.000","5600083362","00001","31.07.2026","4917969845"
"","8","0010","0.000","5600083362","00001","31.07.2026","9004858107"
"","8","0010","0.000","5600083362","00001","31.07.2026","9004858129"
"","8","0010","0.000","5600083362","00001","31.07.2026","9004858144"
"","8","0010","0.000","5600083362","00001","31.07.2026","9004858167"
"","8","0010","0.000","5600083362","00001","31.07.2026","9004858178"
"","8","0001","18.000","5600083362","00001","31.07.2026","9004858107"
"","8","0002","57.000","5600083362","00001","31.07.2026","9004858107"
"","8","0001","75.000","5600083362","00001","31.07.2026","9004858129"
"","8","0001","75.000","5600083362","00001","31.07.2026","9004858144"
"","8","0001","75.000","5600083362","00001","31.07.2026","9004858167"
"","8","0001","13.000","5600083362","00001","31.07.2026","9004858178"
"101","1","0001","80.000","5600083365","00001","31.07.2026","5007060499"
"101","1","0001","80.000","5600083365","00001","31.07.2026","5007060501"
"101","1","0001","80.000","5600083365","00001","31.07.2026","5007060503"
"101","1","0001","80.000","5600083365","00001","31.07.2026","5007060504"
"101","1","0001","80.000","5600083365","00001","31.07.2026","5007060507"
"101","1","0001","80.000","5600083365","00001","31.07.2026","5007060530"
"101","1","0001","80.000","5600083365","00001","31.07.2026","5007060531"
"101","1","0001","80.000","5600083365","00001","31.07.2026","5007060532"
"101","1","0001","80.000","5600083365","00001","31.07.2026","5007060536"
"101","1","0001","16.000","5600083365","00001","31.07.2026","5007060537"
"101","1","0002","12.000","5600083365","00001","31.07.2026","5007060537"
"641","6","0001","80.000","5600083365","00001","31.07.2026","4917970449"
"641","6","0001","80.000","5600083365","00001","31.07.2026","4917970504"
"641","6","0001","80.000","5600083365","00001","31.07.2026","4917971026"
"641","6","0001","80.000","5600083365","00001","31.07.2026","4917971034"
"641","6","0001","80.000","5600083365","00001","31.07.2026","4917971076"
"641","6","0001","80.000","5600083365","00001","31.07.2026","4917971161"
"641","6","0001","80.000","5600083365","00001","31.07.2026","4917971190"
"641","6","0001","80.000","5600083365","00001","31.07.2026","4917971223"
"641","6","0001","80.000","5600083365","00001","31.07.2026","4917971253"
"641","6","0001","16.000","5600083365","00001","31.07.2026","4917971272"
"641","6","0003","12.000","5600083365","00001","31.07.2026","4917971272"
"","8","0010","0.000","5600083365","00001","31.07.2026","9004858587"
"","8","0010","0.000","5600083365","00001","31.07.2026","9004858624"
"","8","0010","0.000","5600083365","00001","31.07.2026","9004858724"
"","8","0010","0.000","5600083365","00001","31.07.2026","9004858976"
"","8","0010","0.000","5600083365","00001","31.07.2026","9004859005"
"","8","0010","0.000","5600083365","00001","31.07.2026","9004859052"
"","8","0010","0.000","5600083365","00001","31.07.2026","9004859078"
"","8","0010","0.000","5600083365","00001","31.07.2026","9004859093"
"","8","0010","0.000","5600083365","00001","31.07.2026","9004859106"
"","8","0010","0.000","5600083365","00001","31.07.2026","9004859129"
"","8","0001","80.000","5600083365","00001","31.07.2026","9004858587"
"","8","0001","80.000","5600083365","00001","31.07.2026","9004858624"
"","8","0001","80.000","5600083365","00001","31.07.2026","9004858724"
"","8","0001","80.000","5600083365","00001","31.07.2026","9004858976"
"","8","0001","80.000","5600083365","00001","31.07.2026","9004859005"
"","8","0001","80.000","5600083365","00001","31.07.2026","9004859052"
"","8","0001","80.000","5600083365","00001","31.07.2026","9004859078"
"","8","0001","80.000","5600083365","00001","31.07.2026","9004859093"
"","8","0001","80.000","5600083365","00001","31.07.2026","9004859106"
"","8","0001","16.000","5600083365","00001","31.07.2026","9004859129"
"","8","0002","12.000","5600083365","00001","31.07.2026","9004859129"
"101","1","0001","80.000","5600083368","00001","31.07.2026","5007060538"
"101","1","0001","80.000","5600083368","00001","31.07.2026","5007060550"
"101","1","0001","80.000","5600083368","00001","31.07.2026","5007060551"
"101","1","0001","16.000","5600083368","00001","31.07.2026","5007060552"
"641","6","0001","80.000","5600083368","00001","31.07.2026","4917971278"
"641","6","0001","80.000","5600083368","00001","31.07.2026","4917971342"
"641","6","0001","80.000","5600083368","00001","31.07.2026","4917971345"
"641","6","0001","16.000","5600083368","00001","31.07.2026","4917971395"
"","8","0010","0.000","5600083368","00001","31.07.2026","9004859177"
"","8","0010","0.000","5600083368","00001","31.07.2026","9004859198"
"","8","0010","0.000","5600083368","00001","31.07.2026","9004859219"
"","8","0010","0.000","5600083368","00001","31.07.2026","9004859242"
"","8","0001","80.000","5600083368","00001","31.07.2026","9004859177"
"","8","0001","80.000","5600083368","00001","31.07.2026","9004859198"
"","8","0001","80.000","5600083368","00001","31.07.2026","9004859219"
"","8","0001","16.000","5600083368","00001","31.07.2026","9004859242"
"101","1","0001","75.000","5600083370","00001","31.07.2026","5007060553"
"101","1","0001","58.000","5600083370","00001","31.07.2026","5007060554"
"101","1","0002","17.000","5600083370","00001","31.07.2026","5007060554"
"101","1","0001","36.000","5600083370","00001","31.07.2026","5007060555"
"641","6","0001","75.000","5600083370","00001","31.07.2026","4917971450"
"641","6","0001","58.000","5600083370","00001","31.07.2026","4917971499"
"641","6","0003","17.000","5600083370","00001","31.07.2026","4917971499"
"641","6","0001","36.000","5600083370","00001","31.07.2026","4917971562"
"","8","0010","0.000","5600083370","00001","31.07.2026","9004859264"
"","8","0010","0.000","5600083370","00001","31.07.2026","9004859300"
"","8","0010","0.000","5600083370","00001","31.07.2026","9004859340"
"","8","0001","75.000","5600083370","00001","31.07.2026","9004859264"
"","8","0001","58.000","5600083370","00001","31.07.2026","9004859300"
"","8","0002","17.000","5600083370","00001","31.07.2026","9004859300"
"","8","0001","36.000","5600083370","00001","31.07.2026","9004859340"
"641","6","0001","55.000","5600083408","00010","30.07.2026","4917950235"
"","8","0010","0.000","5600083408","00010","30.07.2026","9004849521"
"","8","0001","55.000","5600083408","00010","30.07.2026","9004849521"
"101","1","0001","226.500","5600083426","00010","31.07.2026","5007058529"
"641","6","0001","226.500","5600083426","00010","30.07.2026","4917953142"
"","8","0010","0.000","5600083426","00010","30.07.2026","9004850644"
"","8","0010","0.000","5600083426","00010","30.07.2026","9004851250"
"","8","0001","226.500","5600083426","00010","30.07.2026","9004851250"
"101","1","0001","122.000","5600083430","00010","31.07.2026","5007058660"
"641","6","0001","122.000","5600083430","00010","30.07.2026","4917953214"
"","8","0010","0.000","5600083430","00010","30.07.2026","9004850901"
"","8","0001","122.000","5600083430","00010","30.07.2026","9004850901"
"101","1","0001","25.000","5600083479","00010","01.08.2026","5007067141"
"101","1","0001","25.000","5600083479","00010","01.08.2026","5007067142"
"101","1","0001","20.000","5600083479","00010","01.08.2026","5007067143"
"101","1","0001","25.000","5600083479","00010","01.08.2026","5007067144"
"101","1","0001","25.000","5600083479","00010","01.08.2026","5007067145"
"101","1","0001","11.800","5600083479","00010","01.08.2026","5007067146"
"641","6","0001","25.000","5600083479","00010","31.07.2026","4917967089"
"641","6","0001","25.000","5600083479","00010","31.07.2026","4917969830"
"641","6","0001","20.000","5600083479","00010","31.07.2026","4917969871"
"641","6","0001","25.000","5600083479","00010","31.07.2026","4917969890"
"641","6","0001","25.000","5600083479","00010","31.07.2026","4917971081"
"641","6","0001","11.800","5600083479","00010","31.07.2026","4917973192"
"","8","0010","0.000","5600083479","00010","31.07.2026","9004856847"
"","8","0010","0.000","5600083479","00010","31.07.2026","9004858239"
"","8","0010","0.000","5600083479","00010","31.07.2026","9004858266"
"","8","0010","0.000","5600083479","00010","31.07.2026","9004858276"
"","8","0010","0.000","5600083479","00010","31.07.2026","9004859000"
"","8","0010","0.000","5600083479","00010","31.07.2026","9004860543"
"","8","0001","25.000","5600083479","00010","31.07.2026","9004856847"
"","8","0001","25.000","5600083479","00010","31.07.2026","9004858239"
"","8","0001","20.000","5600083479","00010","31.07.2026","9004858266"
"","8","0001","25.000","5600083479","00010","31.07.2026","9004858276"
"","8","0001","25.000","5600083479","00010","31.07.2026","9004859000"
"","8","0001","11.800","5600083479","00010","31.07.2026","9004860543"
"101","1","0001","0.550","5600083490","00001","31.07.2026","5007057953"
"641","6","0001","0.550","5600083490","00001","31.07.2026","4917970669"
"","8","0010","0.000","5600083490","00001","31.07.2026","9004858753"
"","8","0001","0.550","5600083490","00001","31.07.2026","9004858753"
"101","1","0001","15.050","5600083492","00001","31.07.2026","5007057891"
"641","6","0001","15.050","5600083492","00001","31.07.2026","4917970472"
"","8","0010","0.000","5600083492","00001","31.07.2026","9004858582"
"","8","0001","15.050","5600083492","00001","31.07.2026","9004858582"
"101","1","0001","14.600","5600083493","00001","31.07.2026","5007060990"
"641","6","0001","14.600","5600083493","00001","31.07.2026","4917970534"
"","8","0010","0.000","5600083493","00001","31.07.2026","9004858618"
"","8","0001","14.600","5600083493","00001","31.07.2026","9004858618"
"101","1","0001","6.000","5600083494","00001","31.07.2026","5007057920"
"641","6","0001","6.000","5600083494","00001","31.07.2026","4917970573"
"","8","0010","0.000","5600083494","00001","31.07.2026","9004858676"
"","8","0001","6.000","5600083494","00001","31.07.2026","9004858676"
"101","1","0001","3.000","5600083495","00001","31.07.2026","5007060993"
"641","6","0001","3.000","5600083495","00001","31.07.2026","4917970646"
"","8","0010","0.000","5600083495","00001","31.07.2026","9004858727"
"","8","0001","3.000","5600083495","00001","31.07.2026","9004858727"
"101","1","0001","8.950","5600083496","00001","31.07.2026","5007057929"
"641","6","0001","8.950","5600083496","00001","31.07.2026","4917970603"
"","8","0010","0.000","5600083496","00001","31.07.2026","9004858695"
"","8","0001","8.950","5600083496","00001","31.07.2026","9004858695"
"101","1","0001","50.000","5600083667","00010","31.07.2026","5007062871"
"101","1","0001","60.000","5600083667","00010","31.07.2026","5007062872"
"101","1","0001","60.000","5600083667","00010","01.08.2026","5007070214"
"101","1","0001","55.000","5600083667","00010","01.08.2026","5007070216"
"101","1","0001","60.000","5600083667","00010","01.08.2026","5007070218"
"101","1","0001","50.000","5600083667","00010","01.08.2026","5007070219"
"101","1","0001","50.000","5600083667","00010","01.08.2026","5007070250"
"641","6","0001","50.000","5600083667","00010","31.07.2026","4917983722"
"641","6","0001","60.000","5600083667","00010","31.07.2026","4917983767"
"641","6","0001","60.000","5600083667","00010","01.08.2026","4917994998"
"641","6","0001","55.000","5600083667","00010","01.08.2026","4917995024"
"641","6","0001","50.000","5600083667","00010","01.08.2026","4917995036"
"641","6","0001","60.000","5600083667","00010","01.08.2026","4917995056"
"641","6","0001","50.000","5600083667","00010","01.08.2026","4917995122"
"","8","0010","0.000","5600083667","00010","31.07.2026","9004866207"
"","8","0010","0.000","5600083667","00010","31.07.2026","9004866248"
"","8","0010","0.000","5600083667","00010","01.08.2026","9004870100"
"","8","0010","0.000","5600083667","00010","01.08.2026","9004870121"
"","8","0010","0.000","5600083667","00010","01.08.2026","9004870135"
"","8","0010","0.000","5600083667","00010","01.08.2026","9004870144"
"","8","0010","0.000","5600083667","00010","01.08.2026","9004870154"
"","8","0001","50.000","5600083667","00010","31.07.2026","9004866207"
"","8","0001","60.000","5600083667","00010","31.07.2026","9004866248"
"","8","0001","60.000","5600083667","00010","01.08.2026","9004870100"
"","8","0001","55.000","5600083667","00010","01.08.2026","9004870121"
"","8","0001","60.000","5600083667","00010","01.08.2026","9004870135"
"","8","0001","50.000","5600083667","00010","01.08.2026","9004870144"
"","8","0001","50.000","5600083667","00010","01.08.2026","9004870154"
"101","1","0001","60.000","5600083668","00010","31.07.2026","5007062873"
"101","1","0001","60.000","5600083668","00010","31.07.2026","5007062874"
"101","1","0001","55.000","5600083668","00010","01.08.2026","5007070251"
"101","1","0001","60.000","5600083668","00010","01.08.2026","5007070253"
"641","6","0001","60.000","5600083668","00010","31.07.2026","4917983844"
"641","6","0001","60.000","5600083668","00010","31.07.2026","4917983859"
"641","6","0001","55.000","5600083668","00010","01.08.2026","4917995103"
"641","6","0001","60.000","5600083668","00010","01.08.2026","4917995167"
"","8","0010","0.000","5600083668","00010","31.07.2026","9004866274"
"","8","0010","0.000","5600083668","00010","31.07.2026","9004866290"
"","8","0010","0.000","5600083668","00010","01.08.2026","9004870167"
"","8","0010","0.000","5600083668","00010","01.08.2026","9004870176"
"","8","0001","60.000","5600083668","00010","31.07.2026","9004866274"
"","8","0001","60.000","5600083668","00010","31.07.2026","9004866290"
"","8","0001","55.000","5600083668","00010","01.08.2026","9004870167"
"","8","0001","60.000","5600083668","00010","01.08.2026","9004870176"
"101","1","0001","60.000","5600083669","00010","31.07.2026","5007062875"
"641","6","0001","60.000","5600083669","00010","31.07.2026","4917984012"
"","8","0010","0.000","5600083669","00010","31.07.2026","9004866328"
"","8","0001","60.000","5600083669","00010","31.07.2026","9004866328"
"101","1","0001","282.000","5600083678","00010","31.07.2026","5007064193"
"641","6","0001","282.000","5600083678","00010","31.07.2026","4917985406"
"","8","0010","0.000","5600083678","00010","31.07.2026","9004866518"
"","8","0001","282.000","5600083678","00010","31.07.2026","9004866518"
"101","1","0001","524.000","5600083680","00010","31.07.2026","5007064832"
"641","6","0001","524.000","5600083680","00010","31.07.2026","4917989324"
"","8","0010","0.000","5600083680","00010","31.07.2026","9004867891"
"","8","0001","524.000","5600083680","00010","31.07.2026","9004867891"
"101","1","0001","815.350","5600083681","00010","31.07.2026","5007064515"
"641","6","0001","815.350","5600083681","00010","31.07.2026","4917988856"
"","8","0010","0.000","5600083681","00010","31.07.2026","9004867861"
"","8","0001","815.350","5600083681","00010","31.07.2026","9004867861"
"101","1","0001","17.500","5600083684","00010","31.07.2026","5007063643"
"101","1","0002","7.500","5600083684","00010","31.07.2026","5007063643"
"641","6","0001","25.000","5600083684","00010","31.07.2026","4917985407"
"","8","0010","0.000","5600083684","00010","31.07.2026","9004866712"
"","8","0001","25.000","5600083684","00010","31.07.2026","9004866712"
"101","1","0001","699.050","5600083690","00010","31.07.2026","5007064328"
"641","6","0001","699.050","5600083690","00010","31.07.2026","4917988366"
"","8","0010","0.000","5600083690","00010","31.07.2026","9004867706"
"","8","0001","699.050","5600083690","00010","31.07.2026","9004867706"
"101","1","0001","41.500","5600083699","00010","01.08.2026","5007067029"
"641","6","0001","41.500","5600083699","00010","01.08.2026","4917994655"
"","8","0010","0.000","5600083699","00010","01.08.2026","9004869838"
"","8","0001","41.500","5600083699","00010","01.08.2026","9004869838"
"101","1","0001","386.000","5600083701","00010","02.08.2026","5007073514"
"641","6","0001","386.000","5600083701","00010","01.08.2026","4917995447"
"","8","0010","0.000","5600083701","00010","01.08.2026","9004870337"
"","8","0001","386.000","5600083701","00010","01.08.2026","9004870337"
"101","1","0001","226.000","5600083702","00010","02.08.2026","5007073516"
"641","6","0001","226.000","5600083702","00010","01.08.2026","4917995407"
"","8","0010","0.000","5600083702","00010","01.08.2026","9004870339"
"","8","0001","226.000","5600083702","00010","01.08.2026","9004870339"
"641","6","0001","35.000","5600083751","00010","01.08.2026","4918001026"
"","8","0010","0.000","5600083751","00010","01.08.2026","9004873530"
"","8","0001","35.000","5600083751","00010","01.08.2026","9004873530"
"101","1","0001","322.500","5600084020","00010","08.08.2026","5007117872"
"641","6","0001","322.500","5600084020","00010","08.08.2026","4918117701"
"","8","0010","0.000","5600084020","00010","06.08.2026","9004914685"
"","8","0001","322.500","5600084020","00010","06.08.2026","9004914685"
"101","1","0001","148.000","5600084021","00010","08.08.2026","5007118348"
"641","6","0001","148.000","5600084021","00010","08.08.2026","4918119556"
"","8","0010","0.000","5600084021","00010","06.08.2026","9004914690"
"","8","0001","148.000","5600084021","00010","06.08.2026","9004914690"
"101","1","0001","119.500","5600084022","00010","08.08.2026","5007118376"
"641","6","0001","119.500","5600084022","00010","08.08.2026","4918119567"
"","8","0010","0.000","5600084022","00010","06.08.2026","9004914692"
"","8","0001","119.500","5600084022","00010","06.08.2026","9004914692"
"101","1","0001","330.000","5600084023","00010","08.08.2026","5007118390"
"641","6","0001","330.000","5600084023","00010","08.08.2026","4918119572"
"","8","0010","0.000","5600084023","00010","06.08.2026","9004914704"
"","8","0001","330.000","5600084023","00010","06.08.2026","9004914704"
"101","1","0001","335.900","5600084037","00010","07.08.2026","5007109480"
"641","6","0001","335.900","5600084037","00010","07.08.2026","4918098579"
"","8","0010","0.000","5600084037","00010","07.08.2026","9004918734"
"","8","0001","335.900","5600084037","00010","07.08.2026","9004918734"
"101","1","0001","396.000","5600084038","00010","07.08.2026","5007109481"
"641","6","0001","396.000","5600084038","00010","07.08.2026","4918098566"
"","8","0010","0.000","5600084038","00010","07.08.2026","9004918735"
"","8","0001","396.000","5600084038","00010","07.08.2026","9004918735"
"101","1","0001","261.400","5600084039","00010","07.08.2026","5007109510"
"641","6","0001","261.400","5600084039","00010","07.08.2026","4918098596"
"","8","0010","0.000","5600084039","00010","07.08.2026","9004918736"
"","8","0001","261.400","5600084039","00010","07.08.2026","9004918736"
"101","1","0001","265.350","5600084040","00010","07.08.2026","5007110104"
"101","1","0002","263.800","5600084040","00010","07.08.2026","5007110104"
"641","6","0001","265.350","5600084040","00010","07.08.2026","4918099804"
"641","6","0003","263.800","5600084040","00010","07.08.2026","4918099804"
"","8","0010","0.000","5600084040","00010","07.08.2026","9004919518"
"","8","0001","265.350","5600084040","00010","07.08.2026","9004919518"
"","8","0002","263.800","5600084040","00010","07.08.2026","9004919518"
"101","1","0001","234.500","5600084041","00010","07.08.2026","5007110161"
"101","1","0002","217.100","5600084041","00010","07.08.2026","5007110161"
"641","6","0001","234.500","5600084041","00010","07.08.2026","4918099894"
"641","6","0003","217.100","5600084041","00010","07.08.2026","4918099894"
"","8","0010","0.000","5600084041","00010","07.08.2026","9004919548"
"","8","0001","234.500","5600084041","00010","07.08.2026","9004919548"
"","8","0002","217.100","5600084041","00010","07.08.2026","9004919548"
"101","1","0001","330.000","5600084042","00010","07.08.2026","5007109488"
"641","6","0001","330.000","5600084042","00010","07.08.2026","4918098618"
"","8","0010","0.000","5600084042","00010","07.08.2026","9004918741"
"","8","0001","330.000","5600084042","00010","07.08.2026","9004918741"
"101","1","0001","332.000","5600084043","00010","07.08.2026","5007109489"
"641","6","0001","332.000","5600084043","00010","07.08.2026","4918098565"
"","8","0010","0.000","5600084043","00010","07.08.2026","9004918743"
"","8","0001","332.000","5600084043","00010","07.08.2026","9004918743"
"101","1","0001","442.000","5600084044","00010","07.08.2026","5007109511"
"641","6","0001","442.000","5600084044","00010","07.08.2026","4918098597"
"","8","0010","0.000","5600084044","00010","07.08.2026","9004918744"
"","8","0001","442.000","5600084044","00010","07.08.2026","9004918744"
"101","1","0001","1,012.800","5600084045","00010","07.08.2026","5007110002"
"101","1","0002","780.600","5600084045","00010","07.08.2026","5007110002"
"641","6","0001","1,012.800","5600084045","00010","07.08.2026","4918099651"
"641","6","0003","780.600","5600084045","00010","07.08.2026","4918099651"
"","8","0010","0.000","5600084045","00010","07.08.2026","9004919401"
"","8","0001","1,012.800","5600084045","00010","07.08.2026","9004919401"
"","8","0002","780.600","5600084045","00010","07.08.2026","9004919401"
"101","1","0001","517.900","5600084046","00010","07.08.2026","5007109487"
"641","6","0001","517.900","5600084046","00010","07.08.2026","4918098620"
"","8","0010","0.000","5600084046","00010","07.08.2026","9004918745"
"","8","0001","517.900","5600084046","00010","07.08.2026","9004918745"
"101","1","0001","259.100","5600084047","00010","07.08.2026","5007110030"
"101","1","0002","221.700","5600084047","00010","07.08.2026","5007110030"
"641","6","0001","259.100","5600084047","00010","07.08.2026","4918099690"
"641","6","0003","221.700","5600084047","00010","07.08.2026","4918099690"
"","8","0010","0.000","5600084047","00010","07.08.2026","9004919418"
"","8","0001","259.100","5600084047","00010","07.08.2026","9004919418"
"","8","0002","221.700","5600084047","00010","07.08.2026","9004919418"
"101","1","0001","50.000","5600084094","00001","07.08.2026","5007114372"
"101","1","0001","50.000","5600084094","00001","07.08.2026","5007114375"
"101","1","0001","50.000","5600084094","00001","08.08.2026","5007117821"
"101","1","0001","50.000","5600084094","00001","08.08.2026","5007117824"
"101","1","0001","50.000","5600084094","00001","08.08.2026","5007117840"
"101","1","0001","50.000","5600084094","00001","08.08.2026","5007117841"
"101","1","0001","50.000","5600084094","00001","08.08.2026","5007117843"
"101","1","0001","50.000","5600084094","00001","08.08.2026","5007117844"
"101","1","0001","50.000","5600084094","00001","08.08.2026","5007118712"
"101","1","0001","40.000","5600084094","00001","08.08.2026","5007118715"
"101","1","0001","50.000","5600084094","00001","08.08.2026","5007118716"
"101","1","0001","40.000","5600084094","00001","08.08.2026","5007120148"
"101","1","0001","35.000","5600084094","00001","10.08.2026","5007132087"
"641","6","0001","50.000","5600084094","00001","07.08.2026","4918108345"
"641","6","0001","50.000","5600084094","00001","07.08.2026","4918108956"
"641","6","0001","50.000","5600084094","00001","08.08.2026","4918117254"
"641","6","0001","50.000","5600084094","00001","08.08.2026","4918117363"
"641","6","0001","50.000","5600084094","00001","08.08.2026","4918117532"
"641","6","0001","50.000","5600084094","00001","08.08.2026","4918117647"
"641","6","0001","50.000","5600084094","00001","08.08.2026","4918117931"
"641","6","0001","50.000","5600084094","00001","08.08.2026","4918118106"
"641","6","0001","50.000","5600084094","00001","08.08.2026","4918118763"
"641","6","0001","50.000","5600084094","00001","08.08.2026","4918119296"
"641","6","0001","40.000","5600084094","00001","08.08.2026","4918119505"
"641","6","0001","40.000","5600084094","00001","08.08.2026","4918120615"
"641","6","0001","35.000","5600084094","00001","09.08.2026","4918138153"
"","8","0010","0.000","5600084094","00001","07.08.2026","9004924618"
"","8","0010","0.000","5600084094","00001","07.08.2026","9004924919"
"","8","0010","0.000","5600084094","00001","08.08.2026","9004927791"
"","8","0010","0.000","5600084094","00001","08.08.2026","9004927805"
"","8","0010","0.000","5600084094","00001","08.08.2026","9004927833"
"","8","0010","0.000","5600084094","00001","08.08.2026","9004927945"
"","8","0010","0.000","5600084094","00001","08.08.2026","9004928007"
"","8","0010","0.000","5600084094","00001","08.08.2026","9004928013"
"","8","0010","0.000","5600084094","00001","08.08.2026","9004928396"
"","8","0010","0.000","5600084094","00001","08.08.2026","9004928533"
"","8","0010","0.000","5600084094","00001","08.08.2026","9004928572"
"","8","0010","0.000","5600084094","00001","08.08.2026","9004928762"
"","8","0010","0.000","5600084094","00001","08.08.2026","9004928909"
"","8","0010","0.000","5600084094","00001","08.08.2026","9004929639"
"","8","0010","0.000","5600084094","00001","09.08.2026","9004938465"
"","8","0001","50.000","5600084094","00001","07.08.2026","9004924618"
"","8","0001","50.000","5600084094","00001","07.08.2026","9004924919"
"","8","0001","50.000","5600084094","00001","08.08.2026","9004927791"
"","8","0001","50.000","5600084094","00001","08.08.2026","9004927805"
"","8","0001","50.000","5600084094","00001","08.08.2026","9004927833"
"","8","0001","50.000","5600084094","00001","08.08.2026","9004927945"
"","8","0001","50.000","5600084094","00001","08.08.2026","9004928007"
"","8","0001","50.000","5600084094","00001","08.08.2026","9004928013"
"","8","0001","50.000","5600084094","00001","08.08.2026","9004928396"
"","8","0001","50.000","5600084094","00001","08.08.2026","9004928533"
"","8","0001","50.000","5600084094","00001","08.08.2026","9004928572"
"","8","0001","50.000","5600084094","00001","08.08.2026","9004928762"
"","8","0001","40.000","5600084094","00001","08.08.2026","9004928909"
"","8","0001","40.000","5600084094","00001","08.08.2026","9004929639"
"","8","0001","35.000","5600084094","00001","09.08.2026","9004938465"
"101","1","0001","50.000","5600084095","00001","08.08.2026","5007120908"
"101","1","0001","26.000","5600084095","00001","08.08.2026","5007120909"
"641","6","0001","50.000","5600084095","00001","07.08.2026","4918108938"
"641","6","0001","26.000","5600084095","00001","08.08.2026","4918117895"
"","8","0010","0.000","5600084095","00001","07.08.2026","9004924964"
"","8","0010","0.000","5600084095","00001","08.08.2026","9004928071"
"","8","0001","50.000","5600084095","00001","07.08.2026","9004924964"
"","8","0001","26.000","5600084095","00001","08.08.2026","9004928071"
"101","1","0001","40.000","5600084096","00001","07.08.2026","5007114376"
"101","1","0001","38.000","5600084096","00001","08.08.2026","5007117852"
"641","6","0001","40.000","5600084096","00001","07.08.2026","4918109161"
"641","6","0001","38.000","5600084096","00001","08.08.2026","4918117915"
"","8","0010","0.000","5600084096","00001","07.08.2026","9004925005"
"","8","0010","0.000","5600084096","00001","08.08.2026","9004928163"
"","8","0001","40.000","5600084096","00001","07.08.2026","9004925005"
"","8","0001","38.000","5600084096","00001","08.08.2026","9004928163"
"101","1","0001","40.000","5600084097","00001","08.08.2026","5007117853"
"101","1","0001","40.000","5600084097","00001","08.08.2026","5007117856"
"101","1","0001","43.000","5600084097","00001","08.08.2026","5007117857"
"641","6","0001","40.000","5600084097","00001","08.08.2026","4918118098"
"641","6","0001","40.000","5600084097","00001","08.08.2026","4918118271"
"641","6","0001","43.000","5600084097","00001","08.08.2026","4918118424"
"","8","0010","0.000","5600084097","00001","08.08.2026","9004928233"
"","8","0010","0.000","5600084097","00001","08.08.2026","9004928293"
"","8","0010","0.000","5600084097","00001","08.08.2026","9004928357"
"","8","0001","40.000","5600084097","00001","08.08.2026","9004928233"
"","8","0001","40.000","5600084097","00001","08.08.2026","9004928293"
"","8","0001","43.000","5600084097","00001","08.08.2026","9004928357"
"101","1","0001","35.000","5600084098","00001","08.08.2026","5007118774"
"101","1","0001","35.000","5600084098","00001","08.08.2026","5007118775"
"101","1","0001","30.000","5600084098","00001","08.08.2026","5007118777"
"641","6","0001","35.000","5600084098","00001","08.08.2026","4918119370"
"641","6","0001","35.000","5600084098","00001","08.08.2026","4918119492"
"641","6","0001","30.000","5600084098","00001","08.08.2026","4918119662"
"","8","0010","0.000","5600084098","00001","08.08.2026","9004928933"
"","8","0010","0.000","5600084098","00001","08.08.2026","9004928965"
"","8","0010","0.000","5600084098","00001","08.08.2026","9004928992"
"","8","0001","35.000","5600084098","00001","08.08.2026","9004928933"
"","8","0001","35.000","5600084098","00001","08.08.2026","9004928965"
"","8","0001","30.000","5600084098","00001","08.08.2026","9004928992"
"101","1","0001","35.000","5600084099","00001","08.08.2026","5007119455"
"101","1","0001","35.000","5600084099","00001","08.08.2026","5007119456"
"101","1","0001","35.000","5600084099","00001","10.08.2026","5007132206"
"101","1","0001","35.000","5600084099","00001","10.08.2026","5007132207"
"101","1","0001","35.000","5600084099","00001","10.08.2026","5007132208"
"101","1","0001","35.000","5600084099","00001","10.08.2026","5007132209"
"101","1","0001","35.000","5600084099","00001","10.08.2026","5007132221"
"101","1","0001","35.000","5600084099","00001","10.08.2026","5007132223"
"101","1","0001","40.000","5600084099","00001","10.08.2026","5007132224"
"101","1","0001","40.000","5600084099","00001","10.08.2026","5007132225"
"641","6","0001","35.000","5600084099","00001","08.08.2026","4918121146"
"641","6","0001","35.000","5600084099","00001","08.08.2026","4918121248"
"641","6","0001","35.000","5600084099","00001","09.08.2026","4918138349"
"641","6","0001","35.000","5600084099","00001","09.08.2026","4918138484"
"641","6","0001","35.000","5600084099","00001","09.08.2026","4918138742"
"641","6","0001","35.000","5600084099","00001","09.08.2026","4918138838"
"641","6","0001","35.000","5600084099","00001","09.08.2026","4918138974"
"641","6","0001","35.000","5600084099","00001","09.08.2026","4918139076"
"641","6","0001","40.000","5600084099","00001","09.08.2026","4918139282"
"641","6","0001","40.000","5600084099","00001","09.08.2026","4918139471"
"","8","0010","0.000","5600084099","00001","08.08.2026","9004930066"
"","8","0010","0.000","5600084099","00001","08.08.2026","9004930083"
"","8","0010","0.000","5600084099","00001","09.08.2026","9004938727"
"","8","0010","0.000","5600084099","00001","09.08.2026","9004938743"
"","8","0010","0.000","5600084099","00001","09.08.2026","9004939045"
"","8","0010","0.000","5600084099","00001","09.08.2026","9004939062"
"","8","0010","0.000","5600084099","00001","09.08.2026","9004939071"
"","8","0010","0.000","5600084099","00001","09.08.2026","9004939087"
"","8","0010","0.000","5600084099","00001","09.08.2026","9004939114"
"","8","0010","0.000","5600084099","00001","09.08.2026","9004939139"
"","8","0010","0.000","5600084099","00001","09.08.2026","9004939204"
"","8","0010","0.000","5600084099","00001","09.08.2026","9004939264"
"","8","0010","0.000","5600084099","00001","09.08.2026","9004939319"
"","8","0010","0.000","5600084099","00001","09.08.2026","9004939341"
"","8","0010","0.000","5600084099","00001","09.08.2026","9004939393"
"","8","0010","0.000","5600084099","00001","09.08.2026","9004939431"
"","8","0010","0.000","5600084099","00001","09.08.2026","9004939445"
"","8","0001","35.000","5600084099","00001","08.08.2026","9004930066"
"","8","0001","35.000","5600084099","00001","08.08.2026","9004930083"
"","8","0001","35.000","5600084099","00001","09.08.2026","9004938727"
"","8","0001","35.000","5600084099","00001","09.08.2026","9004938743"
"","8","0001","35.000","5600084099","00001","09.08.2026","9004939045"
"","8","0001","35.000","5600084099","00001","09.08.2026","9004939062"
"","8","0001","35.000","5600084099","00001","09.08.2026","9004939071"
"","8","0001","35.000","5600084099","00001","09.08.2026","9004939087"
"","8","0001","35.000","5600084099","00001","09.08.2026","9004939114"
"","8","0001","40.000","5600084099","00001","09.08.2026","9004939139"
"","8","0001","40.000","5600084099","00001","09.08.2026","9004939204"
"","8","0001","40.000","5600084099","00001","09.08.2026","9004939264"
"","8","0001","40.000","5600084099","00001","09.08.2026","9004939319"
"","8","0001","40.000","5600084099","00001","09.08.2026","9004939341"
"","8","0001","40.000","5600084099","00001","09.08.2026","9004939393"
"","8","0001","35.000","5600084099","00001","09.08.2026","9004939431"
"","8","0001","19.000","5600084099","00001","09.08.2026","9004939445"
"101","1","0001","35.000","5600084100","00001","08.08.2026","5007119451"
"101","1","0001","35.000","5600084100","00001","08.08.2026","5007119452"
"101","1","0001","35.000","5600084100","00001","10.08.2026","5007132088"
"101","1","0001","35.000","5600084100","00001","10.08.2026","5007132089"
"101","1","0001","30.000","5600084100","00001","10.08.2026","5007132170"
"101","1","0001","30.000","5600084100","00001","10.08.2026","5007132171"
"641","6","0001","35.000","5600084100","00001","08.08.2026","4918121418"
"641","6","0001","35.000","5600084100","00001","08.08.2026","4918121565"
"641","6","0001","35.000","5600084100","00001","08.08.2026","4918122949"
"641","6","0001","35.000","5600084100","00001","08.08.2026","4918123205"
"641","6","0001","30.000","5600084100","00001","08.08.2026","4918123384"
"641","6","0001","30.000","5600084100","00001","09.08.2026","4918138367"
"","8","0010","0.000","5600084100","00001","08.08.2026","9004930385"
"","8","0010","0.000","5600084100","00001","08.08.2026","9004930410"
"","8","0010","0.000","5600084100","00001","08.08.2026","9004931257"
"","8","0010","0.000","5600084100","00001","08.08.2026","9004931327"
"","8","0010","0.000","5600084100","00001","08.08.2026","9004931381"
"","8","0010","0.000","5600084100","00001","09.08.2026","9004938714"
"","8","0001","35.000","5600084100","00001","08.08.2026","9004930385"
"","8","0001","35.000","5600084100","00001","08.08.2026","9004930410"
"","8","0001","35.000","5600084100","00001","08.08.2026","9004931257"
"","8","0001","35.000","5600084100","00001","08.08.2026","9004931327"
"","8","0001","30.000","5600084100","00001","08.08.2026","9004931381"
"","8","0001","30.000","5600084100","00001","09.08.2026","9004938714"
"101","1","0001","35.000","5600084101","00001","10.08.2026","5007132173"
"101","1","0001","35.000","5600084101","00001","10.08.2026","5007132174"
"101","1","0001","35.000","5600084101","00001","10.08.2026","5007132179"
"101","1","0001","35.000","5600084101","00001","10.08.2026","5007132201"
"101","1","0001","35.000","5600084101","00001","10.08.2026","5007132203"
"101","1","0001","42.000","5600084101","00001","10.08.2026","5007132205"
"641","6","0001","35.000","5600084101","00001","08.08.2026","4918121703"
"641","6","0001","35.000","5600084101","00001","08.08.2026","4918121844"
"641","6","0001","35.000","5600084101","00001","09.08.2026","4918138142"
"641","6","0001","35.000","5600084101","00001","09.08.2026","4918138154"
"641","6","0001","35.000","5600084101","00001","09.08.2026","4918138229"
"641","6","0001","42.000","5600084101","00001","09.08.2026","4918138236"
"","8","0010","0.000","5600084101","00001","08.08.2026","9004930493"
"","8","0010","0.000","5600084101","00001","08.08.2026","9004930560"
"","8","0010","0.000","5600084101","00001","09.08.2026","9004938493"
"","8","0010","0.000","5600084101","00001","09.08.2026","9004938510"
"","8","0010","0.000","5600084101","00001","09.08.2026","9004938529"
"","8","0010","0.000","5600084101","00001","09.08.2026","9004938609"
"","8","0001","35.000","5600084101","00001","08.08.2026","9004930493"
"","8","0001","35.000","5600084101","00001","08.08.2026","9004930560"
"","8","0001","35.000","5600084101","00001","09.08.2026","9004938493"
"","8","0001","35.000","5600084101","00001","09.08.2026","9004938510"
"","8","0001","35.000","5600084101","00001","09.08.2026","9004938529"
"","8","0001","42.000","5600084101","00001","09.08.2026","9004938609"
"101","1","0001","35.000","5600084102","00001","08.08.2026","5007119458"
"101","1","0001","35.000","5600084102","00001","08.08.2026","5007119459"
"101","1","0001","22.000","5600084102","00001","10.08.2026","5007132177"
"101","1","0001","22.000","5600084102","00001","10.08.2026","5007132178"
"641","6","0001","35.000","5600084102","00001","08.08.2026","4918121697"
"641","6","0001","35.000","5600084102","00001","08.08.2026","4918121852"
"641","6","0001","22.000","5600084102","00001","08.08.2026","4918122375"
"641","6","0001","22.000","5600084102","00001","08.08.2026","4918122622"
"","8","0010","0.000","5600084102","00001","08.08.2026","9004930595"
"","8","0010","0.000","5600084102","00001","08.08.2026","9004930603"
"","8","0010","0.000","5600084102","00001","08.08.2026","9004931019"
"","8","0010","0.000","5600084102","00001","08.08.2026","9004931060"
"","8","0001","35.000","5600084102","00001","08.08.2026","9004930595"
"","8","0001","35.000","5600084102","00001","08.08.2026","9004930603"
"","8","0001","22.000","5600084102","00001","08.08.2026","9004931019"
"","8","0001","22.000","5600084102","00001","08.08.2026","9004931060"
"101","1","0001","228.500","5600084124","00010","08.08.2026","5007120516"
"641","6","0001","228.500","5600084124","00010","08.08.2026","4918120150"
"","8","0010","0.000","5600084124","00010","08.08.2026","9004929402"
"","8","0001","228.500","5600084124","00010","08.08.2026","9004929402"
"101","1","0001","80.000","5600084142","00001","08.08.2026","5007120319"
"101","1","0001","80.000","5600084142","00001","08.08.2026","5007121248"
"101","1","0001","80.000","5600084142","00001","08.08.2026","5007121249"
"101","1","0001","69.000","5600084142","00001","08.08.2026","5007121310"
"641","6","0001","80.000","5600084142","00001","08.08.2026","4918124091"
"641","6","0001","80.000","5600084142","00001","08.08.2026","4918125596"
"641","6","0001","80.000","5600084142","00001","08.08.2026","4918125637"
"641","6","0001","69.000","5600084142","00001","08.08.2026","4918125795"
"","8","0010","0.000","5600084142","00001","08.08.2026","9004932090"
"","8","0010","0.000","5600084142","00001","08.08.2026","9004933186"
"","8","0010","0.000","5600084142","00001","08.08.2026","9004933225"
"","8","0010","0.000","5600084142","00001","08.08.2026","9004933278"
"","8","0001","80.000","5600084142","00001","08.08.2026","9004932090"
"","8","0001","80.000","5600084142","00001","08.08.2026","9004933186"
"","8","0001","80.000","5600084142","00001","08.08.2026","9004933225"
"","8","0001","69.000","5600084142","00001","08.08.2026","9004933278"
"101","1","0001","80.000","5600084143","00001","08.08.2026","5007120317"
"101","1","0001","80.000","5600084143","00001","08.08.2026","5007120318"
"101","1","0001","80.000","5600084143","00001","08.08.2026","5007121313"
"101","1","0001","80.000","5600084143","00001","08.08.2026","5007121314"
"101","1","0001","80.000","5600084143","00001","08.08.2026","5007121315"
"101","1","0001","80.000","5600084143","00001","08.08.2026","5007121318"
"101","1","0001","80.000","5600084143","00001","08.08.2026","5007121331"
"101","1","0001","14.000","5600084143","00001","08.08.2026","5007121339"
"101","1","0002","7.400","5600084143","00001","08.08.2026","5007121339"
"641","6","0001","80.000","5600084143","00001","08.08.2026","4918124042"
"641","6","0001","80.000","5600084143","00001","08.08.2026","4918124080"
"641","6","0001","80.000","5600084143","00001","08.08.2026","4918125869"
"641","6","0001","80.000","5600084143","00001","08.08.2026","4918125900"
"641","6","0001","80.000","5600084143","00001","08.08.2026","4918125923"
"641","6","0001","80.000","5600084143","00001","08.08.2026","4918126010"
"641","6","0001","80.000","5600084143","00001","08.08.2026","4918126053"
"641","6","0001","14.000","5600084143","00001","08.08.2026","4918126143"
"641","6","0003","7.400","5600084143","00001","08.08.2026","4918126143"
"","8","0010","0.000","5600084143","00001","08.08.2026","9004932057"
"","8","0010","0.000","5600084143","00001","08.08.2026","9004932077"
"","8","0010","0.000","5600084143","00001","08.08.2026","9004933330"
"","8","0010","0.000","5600084143","00001","08.08.2026","9004933362"
"","8","0010","0.000","5600084143","00001","08.08.2026","9004933380"
"","8","0010","0.000","5600084143","00001","08.08.2026","9004933419"
"","8","0010","0.000","5600084143","00001","08.08.2026","9004933443"
"","8","0010","0.000","5600084143","00001","08.08.2026","9004933463"
"","8","0001","80.000","5600084143","00001","08.08.2026","9004932057"
"","8","0001","80.000","5600084143","00001","08.08.2026","9004932077"
"","8","0001","80.000","5600084143","00001","08.08.2026","9004933330"
"","8","0001","80.000","5600084143","00001","08.08.2026","9004933362"
"","8","0001","80.000","5600084143","00001","08.08.2026","9004933380"
"","8","0001","80.000","5600084143","00001","08.08.2026","9004933419"
"","8","0001","80.000","5600084143","00001","08.08.2026","9004933443"
"","8","0001","14.000","5600084143","00001","08.08.2026","9004933463"
"","8","0002","7.400","5600084143","00001","08.08.2026","9004933463"
"101","1","0001","80.000","5600084144","00001","08.08.2026","5007120410"
"101","1","0001","80.000","5600084144","00001","08.08.2026","5007121360"
"101","1","0001","80.000","5600084144","00001","08.08.2026","5007121361"
"101","1","0001","70.000","5600084144","00001","08.08.2026","5007121362"
"641","6","0001","80.000","5600084144","00001","08.08.2026","4918124112"
"641","6","0001","80.000","5600084144","00001","08.08.2026","4918126197"
"641","6","0001","80.000","5600084144","00001","08.08.2026","4918126205"
"641","6","0001","70.000","5600084144","00001","08.08.2026","4918126266"
"","8","0010","0.000","5600084144","00001","08.08.2026","9004932110"
"","8","0010","0.000","5600084144","00001","08.08.2026","9004933517"
"","8","0010","0.000","5600084144","00001","08.08.2026","9004933553"
"","8","0010","0.000","5600084144","00001","08.08.2026","9004933570"
"","8","0001","80.000","5600084144","00001","08.08.2026","9004932110"
"","8","0001","80.000","5600084144","00001","08.08.2026","9004933517"
"","8","0001","80.000","5600084144","00001","08.08.2026","9004933553"
"","8","0001","70.000","5600084144","00001","08.08.2026","9004933570"
"101","1","0001","80.000","5600084145","00001","08.08.2026","5007120411"
"101","1","0001","29.500","5600084145","00001","08.08.2026","5007121363"
"641","6","0001","80.000","5600084145","00001","08.08.2026","4918124115"
"641","6","0001","29.500","5600084145","00001","08.08.2026","4918126297"
"","8","0010","0.000","5600084145","00001","08.08.2026","9004932135"
"","8","0010","0.000","5600084145","00001","08.08.2026","9004933594"
"","8","0001","80.000","5600084145","00001","08.08.2026","9004932135"
"","8","0001","29.500","5600084145","00001","08.08.2026","9004933594"
"101","1","0001","41.200","5600084153","00010","09.08.2026","5007127347"
"641","6","0001","41.200","5600084153","00010","09.08.2026","4918136276"
"","8","0010","0.000","5600084153","00010","09.08.2026","9004936905"
"","8","0001","41.200","5600084153","00010","09.08.2026","9004936905"
"101","1","0001","35.000","5600084159","00010","09.08.2026","5007128745"
"101","1","0001","35.000","5600084159","00010","09.08.2026","5007128834"
"101","1","0001","30.000","5600084159","00010","09.08.2026","5007129485"
"641","6","0001","35.000","5600084159","00010","09.08.2026","4918144656"
"641","6","0001","35.000","5600084159","00010","09.08.2026","4918144799"
"641","6","0001","30.000","5600084159","00010","09.08.2026","4918146489"
"","8","0010","0.000","5600084159","00010","09.08.2026","9004942600"
"","8","0010","0.000","5600084159","00010","09.08.2026","9004942743"
"","8","0010","0.000","5600084159","00010","09.08.2026","9004943603"
"","8","0001","35.000","5600084159","00010","09.08.2026","9004942600"
"","8","0001","35.000","5600084159","00010","09.08.2026","9004942743"
"","8","0001","30.000","5600084159","00010","09.08.2026","9004943603"
"101","1","0001","35.000","5600084167","00001","10.08.2026","5007133716"
"641","6","0001","35.000","5600084167","00001","10.08.2026","4918153794"
"","8","0010","0.000","5600084167","00001","10.08.2026","9004946250"
"","8","0001","35.000","5600084167","00001","10.08.2026","9004946250"
"101","1","0001","35.000","5600084168","00001","10.08.2026","5007132469"
"101","1","0001","35.000","5600084168","00001","10.08.2026","5007132473"
"101","1","0001","35.000","5600084168","00001","10.08.2026","5007133689"
"101","1","0001","35.000","5600084168","00001","10.08.2026","5007133710"
"101","1","0001","35.000","5600084168","00001","10.08.2026","5007133712"
"641","6","0001","35.000","5600084168","00001","10.08.2026","4918153504"
"641","6","0001","35.000","5600084168","00001","10.08.2026","4918153664"
"641","6","0001","35.000","5600084168","00001","10.08.2026","4918154868"
"641","6","0001","35.000","5600084168","00001","10.08.2026","4918155158"
"641","6","0001","35.000","5600084168","00001","10.08.2026","4918156096"
"","8","0010","0.000","5600084168","00001","10.08.2026","9004946123"
"","8","0010","0.000","5600084168","00001","10.08.2026","9004946139"
"","8","0010","0.000","5600084168","00001","10.08.2026","9004946686"
"","8","0010","0.000","5600084168","00001","10.08.2026","9004946785"
"","8","0010","0.000","5600084168","00001","10.08.2026","9004947570"
"","8","0001","35.000","5600084168","00001","10.08.2026","9004946123"
"","8","0001","35.000","5600084168","00001","10.08.2026","9004946139"
"","8","0001","35.000","5600084168","00001","10.08.2026","9004946686"
"","8","0001","35.000","5600084168","00001","10.08.2026","9004946785"
"","8","0001","35.000","5600084168","00001","10.08.2026","9004947570"
"101","1","0001","35.000","5600084169","00001","10.08.2026","5007132471"
"101","1","0001","35.000","5600084169","00001","10.08.2026","5007132474"
"101","1","0001","35.000","5600084169","00001","10.08.2026","5007133713"
"101","1","0001","23.000","5600084169","00001","10.08.2026","5007133715"
"641","6","0001","35.000","5600084169","00001","10.08.2026","4918153648"
"641","6","0001","35.000","5600084169","00001","10.08.2026","4918153806"
"641","6","0001","35.000","5600084169","00001","10.08.2026","4918154172"
"641","6","0001","23.000","5600084169","00001","10.08.2026","4918154406"
"","8","0010","0.000","5600084169","00001","10.08.2026","9004946179"
"","8","0010","0.000","5600084169","00001","10.08.2026","9004946201"
"","8","0010","0.000","5600084169","00001","10.08.2026","9004946331"
"","8","0010","0.000","5600084169","00001","10.08.2026","9004946455"
"","8","0001","35.000","5600084169","00001","10.08.2026","9004946179"
"","8","0001","35.000","5600084169","00001","10.08.2026","9004946201"
"","8","0001","35.000","5600084169","00001","10.08.2026","9004946331"
"","8","0001","23.000","5600084169","00001","10.08.2026","9004946455"
"101","1","0001","321.600","5600084177","00010","10.08.2026","5007132279"
"641","6","0001","321.600","5600084177","00010","10.08.2026","4918153469"
"","8","0010","0.000","5600084177","00010","10.08.2026","9004946111"
"","8","0001","321.600","5600084177","00010","10.08.2026","9004946111"
"101","1","0001","377.000","5600084178","00010","10.08.2026","5007132301"
"641","6","0001","377.000","5600084178","00010","10.08.2026","4918153515"
"","8","0010","0.000","5600084178","00010","10.08.2026","9004946118"
"","8","0001","377.000","5600084178","00010","10.08.2026","9004946118"
"641","6","0001","0.200","5600084291","00010","04.09.2026","4918170909"
"641","6","0003","0.050","5600084291","00010","04.09.2026","4918170909"
"641","6","0005","0.050","5600084291","00010","04.09.2026","4918170909"
"641","6","0007","0.500","5600084291","00010","04.09.2026","4918170909"
"641","6","0009","0.400","5600084291","00010","04.09.2026","4918170909"
"641","6","0011","0.500","5600084291","00010","04.09.2026","4918170909"
"641","6","0013","0.200","5600084291","00010","04.09.2026","4918170909"
"641","6","0015","0.700","5600084291","00010","04.09.2026","4918170909"
"641","6","0017","0.600","5600084291","00010","04.09.2026","4918170909"
"641","6","0019","0.400","5600084291","00010","04.09.2026","4918170909"
"641","6","0021","0.050","5600084291","00010","04.09.2026","4918170909"
"641","6","0023","0.850","5600084291","00010","04.09.2026","4918170909"
"641","6","0025","0.300","5600084291","00010","04.09.2026","4918170909"
"641","6","0027","0.600","5600084291","00010","04.09.2026","4918170909"
"641","6","0029","0.600","5600084291","00010","04.09.2026","4918170909"
"641","6","0031","0.250","5600084291","00010","04.09.2026","4918170909"
"641","6","0033","0.300","5600084291","00010","04.09.2026","4918170909"
"641","6","0035","0.250","5600084291","00010","04.09.2026","4918170909"
"641","6","0037","0.700","5600084291","00010","04.09.2026","4918170909"
"641","6","0039","0.900","5600084291","00010","04.09.2026","4918170909"
"641","6","0041","0.750","5600084291","00010","04.09.2026","4918170909"
"641","6","0043","0.850","5600084291","00010","04.09.2026","4918170909"
"","8","0010","0.000","5600084291","00010","04.09.2026","9004953385"
"","8","0001","0.200","5600084291","00010","04.09.2026","9004953385"
"","8","0002","0.050","5600084291","00010","04.09.2026","9004953385"
"","8","0003","0.050","5600084291","00010","04.09.2026","9004953385"
"","8","0004","0.500","5600084291","00010","04.09.2026","9004953385"
"","8","0005","0.400","5600084291","00010","04.09.2026","9004953385"
"","8","0006","0.500","5600084291","00010","04.09.2026","9004953385"
"","8","0007","0.200","5600084291","00010","04.09.2026","9004953385"
"","8","0008","0.700","5600084291","00010","04.09.2026","9004953385"
"","8","0009","0.600","5600084291","00010","04.09.2026","9004953385"
"","8","0010","0.400","5600084291","00010","04.09.2026","9004953385"
"","8","0011","0.050","5600084291","00010","04.09.2026","9004953385"
"","8","0012","0.850","5600084291","00010","04.09.2026","9004953385"
"","8","0013","0.300","5600084291","00010","04.09.2026","9004953385"
"","8","0014","0.600","5600084291","00010","04.09.2026","9004953385"
"","8","0015","0.600","5600084291","00010","04.09.2026","9004953385"
"","8","0016","0.250","5600084291","00010","04.09.2026","9004953385"
"","8","0017","0.300","5600084291","00010","04.09.2026","9004953385"
"","8","0018","0.250","5600084291","00010","04.09.2026","9004953385"
"","8","0019","0.700","5600084291","00010","04.09.2026","9004953385"
"","8","0020","0.900","5600084291","00010","04.09.2026","9004953385"
"","8","0021","0.750","5600084291","00010","04.09.2026","9004953385"
"","8","0022","0.850","5600084291","00010","04.09.2026","9004953385"
