"EBELN","LOEKZ","BSART","AEDAT","RESWK"
"5600083019","","ZP06","28.07.2026","8235"
"5600083020","","ZP06","28.07.2026","8069"
"5600083021","","ZP06","28.07.2026","8069"
"5600083022","","ZP06","28.07.2026","8069"
"5600083023","","ZP06","28.07.2026","8069"
"5600083024","","ZP06","28.07.2026","4906"
"5600083027","","ZP06","28.07.2026","8076"
"5600083029","","ZP06","28.07.2026","8076"
"5600083030","","ZP06","28.07.2026","8076"
"5600083031","","ZP06","28.07.2026","8076"
"5600083032","","ZP06","28.07.2026","8076"
"5600083054","","ZP06","28.07.2026","5888"
"5600083055","","ZP06","28.07.2026","5888"
"5600083056","","ZP06","28.07.2026","5354"
"5600083057","","ZP06","28.07.2026","5354"
"5600083058","","ZP06","28.07.2026","5354"
"5600083059","","ZP06","28.07.2026","5354"
"5600083071","","ZP06","28.07.2026","8113"
"5600083084","","ZP06","28.07.2026","4906"
"5600083085","","ZP06","28.07.2026","4906"
"5600083087","","ZP06","28.07.2026","4906"
"5600083273","","ZP06","29.07.2026","8168"
"5600083275","","ZP06","29.07.2026","8168"
"5600083276","","ZP06","29.07.2026","8168"
"5600083277","","ZP06","29.07.2026","8168"
"5600083278","","ZP06","29.07.2026","8168"
"5600083281","","ZP06","29.07.2026","3928"
"5600083283","","ZP06","29.07.2026","3928"
"5600083295","","ZP06","29.07.2026","8168"
"5600083296","","ZP06","29.07.2026","8168"
"5600083297","","ZP06","29.07.2026","8168"
"5600083298","","ZP06","29.07.2026","8168"
"5600083299","","ZP06","29.07.2026","8168"
"5600083300","","ZP06","29.07.2026","3770"
"5600083301","","ZP06","29.07.2026","3770"
"5600083302","","ZP06","29.07.2026","3770"
"5600083303","","ZP06","29.07.2026","3770"
"5600083322","","ZP06","29.07.2026","6073"
"5600083329","","ZP06","29.07.2026","3772"
"5600083340","","ZP06","30.07.2026","6947"
"5600083359","","ZP06","30.07.2026","8064"
"5600083362","","ZP06","30.07.2026","8064"
"5600083365","","ZP06","30.07.2026","8064"
"5600083368","","ZP06","30.07.2026","8064"
"5600083370","","ZP06","30.07.2026","8064"
"5600083393","","ZP06","30.07.2026","5370"
"5600083394","","ZP06","30.07.2026","5370"
"5600083395","","ZP06","30.07.2026","5370"
"5600083408","","ZP06","30.07.2026","8235"
"5600083426","","ZP06","30.07.2026","5210"
"5600083430","","ZP06","30.07.2026","5210"
"5600083479","","ZP06","31.07.2026","6222"
"5600083490","","ZP06","31.07.2026","4968"
"5600083492","","ZP06","31.07.2026","4331"
"5600083493","","ZP06","31.07.2026","4331"
"5600083494","","ZP06","31.07.2026","4331"
"5600083495","","ZP06","31.07.2026","4331"
"5600083496","","ZP06","31.07.2026","4331"
"5600083498","","ZP06","31.07.2026","6967"
"5600083667","","ZP06","31.07.2026","8296"
"5600083668","","ZP06","31.07.2026","8296"
"5600083669","","ZP06","31.07.2026","8296"
"5600083678","","ZP06","31.07.2026","3747"
"5600083680","","ZP06","31.07.2026","3747"
"5600083681","","ZP06","31.07.2026","3747"
"5600083682","","ZP06","31.07.2026","3747"
"5600083684","","ZP06","31.07.2026","6842"
"5600083690","","ZP06","31.07.2026","3747"
"5600083699","","ZP06","01.08.2026","4856"
"5600083701","","ZP06","01.08.2026","5379"
"5600083702","","ZP06","01.08.2026","5379"
"5600083709","","ZP06","01.08.2026","8265"
"5600083751","","ZP06","01.08.2026","5544"
"5600083753","","ZP06","01.08.2026","5254"
"5600083754","","ZP06","01.08.2026","5254"
"5600083755","","ZP06","01.08.2026","5254"
"5600083756","","ZP06","01.08.2026","5254"
"5600083777","","ZP06","02.08.2026","8009"
"5600083778","","ZP06","02.08.2026","8009"
"5600083779","","ZP06","02.08.2026","8009"
"5600083780","","ZP06","02.08.2026","8009"
"5600083781","","ZP06","02.08.2026","8275"
"5600083782","","ZP06","02.08.2026","8275"
"5600083783","","ZP06","02.08.2026","8275"
"5600083792","","ZP06","02.08.2026","8222"
"5600083793","","ZP06","02.08.2026","8222"
"5600083794","","ZP06","02.08.2026","8222"
"5600083795","","ZP06","02.08.2026","8222"
"5600083796","","ZP06","02.08.2026","8222"
"5600083797","","ZP06","02.08.2026","8222"
"5600083798","","ZP06","02.08.2026","8222"
"5600083801","","ZP06","02.08.2026","8265"
"5600083803","","ZP06","02.08.2026","8265"
"5600083806","","ZP06","02.08.2026","8265"
"5600083817","","ZP06","02.08.2026","8265"
"5600083818","","ZP06","02.08.2026","8265"
"5600083819","","ZP06","02.08.2026","8265"
"5600083820","","ZP06","02.08.2026","8265"
"5600083821","","ZP06","02.08.2026","8265"
"5600083825","","ZP06","02.08.2026","8265"
"5600083842","","ZP06","03.08.2026","3854"
"5600083843","","ZP06","03.08.2026","3854"
"5600083848","","ZP06","03.08.2026","8206"
"5600083849","","ZP06","03.08.2026","8206"
"5600083850","","ZP06","03.08.2026","8206"
"5600083851","","ZP06","03.08.2026","8206"
"5600083853","","ZP06","03.08.2026","5498"
"5600083856","","ZP06","03.08.2026","3854"
"5600083880","","ZP06","03.08.2026","8183"
"5600083890","","ZP06","04.08.2026","6885"
"5600083893","","ZP06","04.08.2026","5544"
"5600083894","","ZP06","04.08.2026","8071"
"5600083895","","ZP06","04.08.2026","5874"
"5600083898","","ZP06","04.08.2026","8071"
"5600083899","","ZP06","04.08.2026","8071"
"5600083900","","ZP06","04.08.2026","8071"
"5600083925","","ZP06","04.08.2026","5498"
"5600083926","","ZP06","04.08.2026","8082"
"5600083927","","ZP06","04.08.2026","8082"
"5600083928","","ZP06","04.08.2026","8082"
"5600083929","","ZP06","04.08.2026","8082"
"5600083953","","ZP06","05.08.2026","3911"
"5600083954","","ZP06","05.08.2026","3911"
"5600083955","","ZP06","05.08.2026","3911"
"5600083956","","ZP06","05.08.2026","3911"
"5600083957","","ZP06","05.08.2026","3911"
"5600083958","","ZP06","05.08.2026","3911"
"5600084019","","ZP06","06.08.2026","8077"
"5600084020","","ZP06","06.08.2026","8076"
"5600084021","","ZP06","06.08.2026","8076"
"5600084022","","ZP06","06.08.2026","8076"
"5600084023","","ZP06","06.08.2026","8076"
"5600084037","","ZP06","06.08.2026","8080"
"5600084038","","ZP06","06.08.2026","8080"
"5600084039","","ZP06","06.08.2026","8080"
"5600084040","","ZP06","06.08.2026","5373"
"5600084041","","ZP06","06.08.2026","5373"
"5600084042","","ZP06","06.08.2026","8080"
"5600084043","","ZP06","06.08.2026","8080"
"5600084044","","ZP06","06.08.2026","8080"
"5600084045","","ZP06","06.08.2026","5217"
"5600084046","","ZP06","07.08.2026","8080"
"5600084047","","ZP06","07.08.2026","5217"
"5600084094","","ZP06","07.08.2026","8314"
"5600084095","","ZP06","07.08.2026","8314"
"5600084096","","ZP06","07.08.2026","8314"
"5600084097","","ZP06","07.08.2026","8314"
"5600084098","","ZP06","07.08.2026","8319"
"5600084099","","ZP06","07.08.2026","8319"
"5600084100","","ZP06","07.08.2026","8319"
"5600084101","","ZP06","07.08.2026","8319"
"5600084102","","ZP06","07.08.2026","8319"
"5600084124","","ZP06","08.08.2026","8076"
"5600084142","","ZP06","08.08.2026","3818"
"5600084143","","ZP06","08.08.2026","3818"
"5600084144","","ZP06","08.08.2026","3818"
"5600084145","","ZP06","08.08.2026","3818"
"5600084153","","ZP06","09.08.2026","5874"
"5600084159","","ZP06","09.08.2026","5309"
"5600084167","","ZP06","10.08.2026","8317"
"5600084168","","ZP06","10.08.2026","8317"
"5600084169","","ZP06","10.08.2026","8317"
"5600084171","","ZP06","10.08.2026","8261"
"5600084172","","ZP06","10.08.2026","8261"
"5600084173","","ZP06","10.08.2026","8261"
"5600084174","","ZP06","10.08.2026","8261"
"5600084175","","ZP06","10.08.2026","5373"
"5600084176","","ZP06","10.08.2026","5373"
"5600084177","","ZP06","10.08.2026","5217"
"5600084178","","ZP06","10.08.2026","5217"
"5600084186","","ZP06","10.08.2026","8069"
"5600084187","","ZP06","10.08.2026","8069"
"5600084188","","ZP06","10.08.2026","8069"
"5600084189","","ZP06","10.08.2026","8069"
"5600084190","","ZP06","10.08.2026","8069"
"5600084259","","ZP06","25.08.2026","5002"
"5600084291","","ZP06","04.09.2026","5309"
