"VKORG","VSTEL","ERDAT","KUNNR","LFART","ERNAM","VBELN","ZZVBELN"
"1000","1000","23.03.2026","P3813","ZNL","S004153","9003414355","0004318752"
"1000","1000","23.03.2026","P3813","ZNL","S013488","9003416337","0004315389"
"1000","1000","23.03.2026","P3813","ZNL","S013488","9003416339","0004315389"
"1000","1000","23.03.2026","P3813","ZNL","S013488","9003416340","0004315389"
"1000","1000","23.03.2026","P3813","ZNL","S013488","9003417150","0004315389"
"1000","1000","23.03.2026","P3813","ZNL","S013488","9003417157","0004315389"
"1000","1000","23.03.2026","P3813","ZNL","S013488","9003417375","0004317871"
"1000","1000","23.03.2026","P3813","ZNL","S013488","9003417383","0004317871"
"1000","1008","23.03.2026","P3814","ZNL","S020444","9003418226","0004319285"
"1000","1008","24.03.2026","P3814","ZNL","S020444","9003418966","0004319285"
"1000","1000","24.03.2026","P3813","ZNL","S013488","9003422247","0004321848"
"1000","1008","24.03.2026","P3814","ZNL","S020444","9003422399","0004320253"
"1000","1008","24.03.2026","P3814","ZNL","S020444","9003422401","0004320253"
"1000","1008","24.03.2026","P3814","ZNL","S020444","9003422402","0004320253"
"1000","1000","24.03.2026","P3813","ZNL","S020126","9003422423","0004322286"
"1000","1000","24.03.2026","P3813","ZNL","S020126","9003422494","0004322262"
"1000","1000","24.03.2026","P3813","ZNL","S020126","9003422495","0004322262"
"1000","1000","24.03.2026","P3813","ZNL","S020126","9003422496","0004322262"
"1000","1000","24.03.2026","P3813","ZNL","S020126","9003422546","0004322262"
"1000","1000","24.03.2026","P3813","ZNL","S020126","9003422558","0004322262"
"1000","1000","24.03.2026","P3813","ZNL","S020126","9003423993","0004323472"
"1000","1000","24.03.2026","P3813","ZNL","S020126","9003424485","0004324017"
"1000","1000","24.03.2026","P3813","ZNL","S020126","9003426305","0004325065"
"1000","1000","24.03.2026","P3813","ZNL","S020126","9003426335","0004325283"
"1000","1000","24.03.2026","P3813","ZNL","S004153","9003426532","0004324794"
"1000","1008","24.03.2026","P3814","ZNL","S011504","9003426979","0004323593"
"1000","1008","24.03.2026","P3814","ZNL","S011504","9003426991","0004323593"
"1000","1000","24.03.2026","P3813","ZNL","S020126","9003427543","0004325432"
"1000","1000","24.03.2026","P3813","ZNL","S020126","9003428098","0004325836"
"1000","1000","24.03.2026","P3813","ZNL","S020126","9003428917","0004326872"
"1000","1000","24.03.2026","P3813","ZNL","S020126","9003428931","0004326872"
"1000","1000","24.03.2026","P3813","ZNL","S013488","9003429494","0004315389"
"1000","1000","24.03.2026","P3813","ZNL","S013488","9003429506","0004315389"
"1000","1000","24.03.2026","P3813","ZNL","S013488","9003429509","0004315389"
"1000","1000","24.03.2026","P3813","ZNL","S013488","9003429523","0004326872"
"1000","1000","24.03.2026","P3813","ZNL","S013488","9003429630","0004325764"
"1000","1000","25.03.2026","P3813","ZNL","S001520","9003432760","0004322110"
"1000","1000","25.03.2026","P3813","ZNL","S001520","9003433024","0004325432"
"1000","1000","25.03.2026","P3813","ZNL","S001520","9003433026","0004323472"
"1000","1000","25.03.2026","P3813","ZNL","S001520","9003433027","0004327076"
"1000","1000","25.03.2026","P3813","ZNL","S001520","9003433028","0004322182"
"1000","1000","25.03.2026","P3813","ZNL","S020126","9003434124","0004329026"
"1000","1000","25.03.2026","P3813","ZNL","S020126","9003434136","0004329053"
"1000","1008","25.03.2026","P3814","ZNL","S011504","9003434246","0004327046"
"1000","1008","25.03.2026","P3814","ZNL","S011504","9003434374","0004323615"
"1000","1008","25.03.2026","P3814","ZNL","S011504","9003434375","0004323615"
"1000","1008","25.03.2026","P3814","ZNL","S011504","9003434376","0004323615"
"1000","1008","25.03.2026","P3814","ZNL","S011504","9003434378","0004323615"
"1000","1000","25.03.2026","P3813","ZNL","S004153","9003434709","0004329508"
"1000","1008","25.03.2026","P3814","ZNL","S011504","9003436638","0004331761"
"1000","1008","25.03.2026","P3814","ZNL","S011504","9003436649","0004331746"
"1000","1008","25.03.2026","P3814","ZNL","S011504","9003436707","0004323615"
"1000","1008","25.03.2026","P3814","ZNL","S011504","9003436730","0004323615"
"1000","1000","25.03.2026","P3813","ZNL","S020126","9003436973","0004332104"
"1000","1008","25.03.2026","P3814","ZNL","S011504","9003437083","0004332162"
"1000","1000","25.03.2026","P3813","ZNL","S020126","9003438498","0004332104"
"1000","1000","25.03.2026","P3813","ZNL","S020126","9003438726","0004332269"
"1000","1000","25.03.2026","P3813","ZNL","S020126","9003438738","0004332269"
"1000","1000","25.03.2026","P3813","ZNL","S020126","9003438739","0004332269"
"1000","1000","25.03.2026","P3813","ZNL","S020126","9003438764","0004330650"
"1000","1000","25.03.2026","P3813","ZNL","S020126","9003438779","0004330650"
"1000","1008","25.03.2026","P3814","ZNL","S010776","9003439300","0004331350"
"1000","1008","25.03.2026","P3814","ZNL","S010776","9003439302","0004331350"
"1000","1008","25.03.2026","P3814","ZNL","S010776","9003439304","0004331350"
"1000","1000","25.03.2026","P3813","ZNL","S020126","9003439498","0004332758"
"1000","1000","25.03.2026","P3813","ZNL","S020126","9003439511","0004332824"
"1000","1000","25.03.2026","P3813","ZNL","S020126","9003439534","0004333214"
"1000","1000","25.03.2026","P3813","ZNL","S020126","9003439535","0004333214"
"1000","1000","25.03.2026","P3813","ZNL","S020126","9003439556","0004333878"
"1000","1000","25.03.2026","P3813","ZNL","S020126","9003440250","0004332994"
"1000","1008","25.03.2026","P3814","ZNL","S010776","9003440825","0004334177"
"1000","1008","25.03.2026","P3814","ZNL","S010776","9003440865","0004333058"
"1000","1008","25.03.2026","P3814","ZNL","S010776","9003440866","0004333058"
"1000","1008","25.03.2026","P3814","ZNL","S010776","9003440867","0004333058"
"1000","1008","25.03.2026","P3814","ZNL","S018220","9003441515","0004335643"
"1000","1008","25.03.2026","P3814","ZNL","S018220","9003441527","0004333360"
"1000","1008","25.03.2026","P3814","ZNL","S018220","9003441533","0004335658"
"1000","1008","25.03.2026","P3814","ZNL","S018220","9003442852","0004335794"
"1000","1008","25.03.2026","P3814","ZNL","S018220","9003442854","0004335794"
"1000","1008","25.03.2026","P3814","ZNL","S018220","9003444121","0004336474"
"1000","1000","25.03.2026","P3813","ZNL","S004153","9003445058","0004332708"
"1000","1008","25.03.2026","P3814","ZNL","S020444","9003445352","0004336932"
"1000","1008","25.03.2026","P3814","ZNL","S020444","9003445353","0004336932"
"1000","1008","25.03.2026","P3814","ZNL","S020444","9003445354","0004333360"
"1000","1008","25.03.2026","P3814","ZNL","S020444","9003445355","0004336452"
"1000","1000","25.03.2026","P3813","ZNL","S004153","9003445435","0004332708"
"1000","1008","26.03.2026","P3814","ZNL","S020444","9003445523","0004335801"
"1000","1008","26.03.2026","P3814","ZNL","S020444","9003445566","0004336495"
"1000","1008","26.03.2026","P3814","ZNL","S020444","9003445567","0004336495"
"1000","1008","26.03.2026","P3814","ZNL","S020444","9003445988","0004331350"
"1000","1008","26.03.2026","P3814","ZNL","S020444","9003445989","0004331350"
"1000","1008","26.03.2026","P3814","ZNL","S011504","9003446376","0004335565"
"1000","1008","26.03.2026","P3814","ZNL","S011504","9003446392","0004331751"
"1000","1008","26.03.2026","P3814","ZNL","S011504","9003446393","0004331755"
"1000","1000","26.03.2026","P3813","ZNL","S020126","9003447037","0004337470"
"1000","1000","26.03.2026","P3813","ZNL","S020126","9003447038","0004337470"
"1000","1000","26.03.2026","P3813","ZNL","S020126","9003447132","0004337492"
"1000","1000","26.03.2026","P3813","ZNL","S020126","9003447232","0004337449"
"1000","1000","26.03.2026","P3813","ZNL","S020126","9003447233","0004337449"
"1000","1000","26.03.2026","P3813","ZNL","S020126","9003448739","0004337966"
"1000","1000","26.03.2026","P3813","ZNL","S020126","9003448853","0004338286"
"1000","1000","26.03.2026","P3813","ZNL","S020126","9003449235","0004337558"
"1000","1000","26.03.2026","P3813","ZNL","S020126","9003449254","0004339093"
"1000","1000","26.03.2026","P3813","ZNL","S020126","9003449256","0004339093"
"1000","1000","26.03.2026","P3813","ZNL","S020126","9003449843","0004338392"
"1000","1000","26.03.2026","P3813","ZNL","S020126","9003449844","0004338392"
"1000","1000","26.03.2026","P3813","ZNL","S020126","9003449854","0004338392"
"1000","1000","26.03.2026","P3813","ZNL","S020126","9003449855","0004338392"
"1000","1000","26.03.2026","P3813","ZNL","S020126","9003449864","0004338392"
"1000","1000","26.03.2026","P3813","ZNL","S020126","9003449865","0004338392"
"1000","1000","26.03.2026","P3813","ZNL","S020126","9003449886","0004338392"
"1000","1008","26.03.2026","P3814","ZNL","S020444","9003450935","0004332214"
"1000","1008","26.03.2026","P3814","ZNL","S011504","9003451329","0004340910"
"1000","1000","26.03.2026","P3813","ZNL","S020126","9003451626","0004340526"
"1000","1000","26.03.2026","P3813","ZNL","S020126","9003451627","0004340526"
"1000","1000","26.03.2026","P3813","ZNL","S020126","9003452208","0004340204"
"1000","1000","26.03.2026","P3813","ZNL","S020126","9003452313","0004340526"
"1000","1000","26.03.2026","P3813","ZNL","S004153","9003452394","0004339968"
"1000","1000","26.03.2026","P3813","ZNL","S020126","9003452398","0004338286"
"1000","1000","26.03.2026","P3813","ZNL","S004153","9003452404","0004339968"
"1000","1000","26.03.2026","P3813","ZNL","S004153","9003452426","0004340006"
"1000","1000","26.03.2026","P3813","ZNL","S004153","9003452644","0004339968"
"1000","1000","26.03.2026","P3813","ZNL","S020126","9003452657","0004341990"
"1000","1000","26.03.2026","P3813","ZNL","S020126","9003452689","0004341914"
"1000","1000","26.03.2026","P3813","ZNL","S020126","9003452721","0004340139"
"1000","1000","26.03.2026","P3813","ZNL","S020126","9003452763","0004340109"
"1000","1000","26.03.2026","P3813","ZNL","S020126","9003452774","0004340039"
"1000","1000","26.03.2026","P3813","ZNL","S001953","9003455166","0004341923"
"1000","1000","26.03.2026","P3813","ZNL","S001953","9003455194","0004341978"
"1000","1000","26.03.2026","P3813","ZNL","S001953","9003455520","0004342850"
"1000","1000","26.03.2026","P3813","ZNL","S020126","9003456672","0004344833"
"1000","1000","26.03.2026","P3813","ZNL","S020126","9003456697","0004344205"
"1000","1000","26.03.2026","P3813","ZNL","S020126","9003456716","0004343217"
"1000","1000","26.03.2026","P3813","ZNL","S020126","9003456727","0004342968"
"1000","1000","26.03.2026","P3813","ZNL","S020126","9003456752","0004344740"
"1000","1000","26.03.2026","P3813","ZNL","S020126","9003456785","0004342247"
"1000","1000","26.03.2026","P3813","ZNL","S020126","9003456795","0004342247"
"1000","1000","26.03.2026","P3813","ZNL","S020126","9003456802","0004342247"
"1000","1008","26.03.2026","P3814","ZNL","S018220","9003458306","0004342180"
"1000","1008","26.03.2026","P3814","ZNL","S018220","9003458308","0004342180"
"1000","1008","26.03.2026","P3814","ZNL","S018220","9003458309","0004340460"
"1000","1000","26.03.2026","P3813","ZNL","S004153","9003459961","0004332729"
"1000","1000","26.03.2026","P3813","ZNL","S004153","9003459985","0004334616"
"1000","1000","26.03.2026","P3813","ZNL","S004153","9003459989","0004334616"
"1000","1000","26.03.2026","P3813","ZNL","S004153","9003460004","0004339890"
"1000","1000","26.03.2026","P3813","ZNL","S004153","9003460013","0004337583"
"1000","1000","26.03.2026","P3813","ZNL","S004153","9003460020","0004344544"
"1000","1008","26.03.2026","P3814","ZNL","S020444","9003460402","0004344384"
"1000","1008","27.03.2026","P3814","ZNL","S020444","9003460733","0004339143"
"1000","1008","27.03.2026","P3814","ZNL","S011504","9003462062","0004333058"
"1000","1000","27.03.2026","P3813","ZNL","S020126","9003462201","0004346818"
"1000","1000","27.03.2026","P3813","ZNL","S004153","9003462869","0004346768"
"1000","1000","27.03.2026","P3813","ZNL","S004153","9003462870","0004346952"
"1000","1000","27.03.2026","P3813","ZNL","S001953","9003463363","0004347438"
"1000","1000","27.03.2026","P3813","ZNL","S001953","9003463364","0004347438"
"1000","1000","27.03.2026","P3813","ZNL","S001953","9003463382","0004347750"
"1000","1000","27.03.2026","P3813","ZNL","S001953","9003463384","0004347750"
"1000","1000","27.03.2026","P3813","ZNL","S020126","9003464037","0004348141"
"1000","1000","27.03.2026","P3813","ZNL","S020126","9003464062","0004347144"
"1000","1000","27.03.2026","P3813","ZNL","S020126","9003464068","0004347144"
"1000","1000","27.03.2026","P3813","ZNL","S020126","9003464080","0004347144"
"1000","1000","27.03.2026","P3813","ZNL","S020126","9003464087","0004347144"
"1000","1000","27.03.2026","P3813","ZNL","S020126","9003464105","0004348472"
"1000","1000","27.03.2026","P3813","ZNL","S020126","9003465896","0004348885"
"1000","1000","27.03.2026","P3813","ZNL","S020126","9003465907","0004348885"
"1000","1000","27.03.2026","P3813","ZNL","S020126","9003465913","0004348885"
"1000","1000","27.03.2026","P3813","ZNL","S020126","9003465953","0004348141"
"1000","1008","27.03.2026","P3814","ZNL","S018220","9003466643","0004348454"
"1000","1008","27.03.2026","P3814","ZNL","S018220","9003466644","0004346362"
"1000","1008","27.03.2026","P3814","ZNL","S018220","9003466653","0004345889"
"1000","1000","27.03.2026","P3813","ZNL","S020126","9003470135","0004352573"
"1000","1000","27.03.2026","P3813","ZNL","S020126","9003470154","0004334499"
"1000","1000","27.03.2026","P3813","ZNL","S020126","9003470179","0004350626"
"1000","1000","27.03.2026","P3813","ZNL","S020126","9003470196","0004351739"
"1000","1000","27.03.2026","P3813","ZNL","S020126","9003470221","0004351480"
"1000","1000","27.03.2026","P3813","ZNL","S020126","9003470234","0004350569"
"1000","1000","27.03.2026","P3813","ZNL","S020126","9003470241","0004350569"
"1000","1000","27.03.2026","P3813","ZNL","S020126","9003470292","0004353785"
"1000","1000","27.03.2026","P3813","ZNL","S020126","9003470328","0004348324"
"1000","1000","27.03.2026","P3813","ZNL","S020126","9003470331","0004348324"
"1000","1000","27.03.2026","P3813","ZNL","S020126","9003470339","0004353267"
"1000","1000","27.03.2026","P3813","ZNL","S020126","9003470362","0004351507"
"1000","1000","27.03.2026","P3813","ZNL","S020126","9003470378","0004346791"
"1000","1000","27.03.2026","P3813","ZNL","S020126","9003470404","0004351876"
"1000","1000","27.03.2026","P3813","ZNL","S020126","9003470438","0004339169"
"1000","1000","27.03.2026","P3813","ZNL","S020126","9003470452","0004339169"
"1000","1000","27.03.2026","P3813","ZNL","S020126","9003470464","0004351571"
"1000","1008","27.03.2026","P3814","ZNL","S018220","9003471533","0004350465"
"1000","1008","27.03.2026","P3814","ZNL","S018220","9003471535","0004350477"
"1000","1008","27.03.2026","P3814","ZNL","S018220","9003471536","0004350491"
"1000","1000","27.03.2026","P3813","ZNL","S013488","9003473606","0004346858"
"1000","1000","27.03.2026","P3813","ZNL","S013488","9003473619","0004346839"
"1000","1008","28.03.2026","P3814","ZNL","S020444","9003473846","0004350528"
"1000","1008","28.03.2026","P3814","ZNL","S020444","9003473849","0004350552"
"1000","1008","28.03.2026","P3814","ZNL","S020444","9003473850","0004350552"
"1000","1008","28.03.2026","P3814","ZNL","S020444","9003473939","0004353769"
"1000","1008","28.03.2026","P3814","ZNL","S020444","9003473953","0004352662"
"1000","1008","28.03.2026","P3814","ZNL","S020444","9003473954","0004352662"
"1000","1008","28.03.2026","P3814","ZNL","S020444","9003473955","0004352662"
"1000","1008","28.03.2026","P3814","ZNL","S020444","9003474331","0004346352"
"1000","1000","28.03.2026","P3813","ZNL","S020126","9003476224","0004338392"
"1000","1000","28.03.2026","P3813","ZNL","S001953","9003481268","0004360905"
"1000","1000","28.03.2026","P3813","ZNL","S001953","9003481269","0004360905"
"1000","1008","28.03.2026","P3814","ZNL","S020444","9003489319","0004357240"
"1000","1000","28.03.2026","P3813","ZNL","S013488","9003490859","0004358861"
"1000","1000","28.03.2026","P3813","ZNL","S013488","9003490887","0004363192"
"1000","1000","28.03.2026","P3813","ZNL","S013488","9003491901","0004361667"
"1000","1000","28.03.2026","P3813","ZNL","S013488","9003491908","0004359038"
"1000","1000","28.03.2026","P3813","ZNL","S013488","9003491909","0004359038"
"1000","1000","28.03.2026","P3813","ZNL","S013488","9003491925","0004366649"
"1000","1000","28.03.2026","P3813","ZNL","S013488","9003491937","0004358236"
"1000","1000","28.03.2026","P3813","ZNL","S013488","9003491942","0004358236"
"1000","1000","28.03.2026","P3813","ZNL","S013488","9003491953","0004361319"
"1000","1000","28.03.2026","P3813","ZNL","S013488","9003491958","0004361319"
"1000","1000","28.03.2026","P3813","ZNL","S013488","9003491962","0004358007"
"1000","1000","28.03.2026","P3813","ZNL","S013488","9003491969","0004366629"
"1000","1000","28.03.2026","P3813","ZNL","S013488","9003491987","0004346936"
"1000","1000","28.03.2026","P3813","ZNL","S013488","9003491988","0004346936"
"1000","1000","28.03.2026","P3813","ZNL","S013488","9003491991","0004346936"
"1000","1000","28.03.2026","P3813","ZNL","S013488","9003491995","0004346936"
"1000","1000","28.03.2026","P3813","ZNL","S013488","9003491999","0004346936"
"1000","1000","28.03.2026","P3813","ZNL","S013488","9003492004","0004346936"
"1000","1000","28.03.2026","P3813","ZNL","S013488","9003492034","0004361401"
"1000","1000","28.03.2026","P3813","ZNL","S013488","9003492053","0004361401"
"1000","1000","28.03.2026","P3813","ZNL","S013488","9003492070","0004361445"
"1000","1008","28.03.2026","P3814","ZNL","S020444","9003492077","0004364382"
"1000","1008","28.03.2026","P3814","ZNL","S020444","9003492078","0004364382"
"1000","1008","28.03.2026","P3814","ZNL","S020444","9003492079","0004364425"
"1000","1008","28.03.2026","P3814","ZNL","S020444","9003492080","0004364425"
"1000","1000","28.03.2026","P3813","ZNL","S013488","9003492120","0004360295"
"1000","1008","28.03.2026","P3814","ZNL","S020444","9003492139","0004360897"
"1000","1000","28.03.2026","P3813","ZNL","S013488","9003492157","0004360295"
"1000","1008","28.03.2026","P3814","ZNL","S020444","9003492184","0004358940"
"1000","1008","28.03.2026","P3814","ZNL","S020444","9003492185","0004365943"
"1000","1008","29.03.2026","P3814","ZNL","S020444","9003492186","0004355037"
"1000","1008","29.03.2026","P3814","ZNL","S018220","9003492200","0004364641"
"1000","1008","29.03.2026","P3814","ZNL","S020444","9003492406","0004358940"
"1000","1000","29.03.2026","P3813","ZNL","S013488","9003492789","0004359674"
"1000","1000","29.03.2026","P3813","ZNL","S013488","9003492790","0004359674"
"1000","1000","29.03.2026","P3813","ZNL","S004153","9003492797","0004359724"
"1000","1000","29.03.2026","P3813","ZNL","S004153","9003492799","0004359724"
"1000","1000","29.03.2026","P3813","ZNL","S004153","9003492800","0004359724"
"1000","1000","29.03.2026","P3813","ZNL","S004153","9003492802","0004359724"
"1000","1000","29.03.2026","P3813","ZNL","S004153","9003492803","0004360180"
"1000","1000","29.03.2026","P3813","ZNL","S004153","9003492804","0004360180"
"1000","1000","29.03.2026","P3813","ZNL","S004153","9003492805","0004360180"
"1000","1000","29.03.2026","P3813","ZNL","S004153","9003492806","0004363161"
"1000","1000","29.03.2026","P3813","ZNL","S004153","9003492807","0004363161"
"1000","1000","29.03.2026","P3813","ZNL","S004153","9003492812","0004359098"
"1000","1000","29.03.2026","P3813","ZNL","S004153","9003492813","0004359098"
"1000","1000","29.03.2026","P3813","ZNL","S004153","9003492815","0004358098"
"1000","1000","29.03.2026","P3813","ZNL","S004153","9003492817","0004358358"
"1000","1000","29.03.2026","P3813","ZNL","S004153","9003492819","0004358405"
"1000","1000","29.03.2026","P3813","ZNL","S004153","9003492820","0004360864"
"1000","1000","29.03.2026","P3813","ZNL","S004153","9003492822","0004360806"
"1000","1000","29.03.2026","P3813","ZNL","S004153","9003492823","0004366635"
"1000","1000","29.03.2026","P3813","ZNL","S004153","9003492825","0004361112"
"1000","1000","29.03.2026","P3813","ZNL","S004153","9003492828","0004361259"
"1000","1008","29.03.2026","P3814","ZNL","S011504","9003493769","0004365943"
"1000","1008","29.03.2026","P3814","ZNL","S016099","9003496630","0004351760"
"1000","1000","29.03.2026","P3813","ZNL","S004153","9003500795","0004370018"
"1000","1000","29.03.2026","P3813","ZNL","S004153","9003503687","0004361566"
"1000","1000","29.03.2026","P3813","ZNL","S004153","9003503688","0004361566"
"1000","1000","29.03.2026","P3813","ZNL","S004153","9003503689","0004361566"
"1000","1000","29.03.2026","P3813","ZNL","S004153","9003503724","0004360417"
"1000","1000","29.03.2026","P3813","ZNL","S004153","9003503736","0004357510"
"1000","1000","29.03.2026","P3813","ZNL","S004153","9003503767","0004368196"
"1000","1000","29.03.2026","P3813","ZNL","S004153","9003503770","0004373985"
"1000","1000","29.03.2026","P3813","ZNL","S004153","9003503813","0004373799"
"1000","1000","29.03.2026","P3813","ZNL","S004153","9003503814","0004373799"
"1000","1000","29.03.2026","P3813","ZNL","S004153","9003503820","0004367508"
"1000","1000","29.03.2026","P3813","ZNL","S004153","9003503830","0004371588"
"1000","1000","29.03.2026","P3813","ZNL","S004153","9003503834","0004373391"
"1000","1000","29.03.2026","P3813","ZNL","S004153","9003503840","0004368324"
"1000","1000","29.03.2026","P3813","ZNL","S004153","9003503855","0004371968"
"1000","1000","29.03.2026","P3813","ZNL","S004153","9003503856","0004371968"
"1000","1000","29.03.2026","P3813","ZNL","S004153","9003503861","0004367549"
"1000","1000","29.03.2026","P3813","ZNL","S004153","9003503878","0004352672"
"1000","1000","30.03.2026","P3813","ZNL","S013488","9003505189","0004360417"
"1000","1000","30.03.2026","P3813","ZNL","S013488","9003506854","0004360417"
"1000","1008","30.03.2026","P3814","ZNL","S011504","9003506860","0004350465"
"1000","1000","30.03.2026","P3813","ZNL","S001953","9003507150","0004372744"
"1000","1000","30.03.2026","P3813","ZNL","S001953","9003507151","0004372744"
"1000","1000","30.03.2026","P3813","ZNL","S001953","9003508434","0004372744"
"1000","1000","30.03.2026","P3813","ZNL","S001953","9003508725","0004360417"
"1000","1000","31.03.2026","P3813","ZNL","S013488","9003521371","0004347544"
"1000","1000","31.03.2026","P3813","ZNL","S013488","9003521372","0004347544"
"1000","1000","31.03.2026","P3813","ZNL","S013488","9003521373","0004347544"
"1000","1000","31.03.2026","P3813","ZNL","S004153","9003521708","0004372051"
"1000","1000","31.03.2026","P3813","ZNL","S004153","9003521724","0004378694"
"1000","1000","31.03.2026","P3813","ZNL","S004153","9003521725","0004378694"
"1000","1000","31.03.2026","P3813","ZNL","S004153","9003521762","0004381473"
"1000","1000","31.03.2026","P3813","ZNL","S004153","9003521763","0004381473"
"1000","1000","31.03.2026","P3813","ZNL","S001953","9003522787","0004386598"
"1000","1000","31.03.2026","P3813","ZNL","S001953","9003522788","0004386598"
"1000","1000","31.03.2026","P3813","ZNL","S001953","9003522789","0004386598"
"1000","1000","31.03.2026","P3813","ZNL","S020126","9003524473","0004366629"
"1000","1000","31.03.2026","P3813","ZNL","S020126","9003524499","0004366635"
"1000","1000","31.03.2026","P3813","ZNL","S013488","9003529510","0004340109"
"1000","1000","31.03.2026","P3813","ZNL","S013488","9003529598","0004348141"
"1000","1000","31.03.2026","P3813","ZNL","S013488","9003529624","0004351480"
"1000","1000","31.03.2026","P3813","ZNL","S013488","9003529905","0004360180"
"1000","1000","31.03.2026","P3813","ZNL","S013488","9003530070","0004361445"
"1000","1000","31.03.2026","P3813","ZNL","S020126","9003532205","0004386363"
"1000","1000","31.03.2026","P3813","ZNL","S020126","9003532229","0004383013"
"1000","1000","31.03.2026","P3813","ZNL","S020126","9003532260","0004389511"
"1000","1000","31.03.2026","P3813","ZNL","S020126","9003532280","0004386589"
"1000","1000","31.03.2026","P3813","ZNL","S020126","9003532326","0004388368"
"1000","1000","31.03.2026","P3813","ZNL","S020126","9003532366","0004388937"
"1000","1008","31.03.2026","P3814","ZNL","S011504","9003534353","0004369912"
"1000","1000","31.03.2026","P3813","ZNL","S020126","9003535309","0004396508"
"1000","1008","31.03.2026","P3814","ZNL","S011504","9003535846","0004354979"
"1000","1008","31.03.2026","P3814","ZNL","S011504","9003535848","0004354979"
"1000","1008","31.03.2026","P3814","ZNL","S011504","9003535874","0004340619"
"1000","1008","31.03.2026","P3814","ZNL","S011504","9003535876","0004340619"
"1000","1000","31.03.2026","P3813","ZNL","S004153","9003537378","0004395195"
"1000","1000","31.03.2026","P3813","ZNL","S004153","9003537396","0004395195"
"1000","1008","01.04.2026","P3814","ZNL","S020444","9003538426","0004363082"
"1000","1000","01.04.2026","P3813","ZNL","S004153","9003539154","0004395539"
"1000","1000","01.04.2026","P3813","ZNL","S004153","9003539157","0004395340"
"1000","1000","01.04.2026","P3813","ZNL","S004153","9003539158","0004395340"
"1000","1000","01.04.2026","P3813","ZNL","S020126","9003541589","0004399258"
"1000","1000","01.04.2026","P3813","ZNL","S020126","9003541603","0004399009"
"1000","1000","01.04.2026","P3813","ZNL","S020126","9003541610","0004399055"
"1000","1000","01.04.2026","P3813","ZNL","S020126","9003541625","0004398901"
"1000","1000","01.04.2026","P3813","ZNL","S020126","9003541642","0004399156"
"1000","1008","01.04.2026","P3814","ZNL","S011504","9003542242","0004346362"
"1000","1008","01.04.2026","P3814","ZNL","S011504","9003542248","0004345889"
"1000","1008","01.04.2026","P3814","ZNL","S011504","9003542278","0004335565"
"1000","1008","01.04.2026","P3814","ZNL","S011504","9003542288","0004335658"
"1000","1008","01.04.2026","P3814","ZNL","S011504","9003542327","0004352662"
"1000","1008","01.04.2026","P3814","ZNL","S011504","9003542355","0004348454"
"1000","1000","01.04.2026","P3813","ZNL","S013488","9003542696","0004400125"
"1000","1008","01.04.2026","P3814","ZNL","S011504","9003543023","0004373780"
"1000","1008","01.04.2026","P3814","ZNL","S011504","9003543024","0004373780"
"1000","1008","01.04.2026","P3814","ZNL","S011504","9003543044","0004350477"
"1000","1008","01.04.2026","P3814","ZNL","S011504","9003543055","0004339143"
"1000","1000","01.04.2026","P3813","ZNL","S020126","9003543772","0004398800"
"1000","1000","01.04.2026","P3813","ZNL","S020126","9003543794","0004400629"
"1000","1000","01.04.2026","P3813","ZNL","S020126","9003543810","0004399628"
"1000","1000","01.04.2026","P3813","ZNL","S020126","9003543830","0004398925"
"1000","1000","01.04.2026","P3813","ZNL","S020126","9003543956","0004396488"
"1000","1000","01.04.2026","P3813","ZNL","S020126","9003543973","0004399792"
"1000","1000","01.04.2026","P3813","ZNL","S020126","9003545650","0004376506"
"1000","1000","01.04.2026","P3813","ZNL","S020126","9003545669","0004400753"
"1000","1000","01.04.2026","P3813","ZNL","S020126","9003545670","0004400753"
"1000","1000","01.04.2026","P3813","ZNL","S020126","9003545723","0004396495"
"1000","1000","01.04.2026","P3813","ZNL","S020126","9003545960","0004401480"
"1000","1000","01.04.2026","P3813","ZNL","S020126","9003545991","0004400776"
"1000","1000","01.04.2026","P3813","ZNL","S020126","9003546000","0004400776"
"1000","1000","01.04.2026","P3813","ZNL","S020126","9003546008","0004400776"
"1000","1008","01.04.2026","P3814","ZNL","S004155","9003547188","0004399976"
"1000","1008","01.04.2026","P3814","ZNL","S004155","9003547189","0004400046"
"1000","1008","01.04.2026","P3814","ZNL","S004155","9003547190","0004399832"
"1000","1008","01.04.2026","P3814","ZNL","S004155","9003547200","0004399832"
"1000","1008","01.04.2026","P3814","ZNL","S004155","9003547201","0004399832"
"1000","1008","01.04.2026","P3814","ZNL","S004155","9003547202","0004399839"
"1000","1008","01.04.2026","P3814","ZNL","S004155","9003547203","0004399839"
"1000","1008","01.04.2026","P3814","ZNL","S004155","9003547220","0004401938"
"1000","1008","01.04.2026","P3814","ZNL","S004155","9003547222","0004401938"
"1000","1008","01.04.2026","P3814","ZNL","S004155","9003547223","0004401938"
"1000","1008","01.04.2026","P3814","ZNL","S004155","9003547224","0004401938"
"1000","1008","01.04.2026","P3814","ZNL","S004155","9003547230","0004377722"
"1000","1008","01.04.2026","P3814","ZNL","S004155","9003547231","0004402536"
"1000","1000","02.04.2026","P3813","ZNL","S020126","9003549913","0004403656"
"1000","1000","02.04.2026","P3813","ZNL","S020126","9003549959","0004361259"
"1000","1002","02.04.2026","P5412","ZNL","S015388","9003550025","0004399981"
"1000","1002","02.04.2026","P5412","ZNL","S015388","9003550029","0004400944"
"1000","1002","02.04.2026","P5412","ZNL","S000855","9003550201","0004403796"
"1000","1002","02.04.2026","P5412","ZNL","S000855","9003550202","0004403790"
"1000","1002","02.04.2026","P5412","ZNL","S000855","9003550203","0004403784"
"1000","1002","02.04.2026","P5412","ZNL","S000855","9003550210","0004403785"
"1000","1000","02.04.2026","P3813","ZNL","S020126","9003550288","0004403807"
"1000","1000","02.04.2026","P3813","ZNL","S020126","9003550416","0004404001"
"1000","1000","02.04.2026","P3813","ZNL","S020126","9003550438","0004404023"
"1000","1000","02.04.2026","P3813","ZNL","S020126","9003550455","0004344544"
"1000","1002","02.04.2026","P5412","ZNL","S000855","9003550749","0004403988"
"1000","1000","02.04.2026","P3813","ZNL","S020126","9003550808","0004399156"
"1000","1000","02.04.2026","P3813","ZNL","S020126","9003550816","0004386589"
"1000","1000","02.04.2026","P3813","ZNL","S020126","9003550941","0004361259"
"1000","1000","02.04.2026","P3813","ZNL","S020126","9003550964","0004403885"
"1000","1000","02.04.2026","P3813","ZNL","S020126","9003550985","0004396495"
"1000","1000","02.04.2026","P3813","ZNL","S020126","9003550986","0004403656"
"1000","1000","02.04.2026","P3813","ZNL","S020126","9003551028","0004360295"
"1000","1000","02.04.2026","P3813","ZNL","S020126","9003551033","0004360295"
"1000","1000","02.04.2026","P3813","ZNL","S020126","9003551046","0004404023"
"1000","1000","02.04.2026","P3813","ZNL","S020126","9003552160","0004404276"
"1000","1000","02.04.2026","P3813","ZNL","S020126","9003552171","0004404276"
"1000","1000","02.04.2026","P3813","ZNL","S020126","9003552173","0004404041"
"1000","1000","02.04.2026","P3813","ZNL","S020126","9003552221","0004361259"
"1000","1000","02.04.2026","P3813","ZNL","S020126","9003552407","0004399156"
"1000","1000","02.04.2026","P3813","ZNL","S020126","9003552575","0004405616"
"1000","1000","02.04.2026","P3813","ZNL","S020126","9003552777","0004361259"
"1000","1000","02.04.2026","P3813","ZNL","S001953","9003553353","0004405830"
"1000","1002","02.04.2026","P5412","ZNL","S015388","9003553853","0004405717"
"1000","1000","02.04.2026","P3813","ZNL","S001953","9003554112","0004405830"
"1000","1000","02.04.2026","P3813","ZNL","S020126","9003554181","0004406013"
"1000","1000","02.04.2026","P3813","ZNL","S020126","9003554184","0004406013"
"1000","1000","02.04.2026","P3813","ZNL","S020126","9003554189","0004406176"
"1000","1002","02.04.2026","P5412","ZNL","S000855","9003554190","0004406772"
"1000","1000","02.04.2026","P3813","ZNL","S020126","9003554194","0004406376"
"1000","1000","02.04.2026","P3813","ZNL","S020126","9003554210","0004404800"
"1000","1000","02.04.2026","P3813","ZNL","S020126","9003554226","0004404214"
"1000","1000","02.04.2026","P3813","ZNL","S020126","9003554231","0004404214"
"1000","1000","02.04.2026","P3813","ZNL","S020126","9003554235","0004404214"
"1000","1000","02.04.2026","P3813","ZNL","S020126","9003554246","0004406595"
"1000","1000","02.04.2026","P3813","ZNL","S020126","9003554261","0004405889"
"1000","1000","02.04.2026","P3813","ZNL","S020126","9003554872","0004407261"
"1000","1000","02.04.2026","P3813","ZNL","S020126","9003555032","0004406376"
"1000","1000","02.04.2026","P3813","ZNL","S020126","9003555504","0004407642"
"1000","1000","02.04.2026","P3813","ZNL","S004153","9003556624","0004405048"
"1000","1000","02.04.2026","P3813","ZNL","S004153","9003557056","0004407635"
"1000","1008","03.04.2026","P3814","ZNL","S011504","9003559867","0004336932"
"1000","1008","03.04.2026","P3814","ZNL","S011504","9003559914","0004408104"
"1000","1008","03.04.2026","P3814","ZNL","S011504","9003559922","0004405268"
"1000","1008","03.04.2026","P3814","ZNL","S011504","9003559923","0004405268"
"1000","1002","03.04.2026","P5412","ZNL","S015388","9003560015","0004405548"
"1000","1008","03.04.2026","P3814","ZNL","S011504","9003560053","0004354977"
"1000","1008","03.04.2026","P3814","ZNL","S011504","9003560054","0004354977"
"1000","1008","03.04.2026","P3814","ZNL","S011504","9003560066","0004390090"
"1000","1008","03.04.2026","P3814","ZNL","S011504","9003560067","0004390121"
"1000","1008","03.04.2026","P3814","ZNL","S011504","9003560085","0004407958"
"1000","1000","03.04.2026","P3813","ZNL","S020126","9003560289","0004404001"
"1000","1000","03.04.2026","P3813","ZNL","S020126","9003560321","0004399792"
"1000","1000","03.04.2026","P3813","ZNL","S020126","9003560564","0004409452"
"1000","1008","03.04.2026","P3814","ZNL","S020444","9003560769","0004408395"
"1000","1003","03.04.2026","P3839","ZNL","S000855","9003561318","0004410069"
"1000","1002","03.04.2026","P5412","ZNL","S015388","9003561418","0004409787"
"1000","1000","03.04.2026","P3813","ZNL","S020126","9003561432","0004409946"
"1000","1000","03.04.2026","P3813","ZNL","S020126","9003561437","0004409914"
"1000","1000","03.04.2026","P3813","ZNL","S020126","9003561472","0004409764"
"1000","1000","03.04.2026","P3813","ZNL","S020126","9003561473","0004409764"
"1000","1008","03.04.2026","P3814","ZNL","S011504","9003561713","0004351269"
"1000","1002","03.04.2026","P5412","ZNL","S015388","9003561771","0004406206"
"1000","1008","03.04.2026","P3814","ZNL","S011504","9003561784","0004409819"
"1000","1002","03.04.2026","P5412","ZNL","S015388","9003561791","0004409710"
"1000","1002","03.04.2026","P5412","ZNL","S015388","9003561803","0004409685"
"1000","1002","03.04.2026","P5412","ZNL","S015388","9003561814","0004398583"
"1000","1002","03.04.2026","P5412","ZNL","S000855","9003561851","0004409673"
"1000","1002","03.04.2026","P5412","ZNL","S000855","9003561852","0004409673"
"1000","1002","03.04.2026","P5412","ZNL","S015388","9003562005","0004410188"
"1000","1008","03.04.2026","P3814","ZNL","S011504","9003562537","0004402987"
"1000","1008","03.04.2026","P3814","ZNL","S011504","9003562539","0004402987"
"1000","1008","03.04.2026","P3814","ZNL","S011504","9003562541","0004402987"
"1000","1008","03.04.2026","P3814","ZNL","S011504","9003562542","0004402987"
"1000","1002","03.04.2026","P5412","ZNL","S015388","9003562663","0004411251"
"1000","1008","03.04.2026","P3814","ZNL","S011504","9003562668","0004401489"
"1000","1002","03.04.2026","P5412","ZNL","S015388","9003562689","0004410975"
"1000","1002","03.04.2026","P5412","ZNL","S015388","9003562712","0004410947"
"1000","1002","03.04.2026","P5412","ZNL","S015388","9003562723","0004410781"
"1000","1008","03.04.2026","P3814","ZNL","S011504","9003562760","0004354977"
"1000","1008","03.04.2026","P3814","ZNL","S011504","9003562761","0004354977"
"1000","1003","03.04.2026","P3839","ZNL","S011337","9003562958","0004405377"
"1000","1000","03.04.2026","P3813","ZNL","S020126","9003563054","0004411478"
"1000","1002","03.04.2026","P5412","ZNL","S015388","9003563526","0004411646"
"1000","1008","03.04.2026","P3814","ZNL","S011504","9003563571","0004410179"
"1000","1002","03.04.2026","P5412","ZNL","S011337","9003563665","0004391828"
"1000","1002","03.04.2026","P5412","ZNL","S011337","9003563685","0004392179"
"1000","1003","03.04.2026","P3839","ZNL","S011337","9003563726","0004405377"
"1000","1002","03.04.2026","P5412","ZNL","S015388","9003563735","0004411809"
"1000","1002","03.04.2026","P5412","ZNL","S015388","9003563782","0004411973"
"1000","1002","03.04.2026","P5412","ZNL","S015388","9003563797","0004411983"
"1000","1002","03.04.2026","P5412","ZNL","S011337","9003563899","0004408700"
"1000","1002","03.04.2026","P5412","ZNL","S011337","9003563911","0004407748"
"1000","1002","03.04.2026","P5412","ZNL","S011337","9003563915","0004407492"
"1000","1002","03.04.2026","P5412","ZNL","S011337","9003563920","0004407492"
"1000","1002","03.04.2026","P5412","ZNL","S011337","9003563922","0004406213"
"1000","1002","03.04.2026","P5412","ZNL","S011337","9003563923","0004407961"
"1000","1002","03.04.2026","P5412","ZNL","S011337","9003563941","0004407653"
"1000","1002","03.04.2026","P5412","ZNL","S011337","9003563993","0004392919"
"1000","1002","03.04.2026","P5412","ZNL","S011337","9003563996","0004399906"
"1000","1002","03.04.2026","P5412","ZNL","S011337","9003564027","0004401450"
"1000","1002","03.04.2026","P5412","ZNL","S011337","9003564029","0004401450"
"1000","1002","03.04.2026","P5412","ZNL","S011337","9003564031","0004401434"
"1000","1002","03.04.2026","P5412","ZNL","S011337","9003564032","0004401434"
"1000","1002","03.04.2026","P5412","ZNL","S011337","9003564033","0004401442"
"1000","1002","03.04.2026","P5412","ZNL","S011337","9003564034","0004401442"
"1000","1002","03.04.2026","P5412","ZNL","S011337","9003564067","0004407534"
"1000","1002","03.04.2026","P5412","ZNL","S004813","9003564307","0004411992"
"1000","1002","03.04.2026","P5412","ZNL","S004813","9003564327","0004411992"
"1000","1002","03.04.2026","P5412","ZNL","S000855","9003564435","0004407267"
"1000","1002","03.04.2026","P5412","ZNL","S000855","9003564445","0004406772"
"1000","1002","03.04.2026","P5412","ZNL","S000855","9003564449","0004411334"
"1000","1002","03.04.2026","P5412","ZNL","S000855","9003564462","0004409148"
"1000","1002","03.04.2026","P5412","ZNL","S000855","9003564475","0004412068"
"1000","1002","03.04.2026","P5412","ZNL","S000855","9003564484","0004410583"
"1000","1002","03.04.2026","P5412","ZNL","S000855","9003564496","0004410811"
"1000","1002","03.04.2026","P5412","ZNL","S000855","9003564506","0004410649"
"1000","1002","03.04.2026","P5412","ZNL","S000855","9003564514","0004411636"
"1000","1002","03.04.2026","P5412","ZNL","S000855","9003564516","0004411636"
"1000","1002","03.04.2026","P5412","ZNL","S011337","9003564542","0004369876"
"1000","1002","03.04.2026","P5412","ZNL","S000855","9003564550","0004410823"
"1000","1002","03.04.2026","P5412","ZNL","S000855","9003564573","0004410931"
"1000","1002","03.04.2026","P5412","ZNL","S011337","9003564582","0004401901"
"1000","1002","03.04.2026","P5412","ZNL","S011337","9003564605","0004401906"
"1000","1002","03.04.2026","P5412","ZNL","S000855","9003564606","0004411834"
"1000","1002","03.04.2026","P5412","ZNL","S011337","9003564653","0004401475"
"1000","1002","03.04.2026","P5412","ZNL","S011337","9003564665","0004402934"
"1000","1002","03.04.2026","P5412","ZNL","S000855","9003564685","0004409811"
"1000","1002","03.04.2026","P5412","ZNL","S000855","9003564699","0004409811"
"1000","1002","03.04.2026","P5412","ZNL","S000855","9003564707","0004409811"
"1000","1002","03.04.2026","P5412","ZNL","S000855","9003564715","0004410975"
"1000","1002","03.04.2026","P5412","ZNL","S011337","9003564725","0004399832"
"1000","1002","03.04.2026","P5412","ZNL","S000855","9003564729","0004411973"
"1000","1002","03.04.2026","P5412","ZNL","S000855","9003564735","0004411809"
"1000","1002","03.04.2026","P5412","ZNL","S000855","9003565087","0004409148"
"1000","1002","03.04.2026","P5412","ZNL","S000855","9003565293","0004412987"
"1000","1002","03.04.2026","P5412","ZNL","S000855","9003565298","0004407634"
"1000","1002","03.04.2026","P5412","ZNL","S004813","9003565334","0004411971"
"1000","1002","03.04.2026","P5412","ZNL","S000855","9003565899","0004413076"
"1000","1002","03.04.2026","P5412","ZNL","S000855","9003565915","0004405033"
"1000","1002","03.04.2026","P5412","ZNL","S015388","9003566201","0004411438"
"1000","1000","03.04.2026","P3813","ZNL","S020126","9003566553","0004403885"
"1000","1000","03.04.2026","P3813","ZNL","S020126","9003566683","0004404001"
"1000","1000","03.04.2026","P3813","ZNL","S020126","9003566884","0004372051"
"1000","1002","03.04.2026","P5412","ZNL","S011337","9003566920","0004391828"
"1000","1002","03.04.2026","P5412","ZNL","S015388","9003567281","0004412397"
"1000","1002","03.04.2026","P5412","ZNL","S015388","9003567304","0004412397"
"1000","1000","03.04.2026","P3813","ZNL","S004153","9003567351","0004414159"
"1000","1002","03.04.2026","P5412","ZNL","S015388","9003567370","0004412519"
"1000","1002","03.04.2026","P5412","ZNL","S015388","9003567404","0004412201"
"1000","1002","03.04.2026","P5412","ZNL","S015388","9003567414","0004410804"
"1000","1000","03.04.2026","P3813","ZNL","S004153","9003567418","0004414271"
"1000","1002","03.04.2026","P5412","ZNL","S015388","9003567423","0004411155"
"1000","1002","03.04.2026","P5412","ZNL","S015388","9003567426","0004411155"
"1000","1008","03.04.2026","P3814","ZNL","S018220","9003567779","0004408961"
"1000","1000","03.04.2026","P3813","ZNL","S004153","9003567815","0004413084"
"1000","1000","03.04.2026","P3813","ZNL","S004153","9003567836","0004413178"
"1000","1000","03.04.2026","P3813","ZNL","S004153","9003567847","0004413749"
"1000","1000","03.04.2026","P3813","ZNL","S004153","9003567849","0004413749"
"1000","1002","03.04.2026","P5412","ZNL","S015388","9003567953","0004411971"
"1000","1002","03.04.2026","P5412","ZNL","S015388","9003567964","0004409685"
"1000","1002","03.04.2026","P5412","ZNL","S011337","9003567994","0004412371"
"1000","1002","03.04.2026","P5412","ZNL","S011337","9003568003","0004412990"
"1000","1000","03.04.2026","P3813","ZNL","S004153","9003568263","0004413124"
"1000","1000","03.04.2026","P3813","ZNL","S004153","9003568275","0004412992"
"1000","1008","03.04.2026","P3814","ZNL","S018220","9003568308","0004412018"
"1000","1008","03.04.2026","P3814","ZNL","S018220","9003568309","0004412018"
"1000","1008","04.04.2026","P3814","ZNL","S011504","9003570780","0004414541"
"1000","1008","04.04.2026","P3814","ZNL","S011504","9003570781","0004414534"
"1000","1008","04.04.2026","P3814","ZNL","S011504","9003570795","0004414541"
"1000","1008","04.04.2026","P3814","ZNL","S011504","9003570807","0004414432"
"1000","1008","04.04.2026","P3814","ZNL","S011504","9003570808","0004412262"
"1000","1008","04.04.2026","P3814","ZNL","S011504","9003570811","0004409009"
"1000","1000","04.04.2026","P3813","ZNL","S004153","9003571130","0004410764"
"1000","1000","04.04.2026","P3813","ZNL","S004153","9003571131","0004410764"
"1000","1000","04.04.2026","P3813","ZNL","S004153","9003571132","0004410764"
"1000","1000","04.04.2026","P3813","ZNL","S020126","9003571920","0004400776"
"1000","1000","04.04.2026","P3813","ZNL","S020126","9003572353","0004413749"
"1000","1000","04.04.2026","P3813","ZNL","S020126","9003572354","0004413749"
"1000","1002","04.04.2026","P5412","ZNL","S015388","9003572823","0004411155"
"1000","1000","04.04.2026","P3813","ZNL","S020126","9003572846","0004415953"
"1000","1000","04.04.2026","P3813","ZNL","S020126","9003572848","0004415953"
"1000","1003","04.04.2026","P3839","ZNL","S015388","9003572895","0004415511"
"1000","1003","04.04.2026","P3839","ZNL","S015388","9003572902","0004415511"
"1000","1003","04.04.2026","P3839","ZNL","S011337","9003574665","0004414830"
"1000","1003","04.04.2026","P3839","ZNL","S011337","9003575442","0004407706"
"1000","1003","04.04.2026","P3839","ZNL","S011337","9003575447","0004404066"
"1000","1003","04.04.2026","P3839","ZNL","S011337","9003575505","0004404064"
"1000","1003","04.04.2026","P3839","ZNL","S011337","9003575506","0004405697"
"1000","1003","04.04.2026","P3839","ZNL","S011337","9003575530","0004408397"
"1000","1003","04.04.2026","P3839","ZNL","S011337","9003575545","0004412375"
"1000","1003","04.04.2026","P3839","ZNL","S011337","9003575584","0004412586"
"1000","1003","04.04.2026","P3839","ZNL","S011337","9003575587","0004409650"
"1000","1003","04.04.2026","P3839","ZNL","S011337","9003575619","0004413907"
"1000","1003","04.04.2026","P3839","ZNL","S011337","9003575621","0004413907"
"1000","1003","04.04.2026","P3839","ZNL","S011337","9003575639","0004418051"
"1000","1000","04.04.2026","P3813","ZNL","S001953","9003575861","0004416941"
"1000","1000","04.04.2026","P3813","ZNL","S020126","9003576005","0004416697"
"1000","1000","04.04.2026","P3813","ZNL","S020126","9003576006","0004416732"
"1000","1000","04.04.2026","P3813","ZNL","S020126","9003576068","0004413178"
"1000","1000","04.04.2026","P3813","ZNL","S020126","9003576091","0004404236"
"1000","1000","04.04.2026","P3813","ZNL","S020126","9003576110","0004417366"
"1000","1000","04.04.2026","P3813","ZNL","S020126","9003576133","0004417519"
"1000","1002","04.04.2026","P5412","ZNL","S011337","9003576150","0004348700"
"1000","1002","04.04.2026","P5412","ZNL","S011337","9003576151","0004348700"
"1000","1000","04.04.2026","P3813","ZNL","S020126","9003576157","0004416870"
"1000","1000","04.04.2026","P3813","ZNL","S020126","9003576182","0004411614"
"1000","1000","04.04.2026","P3813","ZNL","S020126","9003576214","0004417114"
"1000","1000","04.04.2026","P3813","ZNL","S020126","9003576217","0004417114"
"1000","1000","04.04.2026","P3813","ZNL","S020126","9003576223","0004417114"
"1000","1000","04.04.2026","P3813","ZNL","S020126","9003578755","0004418457"
"1000","1000","04.04.2026","P3813","ZNL","S020126","9003578790","0004418546"
"1000","1000","04.04.2026","P3813","ZNL","S020126","9003578805","0004420322"
"1000","1000","04.04.2026","P3813","ZNL","S020126","9003578806","0004420322"
"1000","1000","04.04.2026","P3813","ZNL","S020126","9003578817","0004419805"
"1000","1000","04.04.2026","P3813","ZNL","S020126","9003578862","0004420619"
"1000","1000","04.04.2026","P3813","ZNL","S020126","9003579017","0004413749"
"1000","1000","04.04.2026","P3813","ZNL","S020126","9003579018","0004413749"
"1000","1008","04.04.2026","P3814","ZNL","S016099","9003579293","0004420686"
"1000","1000","04.04.2026","P3813","ZNL","S020126","9003579718","0004421306"
"1000","1000","04.04.2026","P3813","ZNL","S020126","9003579729","0004421306"
"1000","1000","04.04.2026","P3813","ZNL","S020126","9003579739","0004421341"
"1000","1000","04.04.2026","P3813","ZNL","S004153","9003580129","0004409914"
"1000","1008","04.04.2026","P3814","ZNL","S016099","9003580227","0004412018"
"1000","1008","04.04.2026","P3814","ZNL","S020444","9003580786","0004416208"
"1000","1000","05.04.2026","P3813","ZNL","S004153","9003583379","0004421357"
"1000","1000","05.04.2026","P3813","ZNL","S004153","9003585048","0004347544"
"1000","1003","05.04.2026","P3839","ZNL","S015388","9003586667","0004423995"
"1000","1003","05.04.2026","P3839","ZNL","S015388","9003586674","0004424069"
"1000","1003","05.04.2026","P3839","ZNL","S015388","9003586693","0004423843"
"1000","1003","05.04.2026","P3839","ZNL","S015388","9003586698","0004423843"
"1000","1003","05.04.2026","P3839","ZNL","S015388","9003586729","0004423667"
"1000","1003","05.04.2026","P3839","ZNL","S015388","9003586736","0004423667"
"1000","1003","05.04.2026","P3839","ZNL","S015388","9003586798","0004425105"
"1000","1003","05.04.2026","P3839","ZNL","S015388","9003586810","0004425105"
"1000","1000","05.04.2026","P3813","ZNL","S013488","9003586824","0004424654"
"1000","1000","05.04.2026","P3813","ZNL","S013488","9003586828","0004423278"
"1000","1000","05.04.2026","P3813","ZNL","S013488","9003586849","0004423461"
"1000","1000","05.04.2026","P3813","ZNL","S013488","9003586852","0004423461"
"1000","1003","05.04.2026","P3839","ZNL","S015388","9003587552","0004424576"
"1000","1000","05.04.2026","P3813","ZNL","S004153","9003588473","0004426241"
"1000","1000","05.04.2026","P3813","ZNL","S004153","9003588485","0004423331"
"1000","1000","05.04.2026","P3813","ZNL","S004153","9003588492","0004423331"
"1000","1003","05.04.2026","P3839","ZNL","S015388","9003588612","0004425280"
"1000","1003","05.04.2026","P3839","ZNL","S015388","9003588636","0004425273"
"1000","1003","05.04.2026","P3839","ZNL","S015388","9003589661","0004427397"
"1000","1000","05.04.2026","P3813","ZNL","S004153","9003591367","0004428018"
"1000","1000","05.04.2026","P3813","ZNL","S004153","9003591387","0004427414"
"1000","1000","05.04.2026","P3813","ZNL","S004153","9003591400","0004427338"
"1000","1003","05.04.2026","P3839","ZNL","S015388","9003591989","0004428396"
"1000","1003","05.04.2026","P3839","ZNL","S015388","9003591998","0004428396"
"1000","1000","05.04.2026","P3813","ZNL","S004153","9003592668","0004429185"
"1000","1003","05.04.2026","P3839","ZNL","S015388","9003595178","0004423643"
"1000","1008","06.04.2026","P3814","ZNL","S018220","9003597157","0004425121"
"1000","1008","06.04.2026","P3814","ZNL","S018220","9003597158","0004425121"
"1000","1008","06.04.2026","P3814","ZNL","S018220","9003597159","0004425121"
"1000","1008","06.04.2026","P3814","ZNL","S011504","9003598141","0004401489"
"1000","1008","06.04.2026","P3814","ZNL","S011504","9003598254","0004413027"
"1000","1008","06.04.2026","P3814","ZNL","S011504","9003598263","0004382982"
"1000","1008","06.04.2026","P3814","ZNL","S011504","9003598277","0004391733"
"1000","1008","06.04.2026","P3814","ZNL","S011504","9003598297","0004413055"
"1000","1008","06.04.2026","P3814","ZNL","S011504","9003598303","0004363082"
"1000","1008","06.04.2026","P3814","ZNL","S011504","9003598461","0004413027"
"1000","1008","06.04.2026","P3814","ZNL","S011504","9003598503","0004419116"
"1000","1008","06.04.2026","P3814","ZNL","S011504","9003598814","0004425121"
"1000","1000","06.04.2026","P3813","ZNL","S020126","9003598900","0004416732"
"1000","1000","06.04.2026","P3813","ZNL","S020126","9003598913","0004418793"
"1000","1000","06.04.2026","P3813","ZNL","S020126","9003598918","0004429185"
"1000","1000","06.04.2026","P3813","ZNL","S020126","9003598928","0004419908"
"1000","1000","06.04.2026","P3813","ZNL","S020126","9003598932","0004427338"
"1000","1000","06.04.2026","P3813","ZNL","S020126","9003598935","0004416870"
"1000","1000","06.04.2026","P3813","ZNL","S020126","9003598945","0004417979"
"1000","1000","06.04.2026","P3813","ZNL","S020126","9003598955","0004428018"
"1000","1002","06.04.2026","P5412","ZNL","S000855","9003599014","0004431636"
"1000","1002","06.04.2026","P5412","ZNL","S000855","9003599024","0004420132"
"1000","1002","06.04.2026","P5412","ZNL","S000855","9003599031","0004410649"
"1000","1002","06.04.2026","P5412","ZNL","S000855","9003599146","0004431921"
"1000","1002","06.04.2026","P5412","ZNL","S000855","9003599153","0004431874"
"1000","1002","06.04.2026","P5412","ZNL","S000855","9003599159","0004431609"
"1000","1003","06.04.2026","P3839","ZNL","S000855","9003599229","0004431823"
"1000","1003","06.04.2026","P3839","ZNL","S000855","9003599232","0004431823"
"1000","1003","06.04.2026","P3839","ZNL","S015388","9003599322","0004431545"
"1000","1003","06.04.2026","P3839","ZNL","S015388","9003599328","0004431438"
"1000","1002","06.04.2026","P5412","ZNL","S000855","9003599346","0004432166"
"1000","1000","06.04.2026","P3813","ZNL","S020126","9003599365","0004413749"
"1000","1000","06.04.2026","P3813","ZNL","S020126","9003599367","0004413749"
"1000","1000","06.04.2026","P3813","ZNL","S020126","9003599381","0004416870"
"1000","1003","06.04.2026","P3839","ZNL","S000855","9003599558","0004431516"
"1000","1003","06.04.2026","P3839","ZNL","S000855","9003599568","0004431436"
"1000","1002","06.04.2026","P5412","ZNL","S000855","9003599616","0004431899"
"1000","1002","06.04.2026","P5412","ZNL","S000855","9003599620","0004431899"
"1000","1003","06.04.2026","P3839","ZNL","S000855","9003599634","0004431645"
"1000","1003","06.04.2026","P3839","ZNL","S000855","9003599638","0004431645"
"1000","1002","06.04.2026","P5412","ZNL","S000855","9003599650","0004431899"
"1000","1003","06.04.2026","P3839","ZNL","S015388","9003599717","0004432077"
"1000","1003","06.04.2026","P3839","ZNL","S015388","9003599721","0004432077"
"1000","1003","06.04.2026","P3839","ZNL","S015388","9003599729","0004432067"
"1000","1003","06.04.2026","P3839","ZNL","S015388","9003599862","0004432062"
"1000","1003","06.04.2026","P3839","ZNL","S015388","9003599893","0004425541"
"1000","1000","06.04.2026","P3813","ZNL","S020126","9003599909","0004432512"
"1000","1003","06.04.2026","P3839","ZNL","S015388","9003599910","0004425541"
"1000","1000","06.04.2026","P3813","ZNL","S020126","9003599916","0004432512"
"1000","1003","06.04.2026","P3839","ZNL","S015388","9003599919","0004432158"
"1000","1000","06.04.2026","P3813","ZNL","S020126","9003599939","0004431763"
"1000","1003","06.04.2026","P3839","ZNL","S015388","9003599955","0004431439"
"1000","1003","06.04.2026","P3839","ZNL","S015388","9003600253","0004432900"
"1000","1003","06.04.2026","P3839","ZNL","S015388","9003600265","0004432637"
"1000","1003","06.04.2026","P3839","ZNL","S015388","9003600599","0004431811"
"1000","1003","06.04.2026","P3839","ZNL","S015388","9003600719","0004432625"
"1000","1003","06.04.2026","P3839","ZNL","S000855","9003600737","0004432945"
"1000","1003","06.04.2026","P3839","ZNL","S000855","9003600743","0004432945"
"1000","1003","06.04.2026","P3839","ZNL","S000855","9003600753","0004432945"
"1000","1003","06.04.2026","P3839","ZNL","S000855","9003600760","0004432945"
"1000","1003","06.04.2026","P3839","ZNL","S000855","9003600767","0004432945"
"1000","1003","06.04.2026","P3839","ZNL","S015388","9003600788","0004432639"
"1000","1000","06.04.2026","P3813","ZNL","S020126","9003600834","0004432676"
"1000","1000","06.04.2026","P3813","ZNL","S020126","9003600854","0004432706"
"1000","1000","06.04.2026","P3813","ZNL","S020126","9003600855","0004432706"
"1000","1008","06.04.2026","P3814","ZNL","S011504","9003600860","0004432956"
"1000","1008","06.04.2026","P3814","ZNL","S011504","9003600861","0004432956"
"1000","1000","06.04.2026","P3813","ZNL","S020126","9003600864","0004432706"
"1000","1003","06.04.2026","P3839","ZNL","S015388","9003600966","0004433018"
"1000","1003","06.04.2026","P3839","ZNL","S015388","9003601025","0004433318"
"1000","1003","06.04.2026","P3839","ZNL","S015388","9003601051","0004432647"
"1000","1003","06.04.2026","P3839","ZNL","S000855","9003601265","0004432842"
"1000","1003","06.04.2026","P3839","ZNL","S000855","9003601270","0004432107"
"1000","1002","06.04.2026","P5412","ZNL","S000855","9003601273","0004432785"
"1000","1003","06.04.2026","P3839","ZNL","S015388","9003601279","0004433015"
"1000","1003","06.04.2026","P3839","ZNL","S015388","9003601288","0004433312"
"1000","1000","06.04.2026","P3813","ZNL","S020126","9003601361","0004416870"
"1000","1000","06.04.2026","P3813","ZNL","S020126","9003601405","0004433538"
"1000","1000","06.04.2026","P3813","ZNL","S020126","9003601850","0004432706"
"1000","1000","06.04.2026","P3813","ZNL","S020126","9003601858","0004433598"
"1000","1000","06.04.2026","P3813","ZNL","S020126","9003601908","0004433829"
"1000","1000","06.04.2026","P3813","ZNL","S020126","9003602074","0004433954"
"1000","1000","06.04.2026","P3813","ZNL","S020126","9003602076","0004433954"
"1000","1000","06.04.2026","P3813","ZNL","S020126","9003602077","0004433954"
"1000","1002","06.04.2026","P5412","ZNL","S000855","9003602499","0004420132"
"1000","1003","06.04.2026","P3839","ZNL","S015388","9003602681","0004433757"
"1000","1003","06.04.2026","P3839","ZNL","S015388","9003603305","0004434527"
"1000","1003","06.04.2026","P3839","ZNL","S015388","9003603312","0004434527"
"1000","1003","06.04.2026","P3839","ZNL","S015388","9003603353","0004433804"
"1000","1000","06.04.2026","P3813","ZNL","S013488","9003603804","0004433287"
"1000","1000","06.04.2026","P3813","ZNL","S013488","9003603805","0004433287"
"1000","1000","06.04.2026","P3813","ZNL","S013488","9003603823","0004434388"
"1000","1000","06.04.2026","P3813","ZNL","S013488","9003603885","0004434481"
"1000","1000","06.04.2026","P3813","ZNL","S013488","9003603897","0004433295"
"1000","1000","06.04.2026","P3813","ZNL","S013488","9003603907","0004434181"
"1000","1000","06.04.2026","P3813","ZNL","S013488","9003603919","0004433200"
"1000","1000","06.04.2026","P3813","ZNL","S013488","9003603921","0004434293"
"1000","1008","06.04.2026","P3814","ZNL","S011504","9003604187","0004432956"
"1000","1008","06.04.2026","P3814","ZNL","S011504","9003604189","0004432956"
"1000","1000","06.04.2026","P3813","ZNL","S020126","9003604359","0004434697"
"1000","1008","06.04.2026","P3814","ZNL","S011504","9003604362","0004433470"
"1000","1000","06.04.2026","P3813","ZNL","S020126","9003604385","0004434849"
"1000","1008","06.04.2026","P3814","ZNL","S011504","9003604503","0004410179"
"1000","1003","06.04.2026","P3839","ZNL","S015388","9003604915","0004433015"
"1000","1000","06.04.2026","P3813","ZNL","S020126","9003604945","0004436155"
"1000","1000","06.04.2026","P3813","ZNL","S020126","9003605217","0004436439"
"1000","1000","06.04.2026","P3813","ZNL","S004153","9003606303","0004436216"
"1000","1000","06.04.2026","P3813","ZNL","S004153","9003606317","0004436028"
"1000","1000","06.04.2026","P3813","ZNL","S004153","9003606342","0004436097"
"1000","1000","06.04.2026","P3813","ZNL","S004153","9003606343","0004436097"
"1000","1000","06.04.2026","P3813","ZNL","S004153","9003606362","0004436289"
"1000","1000","06.04.2026","P3813","ZNL","S004153","9003606374","0004435860"
"1000","1000","06.04.2026","P3813","ZNL","S004153","9003606375","0004435860"
"1000","1000","06.04.2026","P3813","ZNL","S004153","9003606379","0004435860"
"1000","1000","06.04.2026","P3813","ZNL","S013488","9003607027","0004437401"
"1000","1000","06.04.2026","P3813","ZNL","S013488","9003607028","0004437401"
"1000","1000","06.04.2026","P3813","ZNL","S013488","9003607038","0004437401"
"1000","1000","06.04.2026","P3813","ZNL","S013488","9003607049","0004437336"
"1000","1000","06.04.2026","P3813","ZNL","S013488","9003607050","0004437336"
"1000","1000","06.04.2026","P3813","ZNL","S013488","9003607058","0004437336"
"1000","1003","06.04.2026","P3839","ZNL","S015388","9003607582","0004433318"
"1000","1003","06.04.2026","P3839","ZNL","S015388","9003607593","0004433018"
"1000","1003","06.04.2026","P3839","ZNL","S000855","9003607857","0004431823"
"1000","1003","06.04.2026","P3839","ZNL","S000855","9003607865","0004431823"
"1000","1008","06.04.2026","P3814","ZNL","S020444","9003608015","0004435905"
"1000","1008","06.04.2026","P3814","ZNL","S020444","9003608137","0004433032"
"1000","1008","07.04.2026","P3814","ZNL","S011504","9003609146","0004433079"
"1000","1008","07.04.2026","P3814","ZNL","S011504","9003609149","0004437640"
"1000","1008","07.04.2026","P3814","ZNL","S011504","9003610266","0004437740"
"1000","1008","07.04.2026","P3814","ZNL","S011504","9003610267","0004437740"
"1000","1008","07.04.2026","P3814","ZNL","S011504","9003610305","0004435853"
"1000","1008","07.04.2026","P3814","ZNL","S011504","9003610306","0004435853"
"1000","1008","07.04.2026","P3814","ZNL","S011504","9003610427","0004432956"
"1000","1000","07.04.2026","P3813","ZNL","S020126","9003610472","0004438105"
"1000","1000","07.04.2026","P3813","ZNL","S020126","9003610477","0004438091"
"1000","1000","07.04.2026","P3813","ZNL","S004153","9003610567","0004437419"
"1000","1000","07.04.2026","P3813","ZNL","S004153","9003610568","0004437419"
"1000","1000","07.04.2026","P3813","ZNL","S004153","9003610569","0004437419"
"1000","1000","07.04.2026","P3813","ZNL","S004153","9003610570","0004437419"
"1000","1003","07.04.2026","P3839","ZNL","S000855","9003610782","0004431823"
"1000","1003","07.04.2026","P3839","ZNL","S000855","9003610789","0004431823"
"1000","1003","07.04.2026","P3839","ZNL","S000855","9003610792","0004431823"
"1000","1002","07.04.2026","P5412","ZNL","S000855","9003611038","0004436342"
"1000","1002","07.04.2026","P5412","ZNL","S000855","9003611045","0004436342"
"1000","1002","07.04.2026","P5412","ZNL","S000855","9003611055","0004436342"
"1000","1002","07.04.2026","P5412","ZNL","S000855","9003611195","0004435763"
"1000","1002","07.04.2026","P5412","ZNL","S000855","9003611203","0004435734"
"1000","1002","07.04.2026","P5412","ZNL","S000855","9003611207","0004435734"
"1000","1002","07.04.2026","P5412","ZNL","S000855","9003611235","0004434127"
"1000","1002","07.04.2026","P5412","ZNL","S000855","9003611238","0004433754"
"1000","1002","07.04.2026","P5412","ZNL","S000855","9003611244","0004417655"
"1000","1000","07.04.2026","P3813","ZNL","S004153","9003611245","0004438579"
"1000","1002","07.04.2026","P5412","ZNL","S000855","9003611250","0004417540"
"1000","1008","07.04.2026","P3814","ZNL","S020444","9003611326","0004431140"
"1000","1003","07.04.2026","P3839","ZNL","S000855","9003611460","0004435506"
"1000","1003","07.04.2026","P3839","ZNL","S000855","9003611466","0004433563"
"1000","1002","07.04.2026","P5412","ZNL","S000855","9003611495","0004438024"
"1000","1000","07.04.2026","P3813","ZNL","S001953","9003611538","0004420345"
"1000","1000","07.04.2026","P3813","ZNL","S001953","9003611539","0004420345"
"1000","1000","07.04.2026","P3813","ZNL","S001953","9003611540","0004420345"
"1000","1000","07.04.2026","P3813","ZNL","S001953","9003611554","0004434465"
"1000","1000","07.04.2026","P3813","ZNL","S001953","9003611555","0004434465"
"1000","1000","07.04.2026","P3813","ZNL","S001953","9003611556","0004434465"
"1000","1000","07.04.2026","P3813","ZNL","S016577","9003611884","0004438767"
"1000","1000","07.04.2026","P3813","ZNL","S016577","9003611900","0004438767"
"1000","1000","07.04.2026","P3813","ZNL","S020126","9003611958","0004438682"
"1000","1000","07.04.2026","P3813","ZNL","S020126","9003611959","0004424185"
"1000","1002","07.04.2026","P5412","ZNL","S000855","9003611983","0004439107"
"1000","1003","07.04.2026","P3839","ZNL","S015388","9003612289","0004438218"
"1000","1003","07.04.2026","P3839","ZNL","S015388","9003612293","0004438218"
"1000","1003","07.04.2026","P3839","ZNL","S015388","9003612307","0004438622"
"1000","1003","07.04.2026","P3839","ZNL","S015388","9003612344","0004437815"
"1000","1008","07.04.2026","P3814","ZNL","S011504","9003612406","0004416208"
"1000","1002","07.04.2026","P5412","ZNL","S000855","9003612938","0004439583"
"1000","1002","07.04.2026","P5412","ZNL","S000855","9003612947","0004439307"
"1000","1002","07.04.2026","P5412","ZNL","S000855","9003612949","0004439307"
"1000","1008","07.04.2026","P3814","ZNL","S011504","9003613029","0004438193"
"1000","1008","07.04.2026","P3814","ZNL","S011504","9003613030","0004438193"
"1000","1008","07.04.2026","P3814","ZNL","S011504","9003613062","0004432713"
"1000","1000","07.04.2026","P3813","ZNL","S001953","9003613116","0004439850"
"1000","1003","07.04.2026","P3839","ZNL","S015388","9003613218","0004438738"
"1000","1003","07.04.2026","P3839","ZNL","S015388","9003613232","0004439831"
"1000","1003","07.04.2026","P3839","ZNL","S015388","9003613285","0004438223"
"1000","1003","07.04.2026","P3839","ZNL","S015388","9003613292","0004438223"
"1000","1000","07.04.2026","P3813","ZNL","S001953","9003613304","0004436926"
"1000","1002","07.04.2026","P5412","ZNL","S000855","9003613344","0004417655"
"1000","1003","07.04.2026","P3839","ZNL","S015388","9003613386","0004438330"
"1000","1003","07.04.2026","P3839","ZNL","S015388","9003613395","0004438203"
"1000","1003","07.04.2026","P3839","ZNL","S015388","9003613470","0004438657"
"1000","1003","07.04.2026","P3839","ZNL","S015388","9003613476","0004438657"
"1000","1003","07.04.2026","P3839","ZNL","S015388","9003613480","0004438657"
"1000","1000","07.04.2026","P3813","ZNL","S020126","9003613539","0004439878"
"1000","1000","07.04.2026","P3813","ZNL","S020126","9003613548","0004439799"
"1000","1000","07.04.2026","P3813","ZNL","S020126","9003613554","0004439750"
"1000","1000","07.04.2026","P3813","ZNL","S020126","9003613555","0004439750"
"1000","1003","07.04.2026","P3839","ZNL","S015388","9003613556","0004439908"
"1000","1000","07.04.2026","P3813","ZNL","S020126","9003613571","0004439921"
"1000","1003","07.04.2026","P3839","ZNL","S015388","9003613572","0004439908"
"1000","1003","07.04.2026","P3839","ZNL","S015388","9003613613","0004433015"
"1000","1000","07.04.2026","P3813","ZNL","S020126","9003613614","0004432626"
"1000","1000","07.04.2026","P3813","ZNL","S020126","9003613615","0004432626"
"1000","1000","07.04.2026","P3813","ZNL","S020126","9003613616","0004432626"
"1000","1000","07.04.2026","P3813","ZNL","S020126","9003613644","0004433954"
"1000","1003","07.04.2026","P3839","ZNL","S000855","9003614170","0004439030"
"1000","1000","07.04.2026","P3813","ZNL","S001953","9003614171","0004440343"
"1000","1000","07.04.2026","P3813","ZNL","S001953","9003614172","0004440343"
"1000","1003","07.04.2026","P3839","ZNL","S000855","9003614177","0004422946"
"1000","1003","07.04.2026","P3839","ZNL","S000855","9003614199","0004419974"
"1000","1002","07.04.2026","P5412","ZNL","S000855","9003614535","0004440210"
"1000","1002","07.04.2026","P5412","ZNL","S000855","9003614536","0004440208"
"1000","1002","07.04.2026","P5412","ZNL","S000855","9003614564","0004439747"
"1000","1003","07.04.2026","P3839","ZNL","S000855","9003614636","0004434768"
"1000","1002","07.04.2026","P5412","ZNL","S000855","9003614748","0004433563"
"1000","1000","07.04.2026","P3813","ZNL","S004153","9003615008","0004441182"
"1000","1000","07.04.2026","P3813","ZNL","S004153","9003615010","0004441182"
"1000","1003","07.04.2026","P3839","ZNL","S015388","9003615240","0004437818"
"1000","1002","07.04.2026","P5412","ZNL","S015388","9003615370","0004423215"
"1000","1003","07.04.2026","P3839","ZNL","S015388","9003615692","0004441507"
"1000","1003","07.04.2026","P3839","ZNL","S015388","9003615700","0004441564"
"1000","1002","07.04.2026","P5412","ZNL","S015388","9003615724","0004441522"
"1000","1003","07.04.2026","P3839","ZNL","S015388","9003615769","0004440020"
"1000","1000","07.04.2026","P3813","ZNL","S001953","9003615866","0004439753"
"1000","1000","07.04.2026","P3813","ZNL","S001953","9003615873","0004433500"
"1000","1002","07.04.2026","P5412","ZNL","S015388","9003616279","0004441877"
"1000","1003","07.04.2026","P3839","ZNL","S015388","9003616763","0004438023"
"1000","1000","07.04.2026","P3813","ZNL","S020126","9003617047","0004440674"
"1000","1000","07.04.2026","P3813","ZNL","S020126","9003617053","0004440674"
"1000","1000","07.04.2026","P3813","ZNL","S020126","9003617055","0004440674"
"1000","1000","07.04.2026","P3813","ZNL","S020126","9003617073","0004440674"
"1000","1000","07.04.2026","P3813","ZNL","S020126","9003617076","0004440674"
"1000","1000","07.04.2026","P3813","ZNL","S020126","9003617123","0004432512"
"1000","1000","07.04.2026","P3813","ZNL","S020126","9003617154","0004442536"
"1000","1000","07.04.2026","P3813","ZNL","S020126","9003617183","0004442455"
"1000","1000","07.04.2026","P3813","ZNL","S020126","9003617236","0004442027"
"1000","1002","07.04.2026","P5412","ZNL","S015388","9003618189","0004415530"
"1000","1002","07.04.2026","P5412","ZNL","S015388","9003618237","0004442823"
"1000","1002","07.04.2026","P5412","ZNL","S015388","9003618279","0004437751"
"1000","1000","07.04.2026","P3813","ZNL","S013488","9003618312","0004442735"
"1000","1000","07.04.2026","P3813","ZNL","S013488","9003618327","0004442675"
"1000","1000","07.04.2026","P3813","ZNL","S013488","9003618328","0004442692"
"1000","1000","07.04.2026","P3813","ZNL","S013488","9003618339","0004442329"
"1000","1002","07.04.2026","P5412","ZNL","S015388","9003618373","0004443262"
"1000","1002","07.04.2026","P5412","ZNL","S015388","9003618389","0004443262"
"1000","1002","07.04.2026","P5412","ZNL","S015388","9003618502","0004439654"
"1000","1002","07.04.2026","P5412","ZNL","S015388","9003618516","0004440319"
"1000","1003","07.04.2026","P3839","ZNL","S015388","9003618770","0004440020"
"1000","1002","07.04.2026","P5412","ZNL","S015388","9003618809","0004438511"
"1000","1002","07.04.2026","P5412","ZNL","S015388","9003619112","0004440991"
"1000","1002","08.04.2026","P5412","ZNL","S015388","9003619798","0004440139"
"1000","1002","08.04.2026","P5412","ZNL","S015388","9003619802","0004438665"
"1000","1008","08.04.2026","P3814","ZNL","S011504","9003620237","0004431140"
"1000","1008","08.04.2026","P3814","ZNL","S011504","9003620238","0004431140"
"1000","1008","08.04.2026","P3814","ZNL","S011504","9003620273","0004438410"
"1000","1003","08.04.2026","P3839","ZNL","S000855","9003620690","0004431823"
"1000","1003","08.04.2026","P3839","ZNL","S000855","9003620693","0004431823"
"1000","1002","08.04.2026","P5412","ZNL","S015388","9003620837","0004443262"
"1000","1008","08.04.2026","P3814","ZNL","S011504","9003621573","0004412994"
"1000","1000","08.04.2026","P3813","ZNL","S020126","9003622047","0004444351"
"1000","1000","08.04.2026","P3813","ZNL","S020126","9003622048","0004444351"
"1000","1000","08.04.2026","P3813","ZNL","S020126","9003622049","0004444351"
"1000","1000","08.04.2026","P3813","ZNL","S020126","9003622083","0004437435"
"1000","1000","08.04.2026","P3813","ZNL","S020126","9003622084","0004437435"
"1000","1000","08.04.2026","P3813","ZNL","S020126","9003622085","0004437435"
"1000","1000","08.04.2026","P3813","ZNL","S020126","9003622088","0004437435"
"1000","1000","08.04.2026","P3813","ZNL","S020126","9003622089","0004437435"
"1000","1000","08.04.2026","P3813","ZNL","S020126","9003622099","0004444240"
"1000","1000","08.04.2026","P3813","ZNL","S020126","9003622145","0004444470"
"1000","1002","08.04.2026","P5412","ZNL","S015388","9003622289","0004439664"
"1000","1003","08.04.2026","P3839","ZNL","S015388","9003622328","0004439908"
"1000","1000","08.04.2026","P3813","ZNL","S020126","9003622334","0004444255"
"1000","1000","08.04.2026","P3813","ZNL","S020126","9003622346","0004444428"
"1000","1003","08.04.2026","P3839","ZNL","S015388","9003622396","0004438657"
"1000","1003","08.04.2026","P3839","ZNL","S015388","9003622756","0004434572"
"1000","1003","08.04.2026","P3839","ZNL","S015388","9003622766","0004443904"
"1000","1003","08.04.2026","P3839","ZNL","S015388","9003622775","0004443903"
"1000","1003","08.04.2026","P3839","ZNL","S015388","9003622918","0004438583"
"1000","1002","08.04.2026","P5412","ZNL","S015388","9003622970","0004437816"
"1000","1002","08.04.2026","P5412","ZNL","S015388","9003623112","0004437817"
"1000","1002","08.04.2026","P5412","ZNL","S000855","9003623411","0004435506"
"1000","1002","08.04.2026","P5412","ZNL","S015388","9003623459","0004440659"
"1000","1002","08.04.2026","P5412","ZNL","S015388","9003623463","0004440659"
"1000","1002","08.04.2026","P5412","ZNL","S015388","9003623471","0004440659"
"1000","1002","08.04.2026","P5412","ZNL","S000855","9003623484","0004443928"
"1000","1003","08.04.2026","P3839","ZNL","S015388","9003623520","0004443482"
"1000","1003","08.04.2026","P3839","ZNL","S015388","9003623526","0004443482"
"1000","1003","08.04.2026","P3839","ZNL","S015388","9003623531","0004443482"
"1000","1003","08.04.2026","P3839","ZNL","S015388","9003623686","0004438023"
"1000","1008","08.04.2026","P3814","ZNL","S011504","9003623808","0004438193"
"1000","1008","08.04.2026","P3814","ZNL","S011504","9003623810","0004438193"
"1000","1008","08.04.2026","P3814","ZNL","S011504","9003623814","0004438193"
"1000","1008","08.04.2026","P3814","ZNL","S011504","9003623838","0004432956"
"1000","1002","08.04.2026","P5412","ZNL","S015388","9003624010","0004445425"
"1000","1002","08.04.2026","P5412","ZNL","S015388","9003624036","0004440659"
"1000","1002","08.04.2026","P5412","ZNL","S011337","9003624038","0004442571"
"1000","1002","08.04.2026","P5412","ZNL","S011337","9003624039","0004442561"
"1000","1002","08.04.2026","P5412","ZNL","S011337","9003624040","0004439703"
"1000","1002","08.04.2026","P5412","ZNL","S015388","9003624047","0004440659"
"1000","1002","08.04.2026","P5412","ZNL","S015388","9003624198","0004440659"
"1000","1002","08.04.2026","P5412","ZNL","S000855","9003624294","0004440741"
"1000","1002","08.04.2026","P5412","ZNL","S015388","9003624309","0004440659"
"1000","1003","08.04.2026","P3839","ZNL","S015388","9003624332","0004440020"
"1000","1003","08.04.2026","P3839","ZNL","S015388","9003624360","0004445677"
"1000","1002","08.04.2026","P5412","ZNL","S015388","9003624517","0004445686"
"1000","1002","08.04.2026","P5412","ZNL","S000855","9003624979","0004440741"
"1000","1002","08.04.2026","P5412","ZNL","S015388","9003624986","0004440659"
"1000","1002","08.04.2026","P5412","ZNL","S015388","9003625264","0004440659"
"1000","1002","08.04.2026","P5412","ZNL","S015388","9003625277","0004440659"
"1000","1003","08.04.2026","P3839","ZNL","S015388","9003625295","0004446169"
"1000","1000","08.04.2026","P3813","ZNL","S004153","9003625308","0004446033"
"1000","1000","08.04.2026","P3813","ZNL","S004153","9003625311","0004445936"
"1000","1008","08.04.2026","P3814","ZNL","S020444","9003625322","0004408104"
"1000","1008","08.04.2026","P3814","ZNL","S020444","9003625324","0004445555"
"1000","1008","08.04.2026","P3814","ZNL","S020444","9003625325","0004445555"
"1000","1008","08.04.2026","P3814","ZNL","S020444","9003625343","0004444552"
"1000","1003","08.04.2026","P3839","ZNL","S015388","9003625556","0004445767"
"1000","1003","08.04.2026","P3839","ZNL","S015388","9003625558","0004445767"
"1000","1002","08.04.2026","P5412","ZNL","S015388","9003625585","0004445591"
"1000","1003","08.04.2026","P3839","ZNL","S015388","9003625626","0004441324"
"1000","1003","08.04.2026","P3839","ZNL","S015388","9003625645","0004445988"
"1000","1003","08.04.2026","P3839","ZNL","S000855","9003625811","0004433012"
"1000","1003","08.04.2026","P3839","ZNL","S000855","9003625822","0004433012"
"1000","1003","08.04.2026","P3839","ZNL","S015388","9003625989","0004445598"
"1000","1003","08.04.2026","P3839","ZNL","S015388","9003626045","0004445598"
"1000","1002","08.04.2026","P5412","ZNL","S015388","9003626333","0004445657"
"1000","1003","08.04.2026","P3839","ZNL","S015388","9003626351","0004446297"
"1000","1003","08.04.2026","P3839","ZNL","S000855","9003626363","0004443928"
"1000","1003","08.04.2026","P3839","ZNL","S015388","9003626371","0004445354"
"1000","1003","08.04.2026","P3839","ZNL","S000855","9003626908","0004442252"
"1000","1000","08.04.2026","P3813","ZNL","S001953","9003627315","0004446665"
"1000","1000","08.04.2026","P3813","ZNL","S001953","9003627643","0004446630"
"1000","1008","08.04.2026","P3814","ZNL","S020444","9003627680","0004373950"
"1000","1008","08.04.2026","P3814","ZNL","S020444","9003627690","0004437860"
"1000","1003","08.04.2026","P3839","ZNL","S015388","9003628257","0004446297"
"1000","1008","08.04.2026","P3814","ZNL","S010776","9003628929","0004446549"
"1000","1008","08.04.2026","P3814","ZNL","S010776","9003628932","0004442446"
"1000","1008","08.04.2026","P3814","ZNL","S018220","9003628970","0004446319"
"1000","1008","08.04.2026","P3814","ZNL","S018220","9003628972","0004445951"
"1000","1008","08.04.2026","P3814","ZNL","S018220","9003628980","0004446811"
"1000","1008","08.04.2026","P3814","ZNL","S018220","9003628981","0004446811"
"1000","1000","09.04.2026","P3813","ZNL","S004153","9003630171","0004446103"
"1000","1008","09.04.2026","P3814","ZNL","S011504","9003630595","0004412994"
"1000","1008","09.04.2026","P3814","ZNL","S011504","9003630596","0004437740"
"1000","1002","09.04.2026","P5412","ZNL","S000855","9003632743","0004449624"
"1000","1008","09.04.2026","P3814","ZNL","S011504","9003632770","0004444270"
"1000","1002","09.04.2026","P5412","ZNL","S015388","9003632850","0004449492"
"1000","1002","09.04.2026","P5412","ZNL","S000855","9003633029","0004449859"
"1000","1002","09.04.2026","P5412","ZNL","S000855","9003633037","0004449859"
"1000","1000","09.04.2026","P3813","ZNL","S020126","9003633073","0004441182"
"1000","1000","09.04.2026","P3813","ZNL","S020126","9003633074","0004441182"
"1000","1003","09.04.2026","P3839","ZNL","S015388","9003633184","0004449819"
"1000","1002","09.04.2026","P5412","ZNL","S000855","9003633353","0004449865"
"1000","1002","09.04.2026","P5412","ZNL","S000855","9003633733","0004449865"
"1000","1003","09.04.2026","P3839","ZNL","S015388","9003633872","0004450272"
"1000","1003","09.04.2026","P3839","ZNL","S015388","9003633874","0004450184"
"1000","1003","09.04.2026","P3839","ZNL","S015388","9003633992","0004438991"
"1000","1003","09.04.2026","P3839","ZNL","S000855","9003634059","0004450407"
"1000","1000","09.04.2026","P3813","ZNL","S020126","9003634237","0004450227"
"1000","1000","09.04.2026","P3813","ZNL","S020126","9003634269","0004450256"
"1000","1000","09.04.2026","P3813","ZNL","S004153","9003634982","0004444379"
"1000","1000","09.04.2026","P3813","ZNL","S013488","9003636524","0004451645"
"1000","1000","09.04.2026","P3813","ZNL","S020126","9003637225","0004444397"
"1000","1000","09.04.2026","P3813","ZNL","S020126","9003637534","0004444379"
"1000","1000","09.04.2026","P3813","ZNL","S020126","9003637547","0004444379"
"1000","1000","09.04.2026","P3813","ZNL","S020126","9003637548","0004444379"
"1000","1000","09.04.2026","P3813","ZNL","S020126","9003637549","0004444379"
"1000","1000","09.04.2026","P3813","ZNL","S004153","9003638606","0004452794"
"1000","1000","10.04.2026","P3813","ZNL","S013488","9003641123","0004417114"
"1000","1008","10.04.2026","P3814","ZNL","S011504","9003641900","0004409819"
"1000","1000","10.04.2026","P3813","ZNL","S004153","9003643703","0004455707"
"1000","1022","16.09.2026","P8353","ZNL","S019423","9004953473","0005284875"
"1000","1022","16.09.2026","P8353","ZNL","S019423","9004953474","0005284874"
