"FAKSK","VTWEG","ERDAT","KUNNR","VBELN","SPART","LIFSK","ERNAM","CMGST","GBSTK","AUART"
"","10","10.08.2026","0011013994","0005284000","10","","SCLADMIN","A","B","ZTRD"
"","10","10.08.2026","0011006311","0005284001","10","","SCLADMIN","A","C","ZTRD"
"","10","10.08.2026","0011015012","0005284002","10","","SCLADMIN","A","C","ZTRD"
"","10","10.08.2026","0011022326","0005284003","10","","SCLADMIN","B","B","ZTRD"
"","10","10.08.2026","0011099003","0005284004","10","","SCLADMIN","A","C","ZTRD"
"","10","10.08.2026","0011083904","0005284005","10","","SCLADMIN","A","C","ZTRD"
"","10","10.08.2026","0011026230","0005284006","10","","SCLADMIN","B","B","ZTRD"
"","10","10.08.2026","0011053093","0005284007","10","","SH01337","A","C","ZTRD"
"","20","10.08.2026","0011021041","0005284008","10","","S013232","A","C","ZNTR"
"","10","10.08.2026","0011041313","0005284009","10","","SCLADMIN","A","C","ZTRD"
"","10","10.08.2026","0011027312","0005284010","10","","SCLADMIN","B","C","ZTRD"
"","10","10.08.2026","0011036351","0005284011","10","","SCLADMIN","A","C","ZTRD"
"","20","10.08.2026","0011109529","0005284012","10","","S023539","A","C","ZNTR"
"","10","10.08.2026","0011026230","0005284013","10","","SCLADMIN","B","C","ZTRD"
"","10","10.08.2026","0011021286","0005284014","10","","SCLADMIN","A","C","ZTRD"
"","20","10.08.2026","0011103713","0005284015","10","","S020603","A","C","ZNTR"
"","20","10.08.2026","0011030199","0005284016","10","","S013232","A","C","ZNTR"
"","10","10.08.2026","0011036351","0005284017","10","","SCLADMIN","B","B","ZTRD"
"","10","10.08.2026","0011043410","0005284018","10","","SH01337","A","C","ZTRD"
"","10","10.08.2026","0011026230","0005284019","10","","SCLADMIN","B","B","ZTRD"
"","10","10.08.2026","0011021286","0005284020","10","","SCLADMIN","A","C","ZTRD"
"","20","10.08.2026","0011107700","0005284021","10","","S020603","A","B","ZNTR"
"","10","10.08.2026","0011110185","0005284022","10","","SCLADMIN","A","C","ZTRD"
"","20","10.08.2026","0011102618","0005284023","10","","S020603","A","","ZNTR"
"","20","10.08.2026","0011070022","0005284024","10","","S020603","A","C","ZNTR"
"","10","10.08.2026","0011029045","0005284025","10","","SCLADMIN","A","C","ZTRD"
"","10","10.08.2026","0011047602","0005284026","10","","SCLADMIN","D","C","ZTRD"
"","20","10.08.2026","0011102479","0005284027","10","","S020603","A","C","ZNTR"
"","10","10.08.2026","0011115006","0005284028","10","","SCLADMIN","A","C","ZTRD"
"","10","10.08.2026","0011049341","0005284029","10","","SCLADMIN","A","C","ZTRD"
"","10","10.08.2026","0011028151","0005284030","10","","SCLADMIN","A","C","ZTRD"
"","10","10.08.2026","0011075706","0005284031","10","","SCLADMIN","A","C","ZTRD"
"","20","10.08.2026","0011070042","0005284032","10","","S020603","A","B","ZNTR"
"","20","10.08.2026","0011115214","0005284033","20","","S020355","A","B","ZRNT"
"","10","10.08.2026","0011022326","0005284034","10","","SCLADMIN","B","B","ZTRD"
"","10","10.08.2026","0011050604","0005284035","10","","SCLADMIN","B","C","ZTRD"
"","10","10.08.2026","0011025513","0005284036","10","","SCLADMIN","B","C","ZTRD"
"","20","10.08.2026","0011098208","0005284037","10","","S013232","B","B","ZNTR"
"","10","10.08.2026","0011036622","0005284038","10","","SCLADMIN","A","C","ZTRD"
"","10","10.08.2026","0011075706","0005284039","10","","SCLADMIN","A","C","ZTRD"
"","20","10.08.2026","0011070042","0005284040","10","","S020603","A","C","ZNTR"
"","10","10.08.2026","0011041881","0005284041","10","","SCLADMIN","A","B","ZTRD"
"","10","10.08.2026","0011106643","0005284042","10","","SCLADMIN","A","C","ZTRD"
"","10","10.08.2026","0011050604","0005284043","10","","SCLADMIN","A","C","ZTRD"
"","20","10.08.2026","0011100678","0005284044","10","","S020603","A","B","ZNTR"
"","10","10.08.2026","0011113499","0005284045","10","","SCLADMIN","A","C","ZTRD"
"","10","10.08.2026","0011050604","0005284046","10","","SCLADMIN","B","C","ZTRD"
"","10","10.08.2026","0011028151","0005284047","10","","SCLADMIN","B","C","ZTRD"
"","10","10.08.2026","0011022326","0005284048","10","","SCLADMIN","A","C","ZTRD"
"","20","10.08.2026","0011100678","0005284049","10","","S020603","A","C","ZNTR"
"","10","10.08.2026","0011057499","0005284050","10","","SCLADMIN","A","C","ZTRD"
"","10","10.08.2026","0011038985","0005284051","10","","SCLADMIN","A","B","ZTRD"
"","10","10.08.2026","0011050298","0005284052","10","","SCLADMIN","A","C","ZTRD"
"","20","10.08.2026","0011028908","0005284053","10","","S020603","A","C","ZNTR"
"","20","10.08.2026","0011111458","0005284054","10","","S023539","A","C","ZNTR"
"","10","10.08.2026","0011088424","0005284055","10","","SCLADMIN","A","C","ZTRD"
"","20","10.08.2026","0011028908","0005284056","10","","S020603","A","C","ZNTR"
"","10","10.08.2026","0011088424","0005284057","10","","SCLADMIN","A","C","ZTRD"
"","10","10.08.2026","0011036351","0005284058","10","","SCLADMIN","A","C","ZTRD"
"","10","10.08.2026","0011039649","0005284059","10","","SCLADMIN","A","C","ZTRD"
"","10","10.08.2026","0011038985","0005284060","10","","SCLADMIN","A","B","ZTRD"
"","10","10.08.2026","0011020694","0005284061","10","","SCLADMIN","A","C","ZTRD"
"","20","10.08.2026","0011102479","0005284062","10","","S020603","A","B","ZNTR"
"","10","10.08.2026","0011104840","0005284063","10","","S016159","A","C","ZTRD"
"","10","10.08.2026","0011008721","0005284064","10","","SCLADMIN","A","C","ZTRD"
"","10","10.08.2026","0011057499","0005284065","10","","SCLADMIN","A","C","ZTRD"
"","10","10.08.2026","0011045771","0005284066","10","","SCLADMIN","A","C","ZTRD"
"","10","10.08.2026","0011029099","0005284067","10","","SCLADMIN","A","C","ZTRD"
"","10","10.08.2026","0011029099","0005284068","10","","SCLADMIN","A","C","ZTRD"
"","10","10.08.2026","0011073559","0005284069","10","","SCLADMIN","A","C","ZTRD"
"","10","10.08.2026","0011079965","0005284070","10","","SCLADMIN","B","B","ZTRD"
"","10","10.08.2026","0011028151","0005284071","10","","SCLADMIN","A","C","ZTRD"
"","10","10.08.2026","0011044867","0005284072","10","","SCLADMIN","A","C","ZTRD"
"","10","10.08.2026","0011097759","0005284073","10","","SCLADMIN","A","C","ZTRD"
"","10","10.08.2026","0011051642","0005284074","10","","SCLADMIN","A","C","ZTRD"
"","10","10.08.2026","0011043374","0005284075","10","","SCLADMIN","A","C","ZTRD"
"","10","10.08.2026","0011045429","0005284076","10","","SCLADMIN","B","C","ZTRD"
"","10","10.08.2026","0011044867","0005284077","10","","SCLADMIN","A","C","ZTRD"
"","10","10.08.2026","0011037027","0005284078","10","","SCLADMIN","A","C","ZTRD"
"","10","10.08.2026","0011045873","0005284079","10","","SCLADMIN","A","C","ZTRD"
"","10","10.08.2026","0011045778","0005284080","10","","SCLADMIN","A","C","ZTRD"
"","10","10.08.2026","0011043374","0005284081","10","","SCLADMIN","A","C","ZTRD"
"","10","10.08.2026","0011045577","0005284082","10","","SCLADMIN","A","C","ZTRD"
"","10","10.08.2026","0011100815","0005284083","10","","SCLADMIN","B","C","ZTRD"
"","10","10.08.2026","0011045429","0005284084","10","","SCLADMIN","B","C","ZTRD"
"","10","10.08.2026","0011050888","0005284085","10","","SCLADMIN","A","C","ZTRD"
"","10","10.08.2026","0011045429","0005284086","10","","SCLADMIN","A","B","ZTRD"
"","10","10.08.2026","0011073247","0005284087","10","","SCLADMIN","A","C","ZTRD"
"","10","10.08.2026","0011106643","0005284088","10","","SCLADMIN","A","B","ZTRD"
"","10","10.08.2026","0011017260","0005284089","10","","SCLADMIN","A","C","ZTRD"
"","10","10.08.2026","0011094134","0005284090","10","","SCLADMIN","A","C","ZTRD"
"","10","10.08.2026","0011050888","0005284091","10","","SCLADMIN","A","C","ZTRD"
"","10","10.08.2026","0011033746","0005284092","10","","SCLADMIN","A","C","ZTRD"
"","10","10.08.2026","0011040939","0005284093","10","","SCLADMIN","A","C","ZTRD"
"","10","10.08.2026","0011033746","0005284094","10","","SCLADMIN","A","C","ZTRD"
"","10","10.08.2026","0011051656","0005284095","10","","SCLADMIN","A","C","ZTRD"
"","10","10.08.2026","0011050888","0005284096","10","","SCLADMIN","A","C","ZTRD"
"","10","10.08.2026","0011043920","0005284097","10","","SCLADMIN","A","C","ZTRD"
"","10","10.08.2026","0011033746","0005284098","10","","SCLADMIN","A","C","ZTRD"
"","10","10.08.2026","0011040939","0005284099","10","","SCLADMIN","A","C","ZTRD"
"","10","10.08.2026","0011063385","0005284100","10","","SCLADMIN","D","B","ZTRD"
"","10","10.08.2026","0011018255","0005284101","10","","SCLADMIN","A","C","ZTRD"
"","10","10.08.2026","0011017260","0005284102","10","","SCLADMIN","A","C","ZTRD"
"","10","10.08.2026","0011044867","0005284103","10","","SCLADMIN","A","C","ZTRD"
"","10","10.08.2026","0011086731","0005284104","10","","SCLADMIN","A","C","ZTRD"
"","20","10.08.2026","0011108200","0005284105","20","","S021858","A","C","ZRNT"
"","10","10.08.2026","0011049614","0005284106","10","","SCLADMIN","A","C","ZTRD"
"","10","10.08.2026","0011037027","0005284107","10","","SCLADMIN","A","C","ZTRD"
"","10","10.08.2026","0011017025","0005284108","10","","SCLADMIN","A","C","ZTRD"
"","10","10.08.2026","0011104534","0005284109","10","","SCLADMIN","A","C","ZTRD"
"","10","10.08.2026","0011077204","0005284110","10","","SCLADMIN","A","C","ZTRD"
"","10","10.08.2026","0011029132","0005284111","10","","SCLADMIN","A","C","ZTRD"
"","10","10.08.2026","0011017260","0005284112","10","","SCLADMIN","A","C","ZTRD"
"","20","10.08.2026","0011031606","0005284113","10","","S013232","B","C","ZNTR"
"","10","10.08.2026","0011036598","0005284114","10","","SCLADMIN","A","C","ZTRD"
"","10","10.08.2026","0011036351","0005284115","10","","SCLADMIN","A","C","ZTRD"
"","20","10.08.2026","0011102618","0005284116","10","","S020603","A","B","ZNTR"
"","10","10.08.2026","0011037027","0005284117","10","","SCLADMIN","A","C","ZTRD"
"","10","10.08.2026","0011017260","0005284118","10","","SCLADMIN","A","C","ZTRD"
"","10","10.08.2026","0011093031","0005284119","10","","SCLADMIN","A","C","ZTRD"
"","10","10.08.2026","0011024765","0005284120","10","","SCLADMIN","A","C","ZTRD"
"","10","10.08.2026","0011092726","0005284121","10","","SCLADMIN","A","C","ZTRD"
"","10","10.08.2026","0011092726","0005284122","10","","SCLADMIN","A","C","ZTRD"
"","10","10.08.2026","0011089314","0005284123","10","","SCLADMIN","B","B","ZTRD"
"","10","10.08.2026","0011068654","0005284124","10","","SCLADMIN","A","C","ZTRD"
"","10","10.08.2026","0011044867","0005284125","10","","SCLADMIN","A","B","ZTRD"
"","20","10.08.2026","0011110139","0005284126","10","","S013232","A","C","ZNTR"
"","10","10.08.2026","0011068654","0005284127","10","","SCLADMIN","","","ZTRD"
"","10","10.08.2026","0011041622","0005284128","10","","SCLADMIN","A","C","ZTRD"
"","10","10.08.2026","0011067792","0005284129","10","","SCLADMIN","D","C","ZTRD"
"","10","10.08.2026","0011067792","0005284130","10","","SCLADMIN","D","C","ZTRD"
"","10","10.08.2026","0011044867","0005284131","10","","SCLADMIN","A","C","ZTRD"
"","20","10.08.2026","0011114097","0005284132","20","","S023126","A","B","ZRNT"
"","10","10.08.2026","0011067792","0005284133","10","","SCLADMIN","D","C","ZTRD"
"","20","10.08.2026","0011102877","0005284134","20","","S022196","A","B","ZRNT"
"","10","10.08.2026","0011092726","0005284135","10","","SCLADMIN","A","","ZTRD"
"","10","10.08.2026","0011051605","0005284136","10","","SCLADMIN","A","C","ZTRD"
"","10","10.08.2026","0011027312","0005284137","10","","SCLADMIN","B","C","ZTRD"
"","10","10.08.2026","0011068654","0005284138","10","","SCLADMIN","A","C","ZTRD"
"","10","10.08.2026","0011045429","0005284139","10","","SCLADMIN","B","B","ZTRD"
"","10","10.08.2026","0011091728","0005284140","10","","SCLADMIN","A","C","ZTRD"
"","10","10.08.2026","0011041226","0005284141","10","","SCLADMIN","A","C","ZTRD"
"","10","10.08.2026","0011016649","0005284142","10","","SCLADMIN","A","C","ZTRD"
"","10","10.08.2026","0011040478","0005284143","10","","SCLADMIN","A","B","ZTRD"
"","10","10.08.2026","0011068654","0005284144","10","","SCLADMIN","A","C","ZTRD"
"","10","10.08.2026","0011041226","0005284145","10","","SCLADMIN","A","B","ZTRD"
"","20","10.08.2026","0011087116","0005284146","20","","S021132","A","B","ZRNT"
"","10","10.08.2026","0011021286","0005284147","10","","SCLADMIN","A","C","ZTRD"
"","20","10.08.2026","0011114097","0005284148","20","","S023126","A","B","ZRNT"
"","20","10.08.2026","0011073211","0005284149","10","","S012496","B","B","ZNTR"
"","10","10.08.2026","0011106643","0005284150","10","","SCLADMIN","A","C","ZTRD"
"","20","10.08.2026","0011112671","0005284151","10","","S013232","A","C","ZNTR"
"","20","10.08.2026","0011097378","0005284152","10","","S020603","A","C","ZNTR"
"","10","10.08.2026","0011052172","0005284153","10","","SCLADMIN","A","C","ZTRD"
"","10","10.08.2026","0011092726","0005284154","10","","SCLADMIN","A","C","ZTRD"
"","10","10.08.2026","0011021525","0005284155","10","","SH00070","A","","ZTRD"
"","10","10.08.2026","0011021286","0005284156","10","","SCLADMIN","A","C","ZTRD"
"","10","10.08.2026","0011092726","0005284157","10","","SCLADMIN","A","C","ZTRD"
"","10","10.08.2026","0011016186","0005284158","10","","SCLADMIN","A","C","ZTRD"
"","10","10.08.2026","0011052464","0005284159","10","","SCLADMIN","A","C","ZTRD"
"","10","10.08.2026","0011062774","0005284160","10","","SCLADMIN","A","B","ZTRD"
"","10","10.08.2026","0011044867","0005284161","10","","SCLADMIN","A","C","ZTRD"
"","10","10.08.2026","0011037911","0005284162","10","","SCLADMIN","A","C","ZTRD"
"","10","10.08.2026","0011034511","0005284163","10","","SCLADMIN","A","C","ZTRD"
"","10","10.08.2026","0011037911","0005284164","10","","SCLADMIN","A","C","ZTRD"
"","10","10.08.2026","0011024637","0005284165","10","","SCLADMIN","A","C","ZTRD"
"","10","10.08.2026","0011017423","0005284166","10","","SCLADMIN","A","B","ZTRD"
"","10","10.08.2026","0011016186","0005284167","10","","SCLADMIN","A","C","ZTRD"
"","20","10.08.2026","0011105872","0005284168","10","","S013232","A","C","ZNTR"
"","10","10.08.2026","0011052160","0005284169","10","","SCLADMIN","A","C","ZTRD"
"","20","10.08.2026","0011013303","0005284170","10","","S012496","A","C","ZNTR"
"","10","10.08.2026","0011042922","0005284171","10","","S017110","A","C","ZTRD"
"","10","10.08.2026","0011024637","0005284172","10","","SCLADMIN","A","C","ZTRD"
"","10","10.08.2026","0011044867","0005284173","10","","SCLADMIN","A","C","ZTRD"
"","10","10.08.2026","0011057514","0005284174","10","","SCLADMIN","A","C","ZTRD"
"","10","10.08.2026","0011052174","0005284175","10","","SCLADMIN","A","C","ZTRD"
"","10","10.08.2026","0011052174","0005284176","10","","SCLADMIN","A","C","ZTRD"
"","10","10.08.2026","0011028720","0005284177","10","","SCLADMIN","A","B","ZTRD"
"","20","10.08.2026","0011014245","0005284178","10","","S012496","A","C","ZNTR"
"","10","10.08.2026","0011057514","0005284179","10","","SCLADMIN","A","C","ZTRD"
"","10","10.08.2026","0011021525","0005284180","10","","SH00070","A","C","ZTRD"
"","10","10.08.2026","0011028520","0005284181","10","","SH01371","A","C","ZTRD"
"","20","10.08.2026","0011102877","0005284182","20","","S022196","A","B","ZRNT"
"","10","10.08.2026","0011038487","0005284183","10","","SCLADMIN","A","B","ZTRD"
"","10","10.08.2026","0011045771","0005284184","10","","SCLADMIN","A","C","ZTRD"
"","10","10.08.2026","0011017423","0005284185","10","","SCLADMIN","A","B","ZTRD"
"","10","10.08.2026","0011034511","0005284186","10","","SCLADMIN","A","C","ZTRD"
"","20","10.08.2026","0011108200","0005284187","20","","S021858","A","B","ZRNT"
"","10","10.08.2026","0011062774","0005284188","10","","SCLADMIN","A","B","ZTRD"
"","10","10.08.2026","0011074444","0005284189","10","","SCLADMIN","B","B","ZTRD"
"","10","10.08.2026","0011051001","0005284190","10","","SCLADMIN","A","B","ZTRD"
"","10","10.08.2026","0011057514","0005284191","10","","SCLADMIN","A","C","ZTRD"
"","10","10.08.2026","0011020996","0005284192","10","","SCLADMIN","A","C","ZTRD"
"","10","10.08.2026","0011042582","0005284193","10","","SCLADMIN","A","C","ZTRD"
"","20","10.08.2026","0011078590","0005284194","10","","S012496","A","B","ZNTR"
"","10","10.08.2026","0011109698","0005284195","10","","SCLADMIN","A","C","ZTRD"
"","10","10.08.2026","0011074444","0005284196","10","","SCLADMIN","B","B","ZTRD"
"","10","10.08.2026","0011104932","0005284197","10","","SCLADMIN","A","C","ZTRD"
"","10","10.08.2026","0011016186","0005284198","10","","SCLADMIN","A","C","ZTRD"
"","10","10.08.2026","0011042399","0005284199","10","","SCLADMIN","A","C","ZTRD"
"","10","10.08.2026","0011047572","0005284200","10","","SCLADMIN","A","C","ZTRD"
"","10","10.08.2026","0011020996","0005284201","10","","SCLADMIN","A","C","ZTRD"
"","10","10.08.2026","0011109698","0005284202","10","","SCLADMIN","A","C","ZTRD"
"","10","10.08.2026","0011068398","0005284203","10","","S020769","","C","ZCCS"
"","10","10.08.2026","0011104932","0005284204","10","","SCLADMIN","A","C","ZTRD"
"","20","10.08.2026","0011089325","0005284205","10","","S013232","B","B","ZNTR"
"","10","10.08.2026","0011068398","0005284206","10","","S020769","","C","ZCCS"
"","10","10.08.2026","0011068398","0005284207","10","","S020769","","C","ZCCS"
"","10","10.08.2026","0011068398","0005284208","10","","S020769","","C","ZCCS"
"","10","10.08.2026","0011039019","0005284209","10","","SCLADMIN","A","C","ZTRD"
"","10","10.08.2026","0011090047","0005284210","10","","SCLADMIN","A","C","ZTRD"
"","10","10.08.2026","0011068398","0005284211","10","","S020769","","C","ZCCS"
"","10","10.08.2026","0011037710","0005284212","10","","SCLADMIN","A","B","ZTRD"
"","10","10.08.2026","0011053830","0005284213","10","","S019276","A","C","ZTRD"
"","10","10.08.2026","0011042582","0005284214","10","","SCLADMIN","A","C","ZTRD"
"","10","10.08.2026","0011019897","0005284215","10","","SCLADMIN","A","C","ZTRD"
"","10","10.08.2026","0011046309","0005284216","10","","SCLADMIN","A","C","ZTRD"
"","10","10.08.2026","0011037710","0005284217","10","","SCLADMIN","A","B","ZTRD"
"","10","10.08.2026","0011019292","0005284218","10","","SCLADMIN","B","B","ZTRD"
"","10","10.08.2026","0011041313","0005284219","10","","SCLADMIN","A","C","ZTRD"
"","10","10.08.2026","0011057514","0005284220","10","","SCLADMIN","A","C","ZTRD"
"","20","10.08.2026","0011014263","0005284221","10","","S012496","A","C","ZNTR"
"","10","10.08.2026","0011025575","0005284222","10","","SCLADMIN","A","C","ZTRD"
"","10","10.08.2026","0011038298","0005284223","10","","SCLADMIN","A","C","ZTRD"
"","10","10.08.2026","0011105592","0005284224","10","","SCLADMIN","A","C","ZTRD"
"","20","10.08.2026","0011105454","0005284225","20","","S022196","A","B","ZRNT"
"","10","10.08.2026","0011018582","0005284226","10","","SCLADMIN","B","C","ZTRD"
"","10","10.08.2026","0011023650","0005284227","10","","SCLADMIN","A","C","ZTRD"
"","20","10.08.2026","0011068398","0005284228","10","","S020769","","B","ZCCS"
"","20","10.08.2026","0011114487","0005284229","20","","S020498","A","B","ZRNT"
"","20","10.08.2026","0011068398","0005284230","10","","S020769","","B","ZCCS"
"","10","10.08.2026","0011052890","0005284231","10","","SCLADMIN","B","C","ZTRD"
"","10","10.08.2026","0011044867","0005284232","10","","SCLADMIN","A","C","ZTRD"
"","20","10.08.2026","0011109877","0005284233","20","","S020641","A","B","ZRNT"
"","10","10.08.2026","0011023650","0005284234","10","","SCLADMIN","A","C","ZTRD"
"","10","10.08.2026","0011044810","0005284235","10","","SCLADMIN","B","B","ZTRD"
"","20","10.08.2026","0011089650","0005284236","10","","S012496","B","C","ZNTR"
"","10","10.08.2026","0011006311","0005284237","10","","SCLADMIN","A","C","ZTRD"
"","10","10.08.2026","0011052890","0005284238","10","","SCLADMIN","A","C","ZTRD"
"","10","10.08.2026","0011027312","0005284239","10","","SCLADMIN","B","C","ZTRD"
"","10","10.08.2026","0011037027","0005284240","10","","SCLADMIN","A","C","ZTRD"
"","10","10.08.2026","0011046709","0005284241","10","","SCLADMIN","A","C","ZTRD"
"","10","10.08.2026","0011050602","0005284242","10","","SCLADMIN","A","C","ZTRD"
"","20","10.08.2026","0011088252","0005284243","20","","S020498","A","B","ZRNT"
"","10","10.08.2026","0011041110","0005284244","10","","SH00117","A","C","ZTRD"
"","10","10.08.2026","0011085973","0005284245","10","","SCLADMIN","A","C","ZTRD"
"","10","10.08.2026","0011036192","0005284246","10","","SCLADMIN","A","B","ZTRD"
"","20","10.08.2026","0011007886","0005284247","10","","S012496","A","C","ZNTR"
"","10","10.08.2026","0011015817","0005284248","10","","SCLADMIN","A","C","ZTRD"
"","10","10.08.2026","0011049341","0005284249","10","","SCLADMIN","A","C","ZTRD"
"","10","10.08.2026","0011015985","0005284250","10","","SCLADMIN","A","C","ZTRD"
"","10","10.08.2026","0011046337","0005284251","10","","SCLADMIN","A","C","ZTRD"
"","10","10.08.2026","0011050602","0005284252","10","","SCLADMIN","A","B","ZTRD"
"","10","10.08.2026","0011049341","0005284253","10","","SCLADMIN","A","C","ZTRD"
"","20","10.08.2026","0011007886","0005284254","10","","S012496","A","B","ZNTR"
"","10","10.08.2026","0011046337","0005284255","10","","SCLADMIN","A","C","ZTRD"
"","10","10.08.2026","0011043147","0005284256","10","","S023734","B","B","ZTRD"
"","10","10.08.2026","0011079237","0005284257","10","","SCLADMIN","B","B","ZTRD"
"","10","10.08.2026","0011102338","0005284258","10","","SH01462","A","B","ZTRD"
"","10","10.08.2026","0011051480","0005284259","10","","S019276","A","C","ZTRD"
"","20","10.08.2026","0011072975","0005284260","10","","S004943","B","","ZNTR"
"","10","10.08.2026","0011078728","0005284261","10","","S019382","A","C","ZTRD"
"","10","10.08.2026","0011040495","0005284262","10","","SH00077","A","B","ZTRD"
"","10","10.08.2026","0011043158","0005284263","10","","SCLADMIN","A","C","ZTRD"
"","10","10.08.2026","0011104006","0005284264","10","","S023734","B","B","ZTRD"
"","10","10.08.2026","0011036245","0005284265","10","","SCLADMIN","A","C","ZTRD"
"","10","10.08.2026","0011040495","0005284266","10","","SH00077","A","B","ZTRD"
"","10","10.08.2026","0011068398","0005284267","10","","S020769","","C","ZCCS"
"","10","10.08.2026","0011078728","0005284268","10","","S019382","A","C","ZTRD"
"","10","10.08.2026","0011045873","0005284269","10","","SCLADMIN","A","B","ZTRD"
"","10","10.08.2026","0011036245","0005284270","10","","SCLADMIN","A","C","ZTRD"
"","10","10.08.2026","0011104006","0005284271","10","","S023734","B","B","ZTRD"
"","20","10.08.2026","0011072975","0005284272","10","","S004943","B","C","ZNTR"
"","10","10.08.2026","0011030763","0005284273","10","","SCLADMIN","A","C","ZTRD"
"","10","10.08.2026","0011029005","0005284274","10","","SCLADMIN","A","C","ZTRD"
"","10","10.08.2026","0011029005","0005284275","10","","SCLADMIN","A","C","ZTRD"
"","10","10.08.2026","0011040495","0005284276","10","","SH00077","A","B","ZTRD"
"","20","10.08.2026","0011087833","0005284277","10","","S020688","A","B","ZNTR"
"","10","10.08.2026","0011036245","0005284278","10","","SCLADMIN","A","C","ZTRD"
"","10","10.08.2026","0011043158","0005284279","10","","SCLADMIN","A","C","ZTRD"
"","10","10.08.2026","0011029005","0005284280","10","","SCLADMIN","A","C","ZTRD"
"","10","10.08.2026","0011090973","0005284281","10","","SCLADMIN","D","B","ZTRD"
"","10","10.08.2026","0011037027","0005284282","10","","SCLADMIN","A","C","ZTRD"
"","10","10.08.2026","0011018577","0005284283","10","","SH00077","A","B","ZTRD"
"","10","10.08.2026","0011052890","0005284284","10","","SCLADMIN","B","C","ZTRD"
"","20","10.08.2026","0011008471","0005284285","10","","S004943","A","C","ZNTR"
"","10","10.08.2026","0011041313","0005284286","10","","SCLADMIN","A","C","ZTRD"
"","10","10.08.2026","0011076839","0005284287","10","","S021882","D","B","ZTRD"
"","10","10.08.2026","0011036245","0005284288","10","","SCLADMIN","A","C","ZTRD"
"","10","10.08.2026","0011018577","0005284289","10","","SH00077","A","B","ZTRD"
"","10","10.08.2026","0011109723","0005284290","10","","SCLADMIN","D","C","ZTRD"
"","10","10.08.2026","0011114418","0005284291","10","","S020810","A","C","ZTRD"
"","20","10.08.2026","0011104226","0005284292","10","","S022849","A","C","ZNTR"
"","10","10.08.2026","0011037027","0005284293","10","","SCLADMIN","A","C","ZTRD"
"","10","10.08.2026","0011089416","0005284294","10","","S021882","A","B","ZTRD"
"","20","10.08.2026","0011104407","0005284295","10","","S000837","A","C","ZNTR"
"","10","10.08.2026","0011015985","0005284296","10","","SCLADMIN","A","C","ZTRD"
"","10","10.08.2026","0011027312","0005284297","10","","SCLADMIN","B","C","ZTRD"
"","10","10.08.2026","0011041293","0005284298","10","","SCLADMIN","A","B","ZTRD"
"","10","10.08.2026","0011041313","0005284299","10","","S019869","A","C","ZTRD"
"","10","10.08.2026","0011089416","0005284300","10","","S021882","A","B","ZTRD"
"","20","10.08.2026","0011068398","0005284301","10","","S020769","","C","ZCCS"
"","20","10.08.2026","0011068398","0005284302","10","","S020769","","C","ZCCS"
"","20","10.08.2026","0011096456","0005284303","10","","S000837","A","B","ZNTR"
"","20","10.08.2026","0011083680","0005284304","20","","S021132","A","B","ZRCB"
"","10","10.08.2026","0011025121","0005284305","10","","SCLADMIN","A","B","ZTRD"
"","10","10.08.2026","0011111468","0005284306","10","","SCLADMIN","B","B","ZTRD"
"","10","10.08.2026","0011109723","0005284307","10","","SCLADMIN","D","C","ZTRD"
"","10","10.08.2026","0011037570","0005284308","10","","SCLADMIN","A","B","ZTRD"
"","10","10.08.2026","0011046873","0005284309","10","","SCLADMIN","A","C","ZTRD"
"","10","10.08.2026","0011044248","0005284310","10","","SCLADMIN","A","C","ZTRD"
"","10","10.08.2026","0011046873","0005284311","10","","SCLADMIN","A","C","ZTRD"
"","20","10.08.2026","0011068398","0005284312","10","","S020769","","C","ZCCS"
"","20","10.08.2026","0011105157","0005284313","10","","S000837","A","C","ZNTR"
"","20","10.08.2026","0011068398","0005284314","10","","S020769","","C","ZCCS"
"","20","10.08.2026","0011068398","0005284315","10","","S020769","","C","ZCCS"
"","20","10.08.2026","0011068398","0005284316","10","","S020769","","C","ZCCS"
"","20","10.08.2026","0011106295","0005284317","10","","S000837","A","C","ZNTR"
"","20","10.08.2026","0011068398","0005284318","10","","S020769","","C","ZCCS"
"","10","10.08.2026","0011089801","0005284319","10","","SCLADMIN","A","C","ZTRD"
"","10","10.08.2026","0011104840","0005284320","10","","SCLADMIN","A","C","ZTRD"
"","10","10.08.2026","0011045778","0005284321","10","","SCLADMIN","B","B","ZTRD"
"","10","10.08.2026","0011017025","0005284322","10","","SCLADMIN","B","C","ZTRD"
"","20","10.08.2026","0011098312","0005284323","20","","S020498","A","B","ZRNT"
"","10","10.08.2026","0011115006","0005284324","10","","SCLADMIN","A","B","ZTRD"
"","10","10.08.2026","0011110956","0005284325","10","","SCLADMIN","A","C","ZTRD"
"","20","10.08.2026","0011098944","0005284326","20","","S021132","B","B","ZRNT"
"","10","10.08.2026","0011008576","0005284327","10","","SCLADMIN","A","C","ZTRD"
"","10","10.08.2026","0011017525","0005284328","10","","SCLADMIN","A","C","ZTRD"
"","10","10.08.2026","0011086507","0005284329","10","","S016159","A","C","ZTRD"
"","10","10.08.2026","0011027502","0005284330","10","","SH00038","A","C","ZTRD"
"","20","10.08.2026","0011083680","0005284331","20","","S021132","A","B","ZRCB"
"","10","10.08.2026","0011039019","0005284332","10","","SCLADMIN","A","C","ZTRD"
"","10","10.08.2026","0011049341","0005284333","10","","SCLADMIN","A","C","ZTRD"
"","10","10.08.2026","0011049341","0005284334","10","","SCLADMIN","A","C","ZTRD"
"","20","10.08.2026","0011068398","0005284335","10","","S020769","","C","ZCCS"
"","20","10.08.2026","0011098944","0005284336","20","","S021132","A","C","ZRNT"
"","10","10.08.2026","0011025513","0005284337","10","","SCLADMIN","A","C","ZTRD"
"","10","10.08.2026","0011107215","0005284338","10","","SCLADMIN","A","C","ZTRD"
"","10","10.08.2026","0011034582","0005284339","10","","SCLADMIN","A","C","ZTRD"
"","20","10.08.2026","0011108382","0005284340","10","","S020688","A","C","ZNTR"
"","10","10.08.2026","0011025513","0005284341","10","","SCLADMIN","A","C","ZTRD"
"","10","10.08.2026","0011034582","0005284342","10","","SCLADMIN","A","C","ZTRD"
"","10","10.08.2026","0011027119","0005284343","10","","SCLADMIN","A","C","ZTRD"
"","20","10.08.2026","0011098944","0005284344","20","","S021132","A","B","ZRNT"
"","10","10.08.2026","0011026877","0005284345","10","","SCLADMIN","A","C","ZTRD"
"","10","10.08.2026","0011027119","0005284346","10","","SCLADMIN","A","C","ZTRD"
"","10","10.08.2026","0011018998","0005284347","10","","S016159","A","C","ZTRD"
"","10","10.08.2026","0011050595","0005284348","10","","SCLADMIN","A","C","ZTRD"
"","10","10.08.2026","0011040081","0005284349","10","","SCLADMIN","A","C","ZTRD"
"","10","10.08.2026","0011045778","0005284350","10","","SCLADMIN","A","C","ZTRD"
"","10","10.08.2026","0011018243","0005284351","10","","SCLADMIN","A","B","ZTRD"
"","10","10.08.2026","0011048751","0005284352","10","","SH00033","A","C","ZTRD"
"","10","10.08.2026","0011032778","0005284353","10","","SCLADMIN","A","C","ZTRD"
"","10","10.08.2026","0011068398","0005284354","10","","S020769","","C","ZCCS"
"","10","10.08.2026","0011018982","0005284355","10","","S016159","A","C","ZTRD"
"","10","10.08.2026","0011018243","0005284356","10","","SCLADMIN","A","B","ZTRD"
"","10","10.08.2026","0011077676","0005284357","10","","SCLADMIN","A","C","ZTRD"
"","10","10.08.2026","0011068398","0005284358","10","","S020769","","C","ZCCS"
"","10","10.08.2026","0011040723","0005284359","10","","SCLADMIN","B","B","ZTRD"
"","10","10.08.2026","0011034511","0005284360","10","","SCLADMIN","A","C","ZTRD"
"","10","10.08.2026","0011018243","0005284361","10","","SCLADMIN","A","B","ZTRD"
"","10","10.08.2026","0011068398","0005284362","10","","S020769","","C","ZCCS"
"","10","10.08.2026","0011029005","0005284363","10","","S023734","A","C","ZTRD"
"","10","10.08.2026","0011106643","0005284364","10","","SCLADMIN","A","B","ZTRD"
"","10","10.08.2026","0011041654","0005284365","10","","SCLADMIN","A","C","ZTRD"
"","10","10.08.2026","0011068398","0005284366","10","","S020769","","C","ZCCS"
"","10","10.08.2026","0011034122","0005284367","10","","SCLADMIN","B","B","ZTRD"
"","10","10.08.2026","0011068398","0005284368","10","","S020769","","C","ZCCS"
"","10","10.08.2026","0011021701","0005284369","10","","SCLADMIN","A","B","ZTRD"
"","20","10.08.2026","0011114947","0005284370","10","","S000837","B","B","ZNTR"
"","10","10.08.2026","0011041654","0005284371","10","","SCLADMIN","A","C","ZTRD"
"","20","10.08.2026","0011068398","0005284372","10","","S020769","","B","ZCCS"
"","20","10.08.2026","0011098074","0005284373","10","","S000837","A","B","ZNTR"
"","10","10.08.2026","0011099992","0005284374","10","","SCLADMIN","A","C","ZTRD"
"","10","10.08.2026","0011092783","0005284375","10","","S016159","A","C","ZTRD"
"","10","10.08.2026","0011034511","0005284376","10","","SCLADMIN","A","C","ZTRD"
"","20","10.08.2026","0011040235","0005284377","10","","S000837","B","B","ZNTR"
"","10","10.08.2026","0011049614","0005284378","10","","SCLADMIN","A","B","ZTRD"
"","10","10.08.2026","0011037027","0005284379","10","","SCLADMIN","B","C","ZTRD"
"","10","10.08.2026","0011091751","0005284380","10","","SCLADMIN","A","C","ZTRD"
"","10","10.08.2026","0011116435","0005284381","10","","S016159","A","C","ZTRD"
"","20","10.08.2026","0011022572","0005284382","10","","S000837","B","B","ZNTR"
"","10","10.08.2026","0011035418","0005284383","10","","SCLADMIN","D","C","ZTRD"
"","20","10.08.2026","0011019441","0005284384","10","","S000837","B","B","ZNTR"
"","10","10.08.2026","0011008003","0005284385","10","","SCLADMIN","A","B","ZTRD"
"","20","10.08.2026","0011109039","0005284386","10","","S000837","B","B","ZNTR"
"","10","10.08.2026","0011050309","0005284387","10","","SCLADMIN","A","C","ZTRD"
"","20","10.08.2026","0011115041","0005284388","10","","S020688","B","B","ZNTR"
"","20","10.08.2026","0011025363","0005284389","10","","S000837","B","B","ZNTR"
"","10","10.08.2026","0011008003","0005284390","10","","SCLADMIN","A","B","ZTRD"
"","10","10.08.2026","0011116813","0005284391","10","","SCLADMIN","A","B","ZTRD"
"","10","10.08.2026","0011116813","0005284392","10","","SCLADMIN","A","B","ZTRD"
"","20","10.08.2026","0011025363","0005284393","10","","S000837","B","B","ZNTR"
"","10","10.08.2026","0011008003","0005284394","10","","SCLADMIN","A","B","ZTRD"
"","10","10.08.2026","0011037027","0005284395","10","","SCLADMIN","A","C","ZTRD"
"","20","10.08.2026","0011069905","0005284396","10","","S000837","B","B","ZNTR"
"","10","10.08.2026","0011018998","0005284397","10","","S016159","A","C","ZTRD"
"","10","10.08.2026","0011050531","0005284398","10","","SCLADMIN","A","C","ZTRD"
"","20","10.08.2026","0011113916","0005284399","10","","S000837","A","C","ZNTR"
"","10","10.08.2026","0011018982","0005284400","10","","S016159","A","C","ZTRD"
"","10","10.08.2026","0011037027","0005284401","10","","SCLADMIN","B","C","ZTRD"
"","10","10.08.2026","0011050531","0005284402","10","","SCLADMIN","B","B","ZTRD"
"","10","10.08.2026","0011042691","0005284403","10","","SCLADMIN","A","B","ZTRD"
"","10","10.08.2026","0011042541","0005284404","10","","SCLADMIN","A","C","ZTRD"
"","10","10.08.2026","0011037027","0005284405","10","","SCLADMIN","A","C","ZTRD"
"","10","10.08.2026","0011042691","0005284406","10","","SCLADMIN","A","B","ZTRD"
"","10","10.08.2026","0011085362","0005284407","10","","S016159","A","C","ZTRD"
"","10","10.08.2026","0011008750","0005284408","10","","SCLADMIN","A","C","ZTRD"
"","20","10.08.2026","0011068398","0005284409","10","","S020769","","C","ZCCS"
"","20","10.08.2026","0011068398","0005284410","10","","S020769","","C","ZCCS"
"","10","10.08.2026","0011068398","0005284411","10","","S020769","","C","ZCCS"
"","10","10.08.2026","0011068398","0005284412","10","","S020769","","C","ZCCS"
"","10","10.08.2026","0011043514","0005284413","10","","SCLADMIN","A","C","ZTRD"
"","10","10.08.2026","0011043514","0005284414","10","","SCLADMIN","A","C","ZTRD"
"","10","10.08.2026","0011042691","0005284415","10","","SCLADMIN","A","B","ZTRD"
"","10","10.08.2026","0011112935","0005284416","10","","SCLADMIN","B","B","ZTRD"
"","10","10.08.2026","0011043514","0005284417","10","","SCLADMIN","A","C","ZTRD"
"","20","10.08.2026","0011082175","0005284418","20","","S021132","A","B","ZRNT"
"","20","10.08.2026","0013000192","0005284419","50","","S013678","","C","ZSER"
"","20","10.08.2026","0013000878","0005284420","50","","S013678","","C","ZSER"
"","20","10.08.2026","0013000869","0005284421","50","","S013678","","C","ZSER"
"","10","10.08.2026","0011018998","0005284422","10","","S016159","A","C","ZTRD"
"","20","10.08.2026","0013001572","0005284423","50","","S013678","","C","ZSER"
"","20","10.08.2026","0013001359","0005284424","50","","S013678","","C","ZSER"
"","20","10.08.2026","0013001768","0005284425","50","","S013678","","C","ZSER"
"","20","10.08.2026","0013001675","0005284426","50","","S013678","","C","ZSER"
"","20","10.08.2026","0013001613","0005284427","50","","S013678","","C","ZSER"
"","10","10.08.2026","0011006311","0005284428","10","","SCLADMIN","A","B","ZTRD"
"","20","10.08.2026","0013000064","0005284429","50","","S013678","","C","ZSER"
"","10","10.08.2026","0011034511","0005284430","10","","SCLADMIN","A","C","ZTRD"
"","20","10.08.2026","0013000192","0005284431","50","","S013678","","C","ZSER"
"","10","10.08.2026","0011052493","0005284432","10","","SCLADMIN","A","B","ZTRD"
"","10","10.08.2026","0011113894","0005284433","10","","SCLADMIN","A","B","ZTRD"
"","10","10.08.2026","0011006311","0005284434","10","","SCLADMIN","A","B","ZTRD"
"","20","10.08.2026","0013000061","0005284435","50","","S013678","","C","ZSER"
"","20","10.08.2026","0013001768","0005284436","50","","S013678","","C","ZSER"
"","10","10.08.2026","0011050595","0005284437","10","","SCLADMIN","A","C","ZTRD"
"","20","10.08.2026","0013001613","0005284438","50","","S013678","","C","ZSER"
"","20","10.08.2026","0013000064","0005284439","50","","S013678","","C","ZSER"
"","10","10.08.2026","0011048230","0005284440","10","","SCLADMIN","A","C","ZTRD"
"","10","10.08.2026","0011050100","0005284441","10","","SCLADMIN","A","C","ZTRD"
"","20","10.08.2026","0011110487","0005284442","20","","S020629","A","B","ZRNT"
"","10","10.08.2026","0011050100","0005284443","10","","SCLADMIN","A","C","ZTRD"
"","10","10.08.2026","0011105271","0005284444","10","","SCLADMIN","A","B","ZTRD"
"","10","10.08.2026","0011095340","0005284445","10","","SCLADMIN","B","C","ZTRD"
"","20","10.08.2026","0011103027","0005284446","20","","S020629","A","B","ZRNT"
"","10","10.08.2026","0011049322","0005284447","10","","SCLADMIN","A","C","ZTRD"
"","10","10.08.2026","0011095340","0005284448","10","","SCLADMIN","A","C","ZTRD"
"","10","10.08.2026","0011080024","0005284449","10","","SCLADMIN","A","C","ZTRD"
"","10","10.08.2026","0011114416","0005284450","10","","SCLADMIN","A","C","ZTRD"
"","10","10.08.2026","0011049322","0005284451","10","","SCLADMIN","A","C","ZTRD"
"","10","10.08.2026","0011049329","0005284452","10","","SCLADMIN","A","C","ZTRD"
"","10","10.08.2026","0011034511","0005284453","10","","SCLADMIN","A","C","ZTRD"
"","10","10.08.2026","0011081610","0005284454","10","","SCLADMIN","A","C","ZTRD"
"","10","10.08.2026","0011100815","0005284455","10","","SCLADMIN","A","C","ZTRD"
"","10","10.08.2026","0011044823","0005284456","10","","SCLADMIN","A","C","ZTRD"
"","10","10.08.2026","0011034582","0005284457","10","","SCLADMIN","A","C","ZTRD"
"","10","10.08.2026","0011045943","0005284458","10","","SCLADMIN","A","C","ZTRD"
"","10","10.08.2026","0011053459","0005284459","10","","SCLADMIN","A","C","ZTRD"
"","10","10.08.2026","0011031330","0005284460","10","","SCLADMIN","A","B","ZTRD"
"","20","10.08.2026","0011108843","0005284461","20","","S021858","A","B","ZRNT"
"","20","10.08.2026","0011108843","0005284462","20","","S021858","A","B","ZRNT"
"","20","10.08.2026","0011108843","0005284463","20","","S021858","A","B","ZRNT"
"","10","10.08.2026","0011098085","0005284464","10","","SCLADMIN","A","C","ZTRD"
"","10","10.08.2026","0011015691","0005284465","10","","SCLADMIN","A","B","ZTRD"
"","10","10.08.2026","0011015691","0005284466","10","","SCLADMIN","A","B","ZTRD"
"","20","11.08.2026","0011110773","0005284467","20","","S021132","B","B","ZRCB"
"","10","11.08.2026","0011019002","0005284468","10","","SCLADMIN","A","C","ZTRD"
"","10","11.08.2026","0011034511","0005284469","10","","SCLADMIN","A","C","ZTRD"
"","10","11.08.2026","0011045778","0005284470","10","","SCLADMIN","A","B","ZTRD"
"","10","11.08.2026","0011091717","0005284471","10","","SCLADMIN","A","C","ZTRD"
"","20","11.08.2026","0011103783","0005284472","20","","S021132","A","B","ZRNT"
"","10","11.08.2026","0011050309","0005284473","10","","SCLADMIN","A","C","ZTRD"
"","10","11.08.2026","0011016651","0005284474","10","","SCLADMIN","A","C","ZTRD"
"","10","11.08.2026","0011019754","0005284475","10","","SCLADMIN","A","C","ZTRD"
"","10","11.08.2026","0011016651","0005284476","10","","SCLADMIN","A","B","ZTRD"
"","10","11.08.2026","0011091717","0005284477","10","","SCLADMIN","A","B","ZTRD"
"","10","11.08.2026","0011093013","0005284478","10","","SCLADMIN","B","B","ZTRD"
"","10","12.08.2026","0011020993","0005284479","10","","RVSD01","D","C","ZTRD"
"","20","13.08.2026","0011108399","0005284480","10","","S019423","B","B","ZNTR"
"","10","13.08.2026","0011018256","0005284481","10","","S019423","D","B","ZTRD"
"","20","13.08.2026","0011116033","0005284482","10","","RVSD04","A","B","ZNTR"
"","10","14.08.2026","0011020993","0005284483","10","","RVSD01","D","C","ZTRD"
"","20","17.08.2026","0011096081","0005284484","10","","S019423","B","B","ZNTR"
"","20","17.08.2026","0011114235","0005284485","20","","S020191","D","B","ZRNT"
"","20","17.08.2026","0011096081","0005284486","10","","S019423","B","B","ZNTR"
"","20","17.08.2026","0011096081","0005284487","10","","S019423","B","B","ZNTR"
"","20","17.08.2026","0011096081","0005284488","10","","RVSD02","B","B","ZNTR"
"","20","17.08.2026","0011096081","0005284489","10","","RVSD02","B","B","ZNTR"
"","20","17.08.2026","0011096081","0005284490","10","","RVSD02","B","B","ZNTR"
"","20","17.08.2026","0011096081","0005284491","10","","RVSD02","B","B","ZNTR"
"","20","17.08.2026","0011096081","0005284492","10","","S019551","B","B","ZNTR"
"","20","17.08.2026","0011096081","0005284493","10","","S019551","B","B","ZNTR"
"","20","17.08.2026","0011096081","0005284494","10","","S019551","B","B","ZNTR"
"","20","17.08.2026","0011096081","0005284495","10","","S019551","B","B","ZNTR"
"","20","17.08.2026","0011096081","0005284496","10","","S019551","B","B","ZNTR"
"","20","17.08.2026","0011096081","0005284497","10","","RVSD01","D","C","ZNTR"
"","20","18.08.2026","0011096081","0005284498","10","","S019551","B","B","ZNTR"
"","10","18.08.2026","0011117159","0005284499","10","","SCLADMIN","","A","ZTRD"
"","10","18.08.2026","0011117159","0005284500","10","","SCLADMIN","","C","ZTRD"
"","10","18.08.2026","0011025121","0005284501","10","","SCLADMIN","B","B","ZTRD"
"","10","18.08.2026","0011025121","0005284502","10","","SCLADMIN","B","B","ZTRD"
"","10","18.08.2026","0011025121","0005284503","10","","SCLADMIN","B","B","ZTRD"
"","10","18.08.2026","0011025121","0005284504","10","","SCLADMIN","B","B","ZTRD"
"","20","18.08.2026","0011096081","0005284505","10","","RVABAP03","B","B","ZNTR"
"","10","18.08.2026","0011041881","0005284506","10","","S024327","A","B","ZTRD"
"","20","18.08.2026","0011096081","0005284507","10","","RVABAP03","B","B","ZNTR"
"","20","18.08.2026","0011096081","0005284508","10","","RVABAP03","B","B","ZNTR"
"","20","19.08.2026","0011073094","0005284509","16","","RVSD04","","C","ZNT1"
"","20","19.08.2026","0011073094","0005284510","16","","RVSD04","","C","ZNT1"
"","20","19.08.2026","0011091393","0005284511","10","","RVSD01","A","B","ZNTR"
"","20","19.08.2026","0011111909","0005284512","10","","RVABAP01","D","B","ZNTR"
"","10","19.08.2026","0011025121","0005284513","10","","SCLADMIN","B","B","ZTRD"
"","20","19.08.2026","0011096081","0005284514","10","","RVSD02","B","B","ZNTR"
"","20","19.08.2026","0011096081","0005284515","10","","RVSD02","B","B","ZNTR"
"","20","19.08.2026","0011115041","0005284516","10","","S019423","B","B","ZNTR"
"","20","19.08.2026","0011073094","0005284517","16","","RVABAP01","","C","ZNT1"
"","20","19.08.2026","0011073094","0005284518","16","","RVABAP01","","C","ZNT1"
"","20","19.08.2026","0011073094","0005284519","16","","RVABAP01","","C","ZNT1"
"","20","19.08.2026","0011073094","0005284520","16","","RVABAP01","","","ZNT1"
"","20","19.08.2026","0011096081","0005284521","10","","RVSD02","B","B","ZNTR"
"","10","19.08.2026","0011047612","0005284522","10","","RVSD01","A","C","ZTRD"
"","99","20.08.2026","0013000737","0005284523","10","","S019423","","C","ZSDN"
"","99","20.08.2026","0013000737","0005284524","10","","S019423","","C","ZSDN"
"","99","20.08.2026","0013001489","0005284525","10","","S019423","","C","ZSDN"
"","99","20.08.2026","0013000635","0005284526","10","","S019423","","C","ZSDN"
"","99","20.08.2026","0013000740","0005284527","10","","S019423","","C","ZSDN"
"","99","20.08.2026","0013001480","0005284528","10","","S019423","","C","ZSDN"
"","99","20.08.2026","0013000740","0005284529","10","","S019423","","C","ZSDN"
"","99","20.08.2026","0013000740","0005284530","10","","S019423","","C","ZSDN"
"","99","20.08.2026","0013000635","0005284531","10","","S019423","","C","ZSDN"
"","99","20.08.2026","0013000737","0005284532","10","","S019423","","C","ZSDN"
"","99","20.08.2026","0013000737","0005284533","10","","S019423","","C","ZSDN"
"","99","20.08.2026","0013000635","0005284534","10","","S019423","","C","ZSDN"
"","99","20.08.2026","0013000740","0005284535","10","","S019423","","C","ZSDN"
"","20","20.08.2026","0011024654","0005284536","10","","S019423","D","C","ZNTR"
"","20","20.08.2026","0011096081","0005284537","10","","RVSD02","B","B","ZNTR"
"","20","20.08.2026","0011096081","0005284538","10","","S019551","B","B","ZNTR"
"","20","20.08.2026","0011096081","0005284539","10","","S019551","B","B","ZNTR"
"","20","20.08.2026","0011096081","0005284540","10","","S019551","B","B","ZNTR"
"","20","20.08.2026","0011096081","0005284541","10","","S019551","D","B","ZNTR"
"","10","20.08.2026","0011047612","0005284542","10","","RVSD01","A","B","ZTRD"
"","20","20.08.2026","0011096081","0005284543","10","","S019423","D","B","ZNTR"
"","20","20.08.2026","0011108382","0005284544","10","","S019423","D","B","ZNTR"
"","20","20.08.2026","0011096081","0005284545","10","","S019423","B","B","ZNTR"
"","10","20.08.2026","0011047612","0005284546","10","","S019423","A","B","ZTRD"
"","10","20.08.2026","0011047612","0005284547","10","","S019423","A","B","ZTRD"
"","10","21.08.2026","0011052174","0005284548","10","","S019423","D","B","ZTRD"
"","10","21.08.2026","0011020993","0005284549","10","","RVSD01","D","C","ZTRD"
"","10","21.08.2026","0011020993","0005284550","10","","RVSD01","D","C","ZTRD"
"","10","21.08.2026","0011052174","0005284551","10","","S019423","A","B","ZTRD"
"","20","21.08.2026","0011096081","0005284552","10","","S019423","D","B","ZNTR"
"","20","21.08.2026","0011096081","0005284553","10","","S019423","D","B","ZNTR"
"","20","21.08.2026","0011096081","0005284554","10","","S019423","D","B","ZNTR"
"","20","21.08.2026","0011096081","0005284555","10","","S019551","D","B","ZNTR"
"","20","21.08.2026","0011096081","0005284556","10","","S019551","D","B","ZNTR"
"","20","21.08.2026","0011107839","0005284557","10","","RVSD01","D","C","ZNTR"
"","20","21.08.2026","0011096081","0005284558","10","","S019551","D","B","ZNTR"
"","10","21.08.2026","0011093785","0005284559","10","","RVSD04","B","C","ZTRD"
"","20","22.08.2026","0011096081","0005284560","10","","S019551","B","B","ZNTR"
"","20","22.08.2026","0011096081","0005284561","10","","S019551","B","B","ZNTR"
"","20","22.08.2026","0011096081","0005284562","10","","S019551","B","B","ZNTR"
"","20","22.08.2026","0011096081","0005284563","10","","S019551","B","B","ZNTR"
"","20","22.08.2026","0011096081","0005284564","10","","S019551","B","B","ZNTR"
"","20","22.08.2026","0011096081","0005284565","10","","S019551","B","B","ZNTR"
"","10","24.08.2026","0011093785","0005284566","10","","RVSD04","D","C","ZTRD"
"","20","24.08.2026","0011116033","0005284567","10","","RVSD04","A","B","ZNTR"
"","10","24.08.2026","0011025121","0005284568","10","","S019423","D","B","ZTRD"
"","20","24.08.2026","0011115041","0005284569","10","","S019423","D","B","ZNTR"
"","10","24.08.2026","0011017787","0005284570","10","","S019423","A","B","ZTRD"
"","10","24.08.2026","0011052174","0005284571","10","","S002039","A","B","ZTRD"
"","10","25.08.2026","0011025121","0005284572","10","","SCLADMIN","B","B","ZTRD"
"","10","25.08.2026","0011025121","0005284573","10","","SCLADMIN","B","B","ZTRD"
"","10","25.08.2026","0011025121","0005284574","10","","SCLADMIN","B","B","ZTRD"
"","10","25.08.2026","0011025121","0005284575","10","","SCLADMIN","B","B","ZTRD"
"","10","25.08.2026","0011029008","0005284576","10","","SCLADMIN","A","B","ZTRD"
"","10","25.08.2026","0011029008","0005284577","10","","SCLADMIN","A","B","ZTRD"
"","99","25.08.2026","0013000714","0005284578","10","","S019423","","C","ZSDN"
"","99","25.08.2026","0013000714","0005284579","10","","S019423","","C","ZSDN"
"","99","25.08.2026","0013000714","0005284580","10","","S019423","","C","ZSDN"
"","99","25.08.2026","0013000714","0005284581","10","","S019423","","C","ZSDN"
"","99","25.08.2026","0013000331","0005284582","10","","S019423","","C","ZSDN"
"","99","25.08.2026","0013000331","0005284583","10","","NVLDEV10","","C","ZSDN"
"","99","25.08.2026","0013000331","0005284584","10","","S019423","","C","ZSDN"
"","99","25.08.2026","0013001065","0005284585","10","","S019423","","C","ZSDN"
"","99","25.08.2026","0013000730","0005284586","10","","S019423","","C","ZSDN"
"","20","25.08.2026","0011096081","0005284587","10","","S019551","B","B","ZNTR"
"","20","25.08.2026","0011096081","0005284588","10","","S019423","D","B","ZNTR"
"","20","25.08.2026","0011096081","0005284589","10","","S019423","B","B","ZNTR"
"","10","25.08.2026","0011041881","0005284590","10","","SCLADMIN","A","C","ZTRD"
"","10","25.08.2026","0011025121","0005284591","10","","SCLADMIN","B","B","ZTRD"
"","99","25.08.2026","0013001417","0005284592","10","","S018965","","C","ZSDN"
"","99","25.08.2026","0013001417","0005284593","10","","S018965","","C","ZSDN"
"","99","25.08.2026","0013001417","0005284594","10","","S018965","","C","ZSDN"
"","99","25.08.2026","0013001417","0005284595","10","","S018965","","C","ZSDN"
"","99","25.08.2026","0013001417","0005284596","10","","S018965","","C","ZSDN"
"","99","25.08.2026","0013001417","0005284597","10","","S018965","","C","ZSDN"
"","99","25.08.2026","0013001417","0005284598","10","","S018965","","C","ZSDN"
"","99","25.08.2026","0013001417","0005284599","10","","S018965","","C","ZSDN"
"","10","25.08.2026","0011031330","0005284600","10","","S019423","A","B","ZTRD"
"","10","25.08.2026","0011033229","0005284601","10","","S019423","D","B","ZTRD"
"","10","25.08.2026","0011027185","0005284602","10","","S019423","D","B","ZTRD"
"","10","25.08.2026","0011051729","0005284603","10","","S019423","D","B","ZTRD"
"","10","25.08.2026","0011036245","0005284604","10","","S019423","D","B","ZTRD"
"","10","26.08.2026","0011047612","0005284605","10","","RVSD01","D","C","ZTRD"
"","20","26.08.2026","0011109465","0005284606","10","","S019423","B","B","ZNTR"
"","20","26.08.2026","0011083376","0005284607","10","","S019423","B","C","ZNTR"
"","10","26.08.2026","0011047612","0005284608","10","","RVMM04","D","B","ZTRD"
"","99","26.08.2026","0013000730","0005284609","10","","S019423","","C","ZSDN"
"","20","26.08.2026","0011096081","0005284610","10","","S019551","D","B","ZNTR"
"","20","26.08.2026","0011083376","0005284611","10","","S019551","B","B","ZNTR"
"","20","26.08.2026","0011083376","0005284612","10","","S019551","D","B","ZNTR"
"","20","26.08.2026","0011096081","0005284613","10","","S019551","D","B","ZNTR"
"","20","26.08.2026","0011096081","0005284614","10","","S019551","B","B","ZNTR"
"","10","26.08.2026","0011047612","0005284615","10","","RVSD02","D","C","ZTRD"
"","10","26.08.2026","0011016096","0005284616","10","","SCLADMIN","A","B","ZTRD"
"","10","26.08.2026","0011015792","0005284617","10","","RVSD04","A","B","ZTRD"
"","99","26.08.2026","0013001417","0005284618","10","","S019423","","C","ZSDN"
"","10","26.08.2026","0011027185","0005284619","10","","S019423","D","C","ZTRD"
"","10","26.08.2026","0011051729","0005284620","10","","S019423","D","B","ZTRD"
"","10","26.08.2026","0011036245","0005284621","10","","S019423","D","B","ZTRD"
"","10","26.08.2026","0011033229","0005284622","10","","S019423","D","B","ZTRD"
"","10","26.08.2026","0011047612","0005284623","10","","RVSD04","D","B","ZTRD"
"","10","27.08.2026","0011047612","0005284624","10","","RVSD04","D","B","ZTRD"
"","99","27.08.2026","0013001417","0005284625","10","","S019423","","C","ZSDN"
"","10","27.08.2026","0011039111","0005284626","10","","S019423","A","B","ZTRD"
"","10","27.08.2026","0011097373","0005284627","10","","S019423","A","B","ZTRD"
"","20","27.08.2026","0011040990","0005284628","10","","S019423","D","B","ZNTR"
"","10","27.08.2026","0011047612","0005284629","10","","RVMM04","D","B","ZTRD"
"","99","27.08.2026","0013001417","0005284630","10","","S018965","","C","ZSDN"
"","99","27.08.2026","0013001417","0005284631","10","","S018965","","C","ZSDN"
"","99","27.08.2026","0013001417","0005284632","10","","S018965","","C","ZSDN"
"","99","27.08.2026","0013001417","0005284633","10","","S018965","","C","ZSDN"
"","99","27.08.2026","0013001417","0005284634","10","","S018965","","C","ZSDN"
"","10","27.08.2026","0011047612","0005284635","10","","RVSD04","D","B","ZTRD"
"","20","29.08.2026","0011068398","0005284636","10","","S019423","","C","ZCCS"
"","99","29.08.2026","0013000537","0005284637","10","","S018965","","C","ZSDN"
"","99","29.08.2026","0013000537","0005284638","10","","S018965","","C","ZSDN"
"","99","29.08.2026","0013000537","0005284639","10","","S018965","","C","ZSDN"
"","99","29.08.2026","0013000537","0005284640","10","","S018965","","C","ZSDN"
"","99","29.08.2026","0013000537","0005284641","10","","S018965","","C","ZSDN"
"","99","29.08.2026","0013000537","0005284642","10","","S018965","","C","ZSDN"
"","99","29.08.2026","0013000537","0005284643","10","","S018965","","C","ZSDN"
"","99","29.08.2026","0013000537","0005284644","10","","S018965","","C","ZSDN"
"","99","29.08.2026","0013000537","0005284645","10","","S018965","","C","ZSDN"
"","99","29.08.2026","0013000537","0005284646","10","","S018965","","C","ZSDN"
"","99","29.08.2026","0013000537","0005284647","10","","S018965","","C","ZSDN"
"","99","29.08.2026","0013000537","0005284648","10","","S018965","","C","ZSDN"
"","99","29.08.2026","0013000537","0005284649","10","","S018965","","C","ZSDN"
"","99","29.08.2026","0013000537","0005284650","10","","S018965","","C","ZSDN"
"","99","29.08.2026","0013000537","0005284651","10","","S018965","","C","ZSDN"
"","99","29.08.2026","0013000537","0005284652","10","","S018965","","C","ZSDN"
"","10","31.08.2026","0011018310","0005284653","10","","RVSD04","A","B","ZTRD"
"","20","31.08.2026","0011113038","0005284654","20","","RVABAP02","B","B","ZRNT"
"","10","31.08.2026","0011084730","0005284655","10","","S019957","","A","ZCCS"
"","99","31.08.2026","0013001417","0005284656","10","","S019423","","C","ZSDN"
"","20","31.08.2026","0011113615","0005284657","20","","RVSD01","B","B","ZRNT"
"","99","01.09.2026","0013001417","0005284658","10","","S019423","","C","ZSDN"
"","20","02.09.2026","0011090680","0005284659","10","","S019423","B","B","ZNTR"
"","20","02.09.2026","0011063429","0005284660","10","","S019423","B","B","ZNTR"
"","20","02.09.2026","0011034612","0005284661","10","","S019423","A","B","ZNTR"
"","20","02.09.2026","0011034612","0005284662","10","","S019423","A","B","ZNTR"
"","20","02.09.2026","0011096081","0005284663","10","","S019423","B","B","ZNTR"
"","20","02.09.2026","0011096081","0005284664","10","","S019423","B","B","ZNTR"
"","20","02.09.2026","0011096081","0005284665","10","","S019423","B","B","ZNTR"
"","20","03.09.2026","0011096081","0005284666","10","","S019423","B","B","ZNTR"
"","10","03.09.2026","0011025121","0005284667","10","","SCLADMIN","B","B","ZTRD"
"","99","03.09.2026","0013001417","0005284668","10","","S019423","","C","ZSDN"
"","10","03.09.2026","0011025121","0005284669","10","","SCLADMIN","B","B","ZTRD"
"","20","03.09.2026","0011080640","0005284670","20","","RVSD01","B","C","ZRNT"
"","10","03.09.2026","0011025121","0005284671","10","","SCLADMIN","","","ZTRD"
"","10","03.09.2026","0011025121","0005284672","10","","SCLADMIN","","","ZTRD"
"","10","03.09.2026","0011025121","0005284673","10","","SCLADMIN","","","ZTRD"
"","10","03.09.2026","0011025121","0005284674","10","","SCLADMIN","","","ZTRD"
"","10","03.09.2026","0011025121","0005284675","10","","SCLADMIN","B","B","ZTRD"
"","10","03.09.2026","0011025121","0005284676","10","","SCLADMIN","B","B","ZTRD"
"","10","03.09.2026","0011025121","0005284677","10","","SCLADMIN","","","ZTRD"
"","10","03.09.2026","0011025121","0005284678","10","","SCLADMIN","B","B","ZTRD"
"","10","03.09.2026","0011019734","0005284679","10","","SCLADMIN","B","B","ZTRD"
"","20","03.09.2026","0011096081","0005284680","10","","S019423","B","B","ZNTR"
"","20","03.09.2026","0011096081","0005284681","10","","S019423","B","B","ZNTR"
"","20","03.09.2026","0011096081","0005284682","10","","S019423","B","B","ZNTR"
"","20","03.09.2026","0011096081","0005284683","10","","S019423","B","B","ZNTR"
"","20","03.09.2026","0011096081","0005284684","10","","S019423","B","B","ZNTR"
"","20","03.09.2026","0011096081","0005284685","10","","S019423","D","B","ZNTR"
"","20","03.09.2026","0011096081","0005284686","10","","S019423","B","B","ZNTR"
"","20","03.09.2026","0011080640","0005284687","20","","S021007","B","B","ZRNT"
"","20","03.09.2026","0011096081","0005284688","10","","S019423","D","B","ZNTR"
"","10","03.09.2026","0011019734","0005284689","10","","S019423","B","C","ZTRD"
"","20","03.09.2026","0011096081","0005284690","10","","RVSD02","B","B","ZNTR"
"","20","03.09.2026","0011096081","0005284691","10","","RVSD02","B","B","ZNTR"
"","20","03.09.2026","0011096081","0005284692","10","","RVABAP03","D","B","ZNTR"
"","20","04.09.2026","0011096081","0005284693","10","","S019551","D","C","ZNTR"
"","10","04.09.2026","0011025121","0005284694","10","","SCLADMIN","B","B","ZTRD"
"","20","04.09.2026","0011096081","0005284695","10","","S019551","D","B","ZNTR"
"","20","04.09.2026","0011096081","0005284696","10","","S019551","D","B","ZNTR"
"","20","04.09.2026","0011096081","0005284697","10","","S019551","D","B","ZNTR"
"","20","04.09.2026","0011034612","0005284698","10","","S019551","D","B","ZNTR"
"","20","04.09.2026","0011096081","0005284699","10","","S019551","B","B","ZNTR"
"","20","04.09.2026","0011096081","0005284700","10","","S019551","B","B","ZNTR"
"","20","04.09.2026","0011063429","0005284701","10","","S019551","B","B","ZNTR"
"","20","04.09.2026","0011096081","0005284702","10","","S019551","B","B","ZNTR"
"","20","04.09.2026","0011090680","0005284703","10","","S019551","B","B","ZNTR"
"","20","04.09.2026","0011096081","0005284704","10","","S019551","B","B","ZNTR"
"","20","04.09.2026","0011034612","0005284705","10","","S019551","B","B","ZNTR"
"","20","04.09.2026","0011063429","0005284706","10","","S019551","B","B","ZNTR"
"","10","04.09.2026","0011025121","0005284707","10","","SCLADMIN","B","B","ZTRD"
"","20","04.09.2026","0011096081","0005284708","10","","S019551","B","B","ZNTR"
"","20","04.09.2026","0011096081","0005284709","10","","S019551","B","B","ZNTR"
"","20","04.09.2026","0011096081","0005284710","10","","S019423","D","B","ZNTR"
"","10","04.09.2026","0011016202","0005284711","10","","S019423","D","B","ZTRD"
"","20","04.09.2026","0011080640","0005284712","20","","RVSD01","B","B","ZRNT"
"","20","04.09.2026","0011080640","0005284713","20","","RVSD01","B","B","ZRNT"
"","20","04.09.2026","0011071693","0005284714","10","","S019551","D","B","ZNTR"
"","10","04.09.2026","0011042153","0005284715","10","","S019423","A","B","ZTRD"
"","20","04.09.2026","0011096081","0005284716","10","","S019423","D","B","ZNTR"
"","20","04.09.2026","0011096081","0005284717","10","","S019423","B","B","ZNTR"
"","20","04.09.2026","0011090680","0005284718","10","","RVABAP01","B","B","ZNTR"
"","20","07.09.2026","0011109495","0005284719","10","","S019423","B","B","ZNTR"
"","20","07.09.2026","0011020643","0005284720","10","","RVSD01","D","C","ZNTR"
"","20","07.09.2026","0011113615","0005284721","20","","RVSD01","B","B","ZRNT"
"","20","07.09.2026","0011080640","0005284722","20","","S021007","B","B","ZRNT"
"","20","07.09.2026","0011107916","0005284723","10","","RVSD01","D","C","ZNTR"
"","10","07.09.2026","0011025121","0005284724","10","","SCLADMIN","B","B","ZTRD"
"","10","07.09.2026","0011025121","0005284725","10","","SCLADMIN","B","B","ZTRD"
"","10","08.09.2026","0011025121","0005284726","10","","SCLADMIN","B","B","ZTRD"
"","20","08.09.2026","0011096081","0005284727","10","","S019423","B","B","ZNTR"
"","20","08.09.2026","0011109495","0005284728","10","","S019423","A","B","ZNTR"
"","20","08.09.2026","0011096081","0005284729","10","","S024327","B","B","ZNTR"
"","20","08.09.2026","0011109495","0005284730","10","","S024327","A","B","ZNTR"
"","20","08.09.2026","0011109495","0005284731","10","","S019423","A","B","ZNTR"
"","20","08.09.2026","0011096081","0005284732","10","","S019423","B","B","ZNTR"
"","20","08.09.2026","0011096081","0005284733","10","","S019423","D","C","ZNTR"
"","10","08.09.2026","0011040103","0005284734","10","","SCLADMIN","B","B","ZTRD"
"","10","08.09.2026","0011040103","0005284735","10","","SCLADMIN","B","B","ZTRD"
"","10","08.09.2026","0011025121","0005284736","10","","SCLADMIN","B","B","ZTRD"
"","10","09.09.2026","0011025121","0005284737","10","","SCLADMIN","B","B","ZTRD"
"","10","09.09.2026","0011047612","0005284738","10","","RVMM04","D","B","ZTRD"
"","10","09.09.2026","0011025121","0005284739","10","","SCLADMIN","B","B","ZTRD"
"","10","09.09.2026","0011025121","0005284740","10","","SCLADMIN","B","B","ZTRD"
"","10","09.09.2026","0011026901","0005284741","10","","SCLADMIN","B","B","ZTRD"
"","10","09.09.2026","0011026901","0005284742","10","","SCLADMIN","B","B","ZTRD"
"","10","09.09.2026","0011017787","0005284743","10","","S019423","B","B","ZTRD"
"","10","09.09.2026","0011089594","0005284744","10","","SCLADMIN","A","B","ZTRD"
"","10","09.09.2026","0011040103","0005284745","10","","SCLADMIN","B","B","ZTRD"
"","10","09.09.2026","0011040103","0005284746","10","","SCLADMIN","B","C","ZTRD"
"","20","10.09.2026","0011091461","0005284747","10","","S019423","A","B","ZNTR"
"","10","10.09.2026","0011039031","0005284748","10","","RVSD04","D","B","ZTRD"
"","10","10.09.2026","0011047612","0005284749","10","","RVMM04","D","B","ZTRD"
"","20","10.09.2026","0011096081","0005284750","10","","S019423","B","B","ZNTR"
"","10","10.09.2026","0011045134","0005284751","10","","S019423","D","B","ZTRD"
"","10","10.09.2026","0011044956","0005284752","10","","S019423","D","B","ZTRD"
"","10","10.09.2026","0011037428","0005284753","10","","S019423","D","B","ZTRD"
"","10","10.09.2026","0011101498","0005284754","10","","S019423","D","B","ZTRD"
"","10","10.09.2026","0011101498","0005284755","10","","S019423","D","B","ZTRD"
"","10","10.09.2026","0011096700","0005284756","10","","S019423","D","B","ZTRD"
"","10","10.09.2026","0011088291","0005284757","10","","S019423","D","B","ZTRD"
"","10","10.09.2026","0011042353","0005284758","10","","S019423","D","B","ZTRD"
"","10","10.09.2026","0011027143","0005284759","10","","S019423","D","B","ZTRD"
"","10","10.09.2026","0011015792","0005284760","10","","S019423","B","C","ZTRD"
"","20","10.09.2026","0011107916","0005284761","10","","RVSD01","D","C","ZNTR"
"","20","10.09.2026","0011116116","0005284762","16","","RVSD04","","C","ZNT1"
"","10","10.09.2026","0011089594","0005284763","10","","SCLADMIN","A","B","ZTRD"
"","20","10.09.2026","0011070013","0005284764","10","","S019423","D","B","ZNTR"
"","20","10.09.2026","0011070013","0005284765","10","","S019423","D","B","ZNTR"
"","20","10.09.2026","0011072200","0005284766","10","","S019423","D","B","ZNTR"
"","20","10.09.2026","0011116116","0005284767","16","","RVABAP01","","C","ZNT1"
"","10","10.09.2026","0011089594","0005284768","10","","SCLADMIN","A","B","ZTRD"
"","20","11.09.2026","0011116116","0005284769","16","","RVSD04","","C","ZNT1"
"","20","11.09.2026","0011100278","0005284770","10","","S019423","D","B","ZNTR"
"","10","11.09.2026","0011052680","0005284771","10","","S019423","D","B","ZTRD"
"","10","11.09.2026","0011027143","0005284772","10","","S019423","D","B","ZTRD"
"","10","11.09.2026","0011015792","0005284773","10","","S019423","D","C","ZTRD"
"","10","11.09.2026","0011093773","0005284774","10","","SCLADMIN","A","B","ZTRD"
"","10","11.09.2026","0011026901","0005284775","10","","SCLADMIN","D","B","ZTRD"
"","10","11.09.2026","0011018596","0005284776","10","","S019423","B","B","ZTRD"
"","10","11.09.2026","0011026901","0005284777","10","","SCLADMIN","B","B","ZTRD"
"","10","11.09.2026","0011026901","0005284778","10","","SCLADMIN","B","B","ZTRD"
"","10","11.09.2026","0011026901","0005284779","10","","SCLADMIN","D","B","ZTRD"
"","10","11.09.2026","0011026901","0005284780","10","","SCLADMIN","D","B","ZTRD"
"","10","11.09.2026","0011035697","0005284781","10","","RVSD04","B","B","ZTRD"
"","10","11.09.2026","0011015941","0005284782","10","","SCLADMIN","B","B","ZTRD"
"","10","11.09.2026","0011026901","0005284783","10","","SCLADMIN","B","B","ZTRD"
"","10","11.09.2026","0011026901","0005284784","10","","SCLADMIN","B","B","ZTRD"
"","10","11.09.2026","0011026901","0005284785","10","","SCLADMIN","B","B","ZTRD"
"","10","11.09.2026","0011026901","0005284786","10","","SCLADMIN","B","B","ZTRD"
"","10","11.09.2026","0011026901","0005284787","10","","SCLADMIN","B","B","ZTRD"
"","10","11.09.2026","0011026901","0005284788","10","","SCLADMIN","B","B","ZTRD"
"","10","12.09.2026","0011015941","0005284789","10","","SCLADMIN","B","B","ZTRD"
"","10","12.09.2026","0011020670","0005284790","10","","SCLADMIN","B","B","ZTRD"
"","10","12.09.2026","0011019734","0005284791","10","","SCLADMIN","B","B","ZTRD"
"","10","12.09.2026","0011019734","0005284792","10","","SCLADMIN","B","B","ZTRD"
"","10","12.09.2026","0011019734","0005284793","10","","SCLADMIN","B","B","ZTRD"
"","10","12.09.2026","0011026901","0005284794","10","","SCLADMIN","D","B","ZTRD"
"","10","12.09.2026","0011026901","0005284795","10","","SCLADMIN","D","B","ZTRD"
"","10","12.09.2026","0011026901","0005284796","10","","SCLADMIN","D","B","ZTRD"
"","10","12.09.2026","0011026901","0005284797","10","","SCLADMIN","D","B","ZTRD"
"","10","12.09.2026","0011026901","0005284798","10","","SCLADMIN","D","B","ZTRD"
"","10","12.09.2026","0011026901","0005284799","10","","SCLADMIN","D","B","ZTRD"
"","10","12.09.2026","0011026901","0005284800","10","","SCLADMIN","D","B","ZTRD"
"","10","12.09.2026","0011026901","0005284801","10","","SCLADMIN","D","B","ZTRD"
"","10","12.09.2026","0011026901","0005284802","10","","SCLADMIN","D","B","ZTRD"
"","10","12.09.2026","0011026901","0005284803","10","","SCLADMIN","D","B","ZTRD"
"","10","12.09.2026","0011093773","0005284804","10","","SCLADMIN","D","B","ZTRD"
"","10","12.09.2026","0011093773","0005284805","10","","SCLADMIN","D","B","ZTRD"
"","10","12.09.2026","0011026901","0005284806","10","","SCLADMIN","D","B","ZTRD"
"","10","12.09.2026","0011026901","0005284807","10","","SCLADMIN","D","B","ZTRD"
"","10","12.09.2026","0011026901","0005284808","10","","SCLADMIN","D","B","ZTRD"
"","10","12.09.2026","0011026901","0005284809","10","","SCLADMIN","D","B","ZTRD"
"","10","12.09.2026","0011026901","0005284810","10","","SCLADMIN","D","B","ZTRD"
"","10","12.09.2026","0011026901","0005284811","10","","SCLADMIN","D","B","ZTRD"
"","10","12.09.2026","0011026901","0005284812","10","","SCLADMIN","D","B","ZTRD"
"","10","12.09.2026","0011026901","0005284813","10","","SCLADMIN","D","B","ZTRD"
"","10","12.09.2026","0011026901","0005284814","10","","SCLADMIN","D","B","ZTRD"
"","10","14.09.2026","0011113536","0005284815","10","","S019423","D","B","ZTRD"
"","10","14.09.2026","0011113536","0005284816","10","","S019423","D","B","ZTRD"
"","10","14.09.2026","0011113536","0005284817","10","","S019423","D","B","ZTRD"
"","10","14.09.2026","0011027444","0005284818","10","","S019423","D","B","ZTRD"
"","20","14.09.2026","0011070542","0005284819","10","","S019423","D","B","ZNTR"
"","20","14.09.2026","0011070542","0005284820","10","","S019423","D","B","ZNTR"
"","20","14.09.2026","0011028686","0005284821","10","","S019423","D","B","ZNTR"
"","20","14.09.2026","0011028686","0005284822","10","","S019423","D","B","ZNTR"
"","20","14.09.2026","0011116116","0005284823","16","","RVSD04","","C","ZNT1"
"","20","14.09.2026","0011116116","0005284824","16","","RVSD04","","A","ZNT1"
"","10","14.09.2026","0011006951","0005284825","10","","S019423","D","B","ZTRD"
"","10","14.09.2026","0011041484","0005284826","10","","S019423","D","B","ZTRD"
"","10","14.09.2026","0011041630","0005284827","10","","S019423","D","B","ZTRD"
"","10","14.09.2026","0011091718","0005284828","10","","S019423","D","B","ZTRD"
"","20","14.09.2026","0011096081","0005284829","10","","S019423","B","B","ZNTR"
"","10","14.09.2026","0011109637","0005284830","10","","S019423","B","B","ZTRD"
"","99","14.09.2026","0013001417","0005284831","10","","S019423","","C","ZSDN"
"","20","14.09.2026","0011059440","0005284832","19","","S019423","","C","ZSTS"
"","20","14.09.2026","0013000439","0005284833","19","","S019423","","C","ZSTS"
"","20","14.09.2026","0011016114","0005284834","10","","S019423","D","B","ZNTR"
"","20","14.09.2026","0011114277","0005284835","10","","S019423","D","B","ZNTR"
"","20","14.09.2026","0011110577","0005284836","10","","S019423","D","B","ZNTR"
"","20","14.09.2026","0011096202","0005284837","10","","S019423","D","B","ZNTR"
"","10","15.09.2026","0011026901","0005284838","10","","SCLADMIN","B","B","ZTRD"
"","10","15.09.2026","0011026901","0005284839","10","","SCLADMIN","B","B","ZTRD"
"","20","15.09.2026","0011096081","0005284840","10","","S019551","B","B","ZNTR"
"","10","15.09.2026","0011026901","0005284841","10","","SCLADMIN","B","B","ZTRD"
"","20","15.09.2026","0011096081","0005284842","10","","S019551","B","B","ZNTR"
"","10","15.09.2026","0011026901","0005284843","10","","SCLADMIN","B","B","ZTRD"
"","10","15.09.2026","0011026901","0005284844","10","","SCLADMIN","B","B","ZTRD"
"","10","15.09.2026","0011026901","0005284845","10","","SCLADMIN","B","B","ZTRD"
"","10","15.09.2026","0011093773","0005284846","10","","SCLADMIN","A","B","ZTRD"
"","10","15.09.2026","0011093773","0005284847","10","","SCLADMIN","A","B","ZTRD"
"","10","15.09.2026","0011026901","0005284848","10","","SCLADMIN","B","B","ZTRD"
"","10","15.09.2026","0011026901","0005284849","10","","SCLADMIN","B","B","ZTRD"
"","10","15.09.2026","0011026901","0005284850","10","","SCLADMIN","B","B","ZTRD"
"","10","15.09.2026","0011026901","0005284851","10","","SCLADMIN","B","B","ZTRD"
"","10","15.09.2026","0011026901","0005284852","10","","SCLADMIN","B","B","ZTRD"
"","10","15.09.2026","0011093773","0005284853","10","","SCLADMIN","A","B","ZTRD"
"","10","15.09.2026","0011093773","0005284854","10","","SCLADMIN","A","B","ZTRD"
"","10","15.09.2026","0011093773","0005284855","10","","SCLADMIN","A","B","ZTRD"
"","10","15.09.2026","0011093773","0005284856","10","","SCLADMIN","A","B","ZTRD"
"","10","15.09.2026","0011093773","0005284857","10","","SCLADMIN","A","B","ZTRD"
"","10","15.09.2026","0011093773","0005284858","10","","SCLADMIN","A","B","ZTRD"
"","10","15.09.2026","0011093773","0005284859","10","","SCLADMIN","A","B","ZTRD"
"","10","15.09.2026","0011026901","0005284860","10","","SCLADMIN","B","B","ZTRD"
"","10","15.09.2026","0011026901","0005284861","10","","SCLADMIN","B","B","ZTRD"
"","10","15.09.2026","0011026901","0005284862","10","","SCLADMIN","B","B","ZTRD"
"","10","15.09.2026","0011026901","0005284863","10","","SCLADMIN","B","B","ZTRD"
"","20","16.09.2026","0011028664","0005284864","10","","S019423","D","B","ZNTR"
"","20","16.09.2026","0011030185","0005284865","10","","S019423","D","B","ZNTR"
"","20","16.09.2026","0011081355","0005284866","10","","S019423","D","B","ZNTR"
"","20","16.09.2026","0011115035","0005284867","10","","S019423","D","B","ZNTR"
"","20","16.09.2026","0011113334","0005284868","10","","S019423","D","B","ZNTR"
"","10","16.09.2026","0011080828","0005284869","10","","S019423","D","B","ZTRD"
"","10","16.09.2026","0011052973","0005284870","10","","S019423","D","B","ZTRD"
"","10","16.09.2026","0011111099","0005284871","10","","S019423","D","B","ZTRD"
"","10","16.09.2026","0011111099","0005284872","10","","S019423","D","B","ZTRD"
"","10","16.09.2026","0011111099","0005284873","10","","S019423","D","B","ZTRD"
"","10","16.09.2026","0011018596","0005284874","10","","S019423","D","B","ZTRD"
"","10","16.09.2026","0011031330","0005284875","10","","S019423","D","B","ZTRD"
"","10","16.09.2026","0011101300","0005284876","10","","S019423","","A","ZTRD"
"","10","16.09.2026","0011101300","0005284877","10","","S019423","","B","ZTRD"
"","10","16.09.2026","0011117006","0005284878","10","","S019423","","A","ZTRD"
"","10","16.09.2026","0011117006","0005284879","10","","S019423","","A","ZTRD"
"","10","16.09.2026","0011068398","0005284880","10","","S019740","","A","ZCCS"
"","10","16.09.2026","0011068398","0005284881","10","","S019740","","A","ZCCS"
"","20","16.09.2026","0011068398","0005284882","10","","S019740","","B","ZCCS"
"","20","16.09.2026","0011068398","0005284883","10","","S019740","","C","ZCCS"
"","10","16.09.2026","0011068398","0005284884","10","","S019740","","C","ZCCS"
"","10","16.09.2026","0011068398","0005284885","10","","S019740","","C","ZCCS"
"","10","16.09.2026","0011068398","0005284886","10","","S019740","","C","ZCCS"
"","20","16.09.2026","0011113615","0005284887","20","","RVSD01","B","B","ZRNT"
"","20","17.09.2026","0011068398","0005284888","10","","S019740","","B","ZCCS"
"","20","17.09.2026","0011068398","0005284889","10","","S019740","","B","ZCCS"
"","20","17.09.2026","0011068398","0005284890","10","","S019423","","B","ZCCS"
"","10","17.09.2026","0011068398","0005284891","10","","S019740","","C","ZCCS"
"","10","17.09.2026","0011068398","0005284892","10","","S019740","","C","ZCCS"
"","10","17.09.2026","0011068398","0005284893","10","","S019740","","C","ZCCS"
"","10","17.09.2026","0011068398","0005284894","10","","S019740","","C","ZCCS"
"","10","17.09.2026","0011068398","0005284895","10","","S019740","","C","ZCCS"
"","10","17.09.2026","0011026901","0005284896","10","","SCLADMIN","D","B","ZTRD"
"","10","17.09.2026","0011026901","0005284897","10","","SCLADMIN","B","B","ZTRD"
"","20","17.09.2026","0011096081","0005284898","10","","S019423","B","B","ZNTR"
