"KWMENG","WERKS","LFSTA","VSTEL","POSNR","GBSTA","PSTYV","ABGRU","VRKME","MATNR","VBELN"
"2.500","6838","A","6838","000010","A","ZO99","","TO","000000000015000266","0005284000"
"6","6924","A","6924","000010","C","ZO99","22","TO","000000000015000264","0005284001"
"6","1004","C","1004","000010","C","ZO99","","TO","000000000015000443","0005284002"
"32","4275","A","4275","000010","A","ZO99","","TO","000000000015000458","0005284003"
"10","1041","C","1041","000010","C","ZO99","","TO","000000000015000114","0005284004"
"2.500","8178","C","8178","000010","C","ZO99","","TO","000000000015000458","0005284005"
"12","5415","A","5415","000010","A","ZO99","","TO","000000000015000118","0005284006"
"6","6022","C","6022","000010","C","ZO99","","TO","000000000015000354","0005284007"
"45","1004","C","1004","000010","C","ZO99","","TO","000000000015000177","0005284008"
"20","1044","C","1044","000010","C","ZO99","","TO","000000000015000262","0005284009"
"15","4424","A","4424","000010","C","ZO99","22","TO","000000000015000114","0005284010"
"25","8203","C","8203","000010","C","ZO99","","TO","000000000015000262","0005284011"
"40","1079","C","1079","000010","C","ZO99","","TO","000000000015000194","0005284012"
"15","5415","A","5415","000010","C","ZO99","22","TO","000000000015000115","0005284013"
"50","8261","C","8261","000010","C","ZO99","","TO","000000000015000114","0005284014"
"25","5415","C","5415","000010","C","ZO99","","TO","000000000015000208","0005284015"
"50","1004","C","1004","000010","C","ZO99","","TO","000000000015000177","0005284016"
"25","8203","A","8203","000010","A","ZO99","","TO","000000000015000262","0005284017"
"18","8058","C","8058","000010","C","ZO99","","TO","000000000015000458","0005284018"
"15","5415","A","5415","000010","A","ZO99","","TO","000000000015000115","0005284019"
"25","8261","C","8261","000010","C","ZO99","","TO","000000000015000114","0005284020"
"25","5415","A","5415","000010","A","ZO99","","TO","000000000015000208","0005284021"
"15","1005","C","1005","000010","C","ZO99","","TO","000000000015000266","0005284022"
"0","5415","","5415","000010","","ZO99","","TO","000000000015000208","0005284023"
"25","5415","C","5415","000010","C","ZO99","","TO","000000000015000208","0005284024"
"7","5415","C","5415","000010","C","ZO99","","TO","000000000015000115","0005284025"
"16","1045","C","1045","000010","C","ZO99","","TO","000000000015000458","0005284026"
"25","5415","C","5415","000010","C","ZO99","","TO","000000000015000208","0005284027"
"25","1040","C","1040","000010","C","ZO99","","TO","000000000015000262","0005284028"
"18","1014","C","1014","000010","C","ZO99","","TO","000000000015000266","0005284029"
"25","1041","C","1041","000010","C","ZO99","","TO","000000000015000114","0005284030"
"30","4907","C","4907","000010","C","ZO99","","TO","000000000015000262","0005284031"
"25","5415","B","5415","000010","B","ZO99","","TO","000000000015000474","0005284032"
"4","2105","A","2105","000010","A","ZRMC","","M3","000000000023000832","0005284033"
"32","5206","A","5206","000010","A","ZO99","","TO","000000000015000458","0005284034"
"10","1012","A","1012","000010","C","ZO99","22","TO","000000000015000266","0005284035"
"10","1045","A","1045","000010","C","ZO99","22","TO","000000000015000114","0005284036"
"45","1006","A","1006","000010","A","ZO99","","TO","000000000015000177","0005284037"
"7","5415","C","5415","000010","C","ZO99","","TO","000000000015000115","0005284038"
"10","4907","C","4907","000010","C","ZO99","","TO","000000000015000262","0005284039"
"40","5415","C","5415","000010","C","ZO99","","TO","000000000015000238","0005284040"
"20","1005","B","1005","000010","B","ZO99","","TO","000000000015000266","0005284041"
"25","6805","C","6805","000010","C","ZO99","","TO","000000000015000069","0005284042"
"5","1012","A","1012","000010","C","ZO99","22","TO","000000000015000266","0005284043"
"25","5415","B","5415","000010","B","ZO99","","TO","000000000015000210","0005284044"
"12","1002","C","1002","000010","C","ZO99","","TO","000000000015000358","0005284045"
"7","1012","A","1012","000010","C","ZO99","22","TO","000000000015000266","0005284046"
"35","1041","A","1041","000010","C","ZO99","22","TO","000000000015000445","0005284047"
"30","4275","C","4275","000010","C","ZO99","","TO","000000000015000458","0005284048"
"25","5415","C","5415","000010","C","ZO99","","TO","000000000015000208","0005284049"
"13","5415","C","5415","000010","C","ZO99","","TO","000000000015000459","0005284050"
"3","6788","A","6788","000010","A","ZO99","","TO","000000000015000444","0005284051"
"18","1044","C","1044","000010","C","ZO99","","TO","000000000015000262","0005284052"
"19","5415","C","5415","000010","C","ZO99","","TO","000000000015000208","0005284053"
"80","1070","C","1070","000010","C","ZO99","","TO","000000000015000179","0005284054"
"7.500","1009","C","1009","000010","C","ZO99","","TO","000000000015000444","0005284055"
"19","5415","C","5415","000010","C","ZO99","","TO","000000000015000208","0005284056"
"7.500","1009","C","1009","000010","C","ZO99","","TO","000000000015000069","0005284057"
"20","8203","C","8203","000010","C","ZO99","","TO","000000000015000262","0005284058"
"40","1040","C","1040","000010","C","ZO99","","TO","000000000015000114","0005284059"
"7","6788","A","6788","000010","A","ZO99","","TO","000000000015000114","0005284060"
"15","5415","C","5415","000010","C","ZO99","","TO","000000000015000115","0005284061"
"50","5415","B","5415","000010","B","ZO99","","TO","000000000015000210","0005284062"
"20","1073","A","1073","000010","C","ZO99","Z5","TO","000000000015000262","0005284063"
"5","1010","C","1010","000010","C","ZO99","","TO","000000000015000443","0005284064"
"13","5415","C","5415","000010","C","ZO99","","TO","000000000015000115","0005284065"
"98","8221","C","8221","000010","C","ZO99","","TO","000000000015000263","0005284066"
"40","1070","C","1070","000010","C","ZO99","","TO","000000000015000365","0005284067"
"40","1070","C","1070","000010","C","ZO99","","TO","000000000015000365","0005284068"
"7.500","8189","C","8189","000010","C","ZO99","","TO","000000000015000264","0005284069"
"10","8246","A","8246","000010","A","ZO99","","TO","000000000015000458","0005284070"
"23","1041","C","1041","000010","C","ZO99","","TO","000000000015000445","0005284071"
"2.500","1006","C","1006","000010","C","ZO99","","TO","000000000015000442","0005284072"
"16.250","6127","C","6127","000010","C","ZO99","","TO","000000000015000444","0005284073"
"30","1003","C","1003","000010","C","ZO99","","TO","000000000015000442","0005284074"
"14","4907","C","4907","000010","C","ZO99","","TO","000000000015000266","0005284075"
"6.450","6753","A","6753","000010","C","ZO99","22","TO","000000000015000442","0005284076"
"7.500","1006","C","1006","000010","C","ZO99","","TO","000000000015000262","0005284077"
"15","4385","C","4385","000010","C","ZO99","","TO","000000000015000114","0005284078"
"10","6069","C","6069","000010","C","ZO99","","TO","000000000015000266","0005284079"
"20","1005","A","1005","000010","C","ZO99","22","TO","000000000015000442","0005284080"
"5","4907","C","4907","000010","C","ZO99","","TO","000000000015000262","0005284081"
"118","4162","C","4162","000010","C","ZO99","","TO","000000000015000280","0005284082"
"20","1014","A","1014","000010","C","ZO99","22","TO","000000000015000444","0005284083"
"5","6753","A","6753","000010","C","ZO99","22","TO","000000000015000442","0005284084"
"10","4509","C","4509","000010","C","ZO99","","TO","000000000015000262","0005284085"
"2.500","6753","A","6753","000010","A","ZO99","","TO","000000000015000442","0005284086"
"7","1041","C","1041","000010","C","ZO99","","TO","000000000015000445","0005284087"
"25","6805","B","6805","000010","B","ZO99","","TO","000000000015000069","0005284088"
"25","1000","C","1000","000010","C","ZO99","","TO","000000000015000069","0005284089"
"7","1041","C","1041","000010","C","ZO99","","TO","000000000015000262","0005284090"
"15","4509","C","4509","000010","C","ZO99","","TO","000000000015000262","0005284091"
"15","8058","C","8058","000010","C","ZO99","","TO","000000000015000458","0005284092"
"10","6803","C","6803","000010","C","ZO99","","TO","000000000015000069","0005284093"
"15","8058","C","8058","000010","C","ZO99","","TO","000000000015000458","0005284094"
"16.500","1041","C","1041","000010","C","ZO99","","TO","000000000015000354","0005284095"
"25","4509","C","4509","000010","C","ZO99","","TO","000000000015000442","0005284096"
"4","4162","C","4162","000010","C","ZO99","","TO","000000000015000354","0005284097"
"11","8058","C","8058","000010","C","ZO99","","TO","000000000015000458","0005284098"
"5","6803","C","6803","000010","C","ZO99","","TO","000000000015000114","0005284099"
"26","8027","B","8027","000010","B","ZO99","","TO","000000000015000114","0005284100"
"19","4925","C","4925","000010","C","ZO99","","TO","000000000015000069","0005284101"
"17","1000","C","1000","000010","C","ZO99","","TO","000000000015000069","0005284102"
"10","1006","C","1006","000010","C","ZO99","","TO","000000000015000442","0005284103"
"10","3788","C","3788","000010","C","ZO99","","TO","000000000015000114","0005284104"
"56","2114","A","2114","000010","C","ZRMC","LV","M3","000000000023000747","0005284105"
"15","1044","C","1044","000010","C","ZO99","","TO","000000000015000263","0005284106"
"10","4385","C","4385","000010","C","ZO99","","TO","000000000015000114","0005284107"
"7","4925","C","4925","000010","C","ZO99","","TO","000000000015000266","0005284108"
"10","1004","C","1004","000010","C","ZO99","","TO","000000000015000444","0005284109"
"5","3905","C","3905","000010","C","ZO99","","TO","000000000015000266","0005284110"
"5","6984","C","6984","000010","C","ZO99","","TO","000000000015000114","0005284111"
"17","1000","C","1000","000010","C","ZO99","","TO","000000000015000069","0005284112"
"0.001","1003","A","1003","000010","C","ZO99","Z3","TO","000000000015000177","0005284113"
"15","1044","C","1044","000010","C","ZO99","","TO","000000000015000114","0005284114"
"5","8203","C","8203","000010","C","ZO99","","TO","000000000015000262","0005284115"
"35","5415","B","5415","000010","B","ZO99","","TO","000000000015000208","0005284116"
"25","3998","A","3998","000010","C","ZO99","22","TO","000000000015000114","0005284117"
"25","1000","C","1000","000010","C","ZO99","","TO","000000000015000069","0005284118"
"10","1045","C","1045","000010","C","ZO99","","TO","000000000015000445","0005284119"
"3","1041","C","1041","000010","C","ZO99","","TO","000000000015000445","0005284120"
"6","3769","C","3769","000010","C","ZO99","","TO","000000000015000115","0005284121"
"7.500","5415","A","5415","000010","C","ZO99","22","TO","000000000015000280","0005284122"
"17","4510","A","4510","000010","A","ZO99","","TO","000000000015000263","0005284123"
"16","4397","A","4397","000010","C","ZO99","22","TO","000000000015000114","0005284124"
"10","1006","B","1006","000010","B","ZO99","","TO","000000000015000442","0005284125"
"23","1003","C","1003","000010","C","ZO99","","TO","000000000015000177","0005284126"
"2.500","1012","C","1012","000010","C","ZO99","","TO","000000000015000266","0005284128"
"40","1040","C","1040","000010","C","ZO99","","TO","000000000015000262","0005284129"
"20","1040","C","1040","000010","C","ZO99","","TO","000000000015000262","0005284130"
"10","1006","C","1006","000010","C","ZO99","","TO","000000000015000262","0005284131"
"12","2131","A","2131","000010","A","ZRMC","","M3","000000000023000434","0005284132"
"20","1040","C","1040","000010","C","ZO99","","TO","000000000015000262","0005284133"
"50","2120","B","2120","000010","B","ZRMC","","M3","000000000023001255","0005284134"
"0","5415","","5415","000010","","ZO99","","TO","000000000015000280","0005284135"
"3","1041","C","1041","000010","C","ZO99","","TO","000000000015000262","0005284136"
"15","4424","A","4424","000010","C","ZO99","22","TO","000000000015000114","0005284137"
"15","4397","C","4397","000010","C","ZO99","","TO","000000000015000114","0005284138"
"2.500","6753","A","6753","000010","A","ZO99","","TO","000000000015000442","0005284139"
"5","8178","C","8178","000010","C","ZO99","","TO","000000000015000445","0005284140"
"25","1005","C","1005","000010","C","ZO99","","TO","000000000015000114","0005284141"
"17.500","8261","C","8261","000010","C","ZO99","","TO","000000000015000114","0005284142"
"15","5374","A","5374","000010","A","ZO99","","TO","000000000015000114","0005284143"
"15","4397","C","4397","000010","C","ZO99","","TO","000000000015000444","0005284144"
"25","1005","A","1005","000010","A","ZO99","","TO","000000000015000114","0005284145"
"12","2107","A","2107","000010","A","ZRMC","","M3","000000000023001535","0005284146"
"45","8261","C","8261","000010","C","ZO99","","TO","000000000015000114","0005284147"
"40","2131","A","2131","000010","A","ZRMC","","M3","000000000023000095","0005284148"
"90","1002","B","1002","000010","B","ZO99","","TO","000000000015000194","0005284149"
"20","6805","C","6805","000010","C","ZO99","","TO","000000000015000444","0005284150"
"23","1003","C","1003","000010","C","ZO99","","TO","000000000015000177","0005284151"
"50","5415","C","5415","000010","C","ZO99","","TO","000000000015000208","0005284152"
"20","1014","C","1014","000010","C","ZO99","","TO","000000000015000262","0005284153"
"11.500","3769","C","3769","000010","C","ZO99","","TO","000000000015000280","0005284154"
"0","4584","","4584","000010","","ZO99","","TO","000000000015000114","0005284155"
"25","8261","C","8261","000010","C","ZO99","","TO","000000000015000445","0005284156"
"3.500","3769","C","3769","000010","C","ZO99","","TO","000000000015000118","0005284157"
"25","1041","C","1041","000010","C","ZO99","","TO","000000000015000114","0005284158"
"14.500","1005","C","1005","000010","C","ZO99","","TO","000000000015000262","0005284159"
"35","4497","A","4497","000010","A","ZO99","","TO","000000000015000451","0005284160"
"2.500","1006","C","1006","000010","C","ZO99","","TO","000000000015000266","0005284161"
"3.750","4469","C","4469","000010","C","ZO99","","TO","000000000015000444","0005284162"
"5","1073","C","1073","000010","C","ZO99","","TO","000000000015000090","0005284163"
"2.500","4469","C","4469","000010","C","ZO99","","TO","000000000015000114","0005284164"
"6","3769","C","3769","000010","C","ZO99","","TO","000000000015000280","0005284165"
"10","5379","A","5379","000010","A","ZO99","","TO","000000000015000114","0005284166"
"25","1041","C","1041","000010","C","ZO99","","TO","000000000015000114","0005284167"
"84","1003","C","1003","000010","C","ZO99","","TO","000000000015000177","0005284168"
"20","1004","C","1004","000010","C","ZO99","","TO","000000000015000262","0005284169"
"42","1004","C","1004","000010","C","ZO99","","TO","000000000015000177","0005284170"
"5","3802","C","3802","000010","C","ZO99","","TO","000000000015000266","0005284171"
"8","3769","C","3769","000010","C","ZO99","","TO","000000000015000115","0005284172"
"7.500","1006","C","1006","000010","C","ZO99","","TO","000000000015000442","0005284173"
"30","8261","C","8261","000010","C","ZO99","","TO","000000000015000114","0005284174"
"15","1006","C","1006","000010","C","ZO99","","TO","000000000015000262","0005284175"
"5","1006","C","1006","000010","C","ZO99","","TO","000000000015000266","0005284176"
"3.500","6840","A","6840","000010","A","ZO99","","TO","000000000015000114","0005284177"
"42","1002","A","1002","000010","C","ZO99","ZG","TO","000000000015000177","0005284178"
"30","8261","C","8261","000010","C","ZO99","","TO","000000000015000114","0005284179"
"25","3934","C","3934","000010","C","ZO99","","TO","000000000015000114","0005284180"
"15","3883","C","3883","000010","C","ZO99","","TO","000000000015000117","0005284181"
"35","2120","A","2120","000010","A","ZRMC","","M3","000000000023000919","0005284182"
"5","4447","A","4447","000010","A","ZO99","","TO","000000000015000444","0005284183"
"78","8221","C","8221","000010","C","ZO99","","TO","000000000015000262","0005284184"
"10","5379","A","5379","000010","A","ZO99","","TO","000000000015000114","0005284185"
"10","1073","C","1073","000010","C","ZO99","","TO","000000000015000114","0005284186"
"54","2114","A","2114","000010","A","ZRMC","","M3","000000000023000808","0005284187"
"20","4497","A","4497","000010","A","ZO99","","TO","000000000015000114","0005284188"
"35","1040","A","1040","000010","A","ZO99","","TO","000000000015000262","0005284189"
"6","1046","A","1046","000010","A","ZO99","","TO","000000000015000357","0005284190"
"30","8261","C","8261","000010","C","ZO99","","TO","000000000015000445","0005284191"
"10","5415","C","5415","000010","C","ZO99","","TO","000000000015000118","0005284192"
"7.500","4580","A","4580","000010","C","ZO99","22","TO","000000000015000354","0005284193"
"45","1004","B","1004","000010","B","ZO99","","TO","000000000015000177","0005284194"
"8","3790","C","3790","000010","C","ZO99","","TO","000000000015000444","0005284195"
"35","1040","A","1040","000010","A","ZO99","","TO","000000000015000262","0005284196"
"5","6771","C","6771","000010","C","ZO99","","TO","000000000015000114","0005284197"
"10","1041","C","1041","000010","C","ZO99","","TO","000000000015000114","0005284198"
"10","1073","C","1073","000010","C","ZO99","","TO","000000000015000358","0005284199"
"15","4484","C","4484","000010","C","ZO99","","TO","000000000015000262","0005284200"
"15","5415","C","5415","000010","C","ZO99","","TO","000000000015000118","0005284201"
"7","3790","C","3790","000010","C","ZO99","","TO","000000000015000069","0005284202"
"11","1301","C","1301","000010","C","ZO99","","TO","000000000015000114","0005284203"
"5","6771","C","6771","000010","C","ZO99","","TO","000000000015000114","0005284204"
"90","1004","A","1004","000010","A","ZO99","","TO","000000000015000177","0005284205"
"7","1301","C","1301","000010","C","ZO99","","TO","000000000015000114","0005284206"
"7","1301","C","1301","000010","C","ZO99","","TO","000000000015000114","0005284207"
"13","1301","C","1301","000010","C","ZO99","","TO","000000000015000458","0005284208"
"4","1014","A","1014","000010","C","ZO99","22","TO","000000000015000444","0005284209"
"20","4464","A","4464","000010","C","ZO99","22","TO","000000000015000444","0005284210"
"13","1301","C","1301","000010","C","ZO99","","TO","000000000015000114","0005284211"
"10.500","1005","A","1005","000010","A","ZO99","","TO","000000000015000114","0005284212"
"8","4313","C","4313","000010","C","ZO99","","TO","000000000015000288","0005284213"
"7.500","4510","C","4510","000010","C","ZO99","","TO","000000000015000263","0005284214"
"20","4589","C","4589","000010","C","ZO99","","TO","000000000015000445","0005284215"
"8","6906","C","6906","000010","C","ZO99","","TO","000000000015000262","0005284216"
"25","6844","A","6844","000010","A","ZO99","","TO","000000000015000114","0005284217"
"16","1070","A","1070","000010","A","ZO99","","TO","000000000015000114","0005284218"
"15","1044","C","1044","000010","C","ZO99","","TO","000000000015000262","0005284219"
"30","8261","C","8261","000010","C","ZO99","","TO","000000000015000445","0005284220"
"42","1012","A","1012","000010","C","ZO99","ZG","TO","000000000015000207","0005284221"
"14","6793","C","6793","000010","C","ZO99","","TO","000000000015000114","0005284222"
"7.500","1070","C","1070","000010","C","ZO99","","TO","000000000015000090","0005284223"
"9","6771","C","6771","000010","C","ZO99","","TO","000000000015000266","0005284224"
"35","2120","A","2120","000010","A","ZRMC","","M3","000000000023000617","0005284225"
"5","4906","A","4906","000010","C","ZO99","22","TO","000000000015000114","0005284226"
"25","1070","A","1070","000010","C","ZO99","22","TO","000000000015000114","0005284227"
"25","1301","B","1301","000010","B","ZO99","","TO","000000000015000209","0005284228"
"30","2102","B","2102","000010","B","ZRMC","","M3","000000000023001151","0005284229"
"25","1301","B","1301","000010","B","ZO99","","TO","000000000015000209","0005284230"
"11","8013","A","8013","000010","C","ZO99","22","TO","000000000015000442","0005284231"
"5","1006","C","1006","000010","C","ZO99","","TO","000000000015000266","0005284232"
"100","2101","B","2101","000010","B","ZRMC","","M3","000000000023000450","0005284233"
"25","1070","C","1070","000010","C","ZO99","","TO","000000000015000114","0005284234"
"14","4580","A","4580","000010","A","ZO99","","TO","000000000015000354","0005284235"
"42","1012","A","1012","000010","C","ZO99","ZG","TO","000000000015000207","0005284236"
"6","1014","C","1014","000010","C","ZO99","","TO","000000000015000264","0005284237"
"10","8237","C","8237","000010","C","ZO99","","TO","000000000015000442","0005284238"
"15","4424","A","4424","000010","C","ZO99","22","TO","000000000015000114","0005284239"
"10","4385","C","4385","000010","C","ZO99","","TO","000000000015000114","0005284240"
"22","1040","C","1040","000010","C","ZO99","","TO","000000000015000261","0005284241"
"15","1044","C","1044","000010","C","ZO99","","TO","000000000015000458","0005284242"
"60","2112","B","2112","000010","B","ZRMC","","M3","000000000023001254","0005284243"
"23","5271","C","5271","000010","C","ZO99","","TO","000000000015000458","0005284244"
"2.500","6126","C","6126","000010","C","ZO99","","TO","000000000015000114","0005284245"
"5","6204","A","6204","000010","A","ZO99","","TO","000000000015000114","0005284246"
"43","7723","C","7723","000010","C","ZO99","","TO","000000000015000177","0005284247"
"20","1004","C","1004","000010","C","ZO99","","TO","000000000015000444","0005284248"
"10","1014","C","1014","000010","C","ZO99","","TO","000000000015000266","0005284249"
"5","6828","A","6828","000010","C","ZO99","22","TO","000000000015000444","0005284250"
"17","1040","C","1040","000010","C","ZO99","","TO","000000000015000261","0005284251"
"15","1044","A","1044","000010","A","ZO99","","TO","000000000015000263","0005284252"
"10","1014","C","1014","000010","C","ZO99","","TO","000000000015000442","0005284253"
"45","1003","B","1003","000010","B","ZO99","","TO","000000000015000179","0005284254"
"18","1040","C","1040","000010","C","ZO99","","TO","000000000015000262","0005284255"
"5","3992","A","3992","000010","A","ZO99","","TO","000000000015000263","0005284256"
"10","4587","A","4587","000010","A","ZO99","","TO","000000000015000266","0005284257"
"17.500","1304","A","1304","000010","A","ZO99","","TO","000000000015000266","0005284258"
"7","8300","C","8300","000010","C","ZO99","","TO","000000000015000280","0005284259"
"0","1003","","1003","000010","","ZO99","10","TO","000000000015000177","0005284260"
"45","8010","C","8010","000010","C","ZO99","","TO","000000000015000445","0005284261"
"25","1007","A","1007","000010","A","ZO99","","TO","000000000015000069","0005284262"
"20","1044","C","1044","000010","C","ZO99","","TO","000000000015000262","0005284263"
"10","3992","A","3992","000010","A","ZO99","","TO","000000000015000117","0005284264"
"7.500","1009","C","1009","000010","C","ZO99","","TO","000000000015000069","0005284265"
"25","1007","A","1007","000010","A","ZO99","","TO","000000000015000069","0005284266"
"12","1301","C","1301","000010","C","ZO99","","TO","000000000015000114","0005284267"
"17","8010","C","8010","000010","C","ZO99","","TO","000000000015000114","0005284268"
"4","6069","A","6069","000010","A","ZO99","","TO","000000000015000266","0005284269"
"17.500","1009","C","1009","000010","C","ZO99","","TO","000000000015000444","0005284270"
"2.500","3992","A","3992","000010","A","ZO99","","TO","000000000015000444","0005284271"
"45","1003","A","1003","000010","C","ZO99","","TO","000000000015000177","0005284272"
"10","4860","C","4860","000010","C","ZO99","","TO","000000000015000444","0005284273"
"50","4612","A","4612","000010","C","ZO99","22","TO","000000000015000117","0005284274"
"100","4612","A","4612","000010","C","ZO99","22","TO","000000000015000117","0005284275"
"25","1007","A","1007","000010","A","ZO99","","TO","000000000015000266","0005284276"
"450","1002","B","1002","000010","B","ZO99","","TO","000000000015000194","0005284277"
"12.500","1009","C","1009","000010","C","ZO99","","TO","000000000015000114","0005284278"
"15","1044","C","1044","000010","C","ZO99","","TO","000000000015000262","0005284279"
"50","4612","C","4612","000010","C","ZO99","","TO","000000000015000117","0005284280"
"5","3900","B","3900","000010","B","ZO99","","TO","000000000015000114","0005284281"
"17.750","4385","C","4385","000010","C","ZO99","","TO","000000000015000114","0005284282"
"25","1007","A","1007","000010","A","ZO99","","TO","000000000015000069","0005284283"
"2.500","8013","A","8013","000010","C","ZO99","22","TO","000000000015000442","0005284284"
"36","1003","C","1003","000010","C","ZO99","","TO","000000000015000177","0005284285"
"35","1044","C","1044","000010","C","ZO99","","TO","000000000015000262","0005284286"
"35","1304","A","1304","000010","A","ZO99","","TO","000000000015000069","0005284287"
"12.500","1009","C","1009","000010","C","ZO99","","TO","000000000015000444","0005284288"
"45","1007","A","1007","000010","A","ZO99","","TO","000000000015000069","0005284289"
"5","1000","C","1000","000010","C","ZO99","","TO","000000000015000117","0005284290"
"20","3991","C","3991","000010","C","ZO99","","TO","000000000015000444","0005284291"
"32","1070","C","1070","000010","C","ZO99","","TO","000000000015000192","0005284292"
"18","4385","C","4385","000010","C","ZO99","","TO","000000000015000114","0005284293"
"30","1304","A","1304","000010","A","ZO99","","TO","000000000015000263","0005284294"
"132","1002","C","1002","000010","C","ZO99","","TO","000000000015000192","0005284295"
"5.500","6828","C","6828","000010","C","ZO99","","TO","000000000015000444","0005284296"
"15","4424","A","4424","000010","C","ZO99","22","TO","000000000015000114","0005284297"
"2.500","1041","B","1041","000010","B","ZO99","","TO","000000000015000114","0005284298"
"115","3792","C","3792","000010","C","ZO99","","TO","000000000015000262","0005284299"
"10","1304","A","1304","000010","A","ZO99","","TO","000000000015000263","0005284300"
"25","1301","C","1301","000010","C","ZO99","","TO","000000000015000207","0005284301"
"25","1301","C","1301","000010","C","ZO99","","TO","000000000015000207","0005284302"
"50","1004","A","1004","000010","A","ZO99","","TO","000000000015000177","0005284303"
"24","2107","A","2107","000010","A","ZRMC","","M3","000000000023001347","0005284304"
"16","1005","B","1005","000010","B","ZO99","","TO","000000000015000114","0005284305"
"35","1040","A","1040","000010","A","ZO99","","TO","000000000015000262","0005284306"
"6","1000","C","1000","000010","C","ZO99","","TO","000000000015000117","0005284307"
"35","1073","B","1073","000010","B","ZO99","","TO","000000000015000453","0005284308"
"10","4469","C","4469","000010","C","ZO99","","TO","000000000015000262","0005284309"
"10","1044","C","1044","000010","C","ZO99","","TO","000000000015000262","0005284310"
"5","4469","C","4469","000010","C","ZO99","","TO","000000000015000266","0005284311"
"19","1301","C","1301","000010","C","ZO99","","TO","000000000015000207","0005284312"
"50","7680","C","7680","000010","C","ZO99","","TO","000000000015000177","0005284313"
"19","1301","C","1301","000010","C","ZO99","","TO","000000000015000207","0005284314"
"25","1301","C","1301","000010","C","ZO99","","TO","000000000015000207","0005284315"
"25","1301","C","1301","000010","C","ZO99","","TO","000000000015000207","0005284316"
"50","7680","C","7680","000010","C","ZO99","","TO","000000000015000177","0005284317"
"25","1301","C","1301","000010","C","ZO99","","TO","000000000015000207","0005284318"
"4.500","6792","C","6792","000010","C","ZO99","","TO","000000000015000262","0005284319"
"20","1070","C","1070","000010","C","ZO99","","TO","000000000015000262","0005284320"
"23","1005","A","1005","000010","A","ZO99","","TO","000000000015000266","0005284321"
"7.500","6984","A","6984","000010","C","ZO99","22","TO","000000000015000114","0005284322"
"20","2102","B","2102","000010","B","ZRMC","","M3","000000000023000044","0005284323"
"10","1040","A","1040","000010","A","ZO99","","TO","000000000015000262","0005284324"
"18","1014","C","1014","000010","C","ZO99","","TO","000000000015000266","0005284325"
"12","2107","A","2107","000010","A","ZRMC","","M3","000000000023000136","0005284326"
"20","1014","C","1014","000010","C","ZO99","","TO","000000000015000264","0005284327"
"10","4877","C","4877","000010","C","ZO99","","TO","000000000015000114","0005284328"
"20","3898","C","3898","000010","C","ZO99","","TO","000000000015000262","0005284329"
"5","3884","C","3884","000010","C","ZO99","","TO","000000000015000444","0005284330"
"18","2107","A","2107","000010","A","ZRMC","","M3","000000000023000013","0005284331"
"37","1014","C","1014","000010","C","ZO99","","TO","000000000015000444","0005284332"
"8","1014","C","1014","000010","C","ZO99","","TO","000000000015000266","0005284333"
"10","1014","C","1014","000010","C","ZO99","","TO","000000000015000262","0005284334"
"25","1301","C","1301","000010","C","ZO99","","TO","000000000015000207","0005284335"
"6","2107","A","2107","000010","C","ZRMC","Z1","M3","000000000023000077","0005284336"
"10","1045","C","1045","000010","C","ZO99","","TO","000000000015000114","0005284337"
"5","1073","C","1073","000010","C","ZO99","","TO","000000000015000090","0005284338"
"10","6771","C","6771","000010","C","ZO99","","TO","000000000015000266","0005284339"
"42","1002","C","1002","000010","C","ZO99","","TO","000000000015000192","0005284340"
"20","1045","C","1045","000010","C","ZO99","","TO","000000000015000445","0005284341"
"10","6771","C","6771","000010","C","ZO99","","TO","000000000015000114","0005284342"
"15","4465","C","4465","000010","C","ZO99","","TO","000000000015000266","0005284343"
"6","2107","A","2107","000010","A","ZRMC","","M3","000000000023000077","0005284344"
"10","6811","C","6811","000010","C","ZO99","","TO","000000000015000444","0005284345"
"20","4465","C","4465","000010","C","ZO99","","TO","000000000015000444","0005284346"
"7.500","3898","A","3898","000010","C","ZO99","Z5","TO","000000000015000114","0005284347"
"10","1014","C","1014","000010","C","ZO99","","TO","000000000015000262","0005284348"
"15","1005","C","1005","000010","C","ZO99","","TO","000000000015000444","0005284349"
"22","1005","C","1005","000010","C","ZO99","","TO","000000000015000266","0005284350"
"12","1010","A","1010","000010","A","ZO99","","TO","000000000015000069","0005284351"
"10","3875","C","3875","000010","C","ZO99","","TO","000000000015000263","0005284352"
"20","1073","C","1073","000010","C","ZO99","","TO","000000000015000114","0005284353"
"10","1301","C","1301","000010","C","ZO99","","TO","000000000015000458","0005284354"
"5","3898","A","3898","000010","C","ZO99","Z5","TO","000000000015000114","0005284355"
"6","1010","A","1010","000010","A","ZO99","","TO","000000000015000444","0005284356"
"10","1045","C","1045","000010","C","ZO99","","TO","000000000015000262","0005284357"
"15","1301","C","1301","000010","C","ZO99","","TO","000000000015000114","0005284358"
"6","8293","A","8293","000010","A","ZO99","","TO","000000000015000114","0005284359"
"15","1073","C","1073","000010","C","ZO99","","TO","000000000015000090","0005284360"
"4","1007","A","1007","000010","A","ZO99","","TO","000000000015000444","0005284361"
"15","1301","C","1301","000010","C","ZO99","","TO","000000000015000114","0005284362"
"100","4612","C","4612","000010","C","ZO99","","TO","000000000015000117","0005284363"
"10","6805","B","6805","000010","B","ZO99","","TO","000000000015000444","0005284364"
"30","1045","C","1045","000010","C","ZO99","","TO","000000000015000458","0005284365"
"10","1301","C","1301","000010","C","ZO99","","TO","000000000015000445","0005284366"
"7","8167","A","8167","000010","A","ZO99","","TO","000000000015000280","0005284367"
"13","1301","C","1301","000010","C","ZO99","","TO","000000000015000114","0005284368"
"15","1040","A","1040","000010","A","ZO99","","TO","000000000015000114","0005284369"
"100","1004","A","1004","000010","A","ZO99","","TO","000000000015000179","0005284370"
"20","1045","C","1045","000010","C","ZO99","","TO","000000000015000354","0005284371"
"25","1301","B","1301","000010","B","ZO99","","TO","000000000015000475","0005284372"
"50","1004","A","1004","000010","A","ZO99","","TO","000000000015000177","0005284373"
"13","1045","C","1045","000010","C","ZO99","","TO","000000000015000458","0005284374"
"12.500","3898","C","3898","000010","C","ZO99","","TO","000000000015000444","0005284375"
"5","1073","C","1073","000010","C","ZO99","","TO","000000000015000090","0005284376"
"100","1009","A","1009","000010","A","ZO99","","TO","000000000015000179","0005284377"
"5","1044","A","1044","000010","A","ZO99","","TO","000000000015000263","0005284378"
"15","4385","A","4385","000010","C","ZO99","22","TO","000000000015000114","0005284379"
"30","8013","C","8013","000010","C","ZO99","","TO","000000000015000266","0005284380"
"10","3898","C","3898","000010","C","ZO99","","TO","000000000015000444","0005284381"
"65","1004","A","1004","000010","A","ZO99","","TO","000000000015000179","0005284382"
"32","1040","C","1040","000010","C","ZO99","","TO","000000000015000114","0005284383"
"100","1009","A","1009","000010","A","ZO99","","TO","000000000015000179","0005284384"
"15","6751","A","6751","000010","A","ZO99","","TO","000000000015000264","0005284385"
"100","1004","A","1004","000010","A","ZO99","","TO","000000000015000179","0005284386"
"35","1040","C","1040","000010","C","ZO99","","TO","000000000015000261","0005284387"
"42","1002","A","1002","000010","A","ZO99","","TO","000000000015000192","0005284388"
"100","1004","A","1004","000010","A","ZO99","","TO","000000000015000194","0005284389"
"15","8292","A","8292","000010","A","ZO99","","TO","000000000015000266","0005284390"
"10","3834","A","3834","000010","A","ZO99","","TO","000000000015000266","0005284391"
"5","3834","A","3834","000010","A","ZO99","","TO","000000000015000442","0005284392"
"100","1004","A","1004","000010","A","ZO99","","TO","000000000015000194","0005284393"
"15","6073","A","6073","000010","A","ZO99","","TO","000000000015000264","0005284394"
"10","4385","A","4385","000010","C","ZO99","22","TO","000000000015000444","0005284395"
"50","1004","A","1004","000010","A","ZO99","","TO","000000000015000177","0005284396"
"7.500","3898","C","3898","000010","C","ZO99","","TO","000000000015000444","0005284397"
"11","1041","C","1041","000010","C","ZO99","","TO","000000000015000262","0005284398"
"50","1009","C","1009","000010","C","ZO99","","TO","000000000015000177","0005284399"
"5","3898","C","3898","000010","C","ZO99","","TO","000000000015000444","0005284400"
"15","4385","A","4385","000010","C","ZO99","22","TO","000000000015000114","0005284401"
"11","1041","A","1041","000010","A","ZO99","","TO","000000000015000262","0005284402"
"30","6073","A","6073","000010","A","ZO99","","TO","000000000015000262","0005284403"
"35","1040","C","1040","000010","C","ZO99","","TO","000000000015000262","0005284404"
"10","4385","C","4385","000010","C","ZO99","","TO","000000000015000444","0005284405"
"15","8292","A","8292","000010","A","ZO99","","TO","000000000015000266","0005284406"
"7.500","3898","C","3898","000010","C","ZO99","","TO","000000000015000444","0005284407"
"12","6765","C","6765","000010","C","ZO99","","TO","000000000015000443","0005284408"
"25","1301","C","1301","000010","C","ZO99","","TO","000000000015000237","0005284409"
"15","1301","C","1301","000010","C","ZO99","","TO","000000000015000237","0005284410"
"10","1301","C","1301","000010","C","ZO99","","TO","000000000015000117","0005284411"
"15","1301","C","1301","000010","C","ZO99","","TO","000000000015000117","0005284412"
"15","1041","C","1041","000010","C","ZO99","","TO","000000000015000354","0005284413"
"10","1041","C","1041","000010","C","ZO99","","TO","000000000015000354","0005284414"
"15","6751","A","6751","000010","A","ZO99","","TO","000000000015000262","0005284415"
"11","1041","A","1041","000010","A","ZO99","","TO","000000000015000262","0005284416"
"5","1041","C","1041","000010","C","ZO99","","TO","000000000015000354","0005284417"
"60","2107","B","2107","000010","B","ZRMC","","M3","000000000023000284","0005284418"
"1","1045","","","000010","C","ZTAD","","LE","000000000018000031","0005284419"
"1","1045","","","000010","C","ZTAD","","LE","000000000018000031","0005284420"
"1","1045","","","000010","C","ZTAD","","LE","000000000018000031","0005284421"
"2.500","3898","C","3898","000010","C","ZO99","","TO","000000000015000444","0005284422"
"1","1045","","","000010","C","ZTAD","","LE","000000000018000031","0005284423"
"1","1045","","","000010","C","ZTAD","","LE","000000000018000031","0005284424"
"1","1045","","","000010","C","ZTAD","","LE","000000000018000031","0005284425"
"1","1045","","","000010","C","ZTAD","","LE","000000000018000031","0005284426"
"1","1045","","","000010","C","ZTAD","","LE","000000000018000031","0005284427"
"2.500","6781","A","6781","000010","A","ZO99","","TO","000000000015000264","0005284428"
"1","1045","","","000010","C","ZTAD","","LE","000000000018000031","0005284429"
"12.500","1073","C","1073","000010","C","ZO99","","TO","000000000015000090","0005284430"
"2","1045","","","000010","C","ZTAD","","LE","000000000018000001","0005284431"
"42","1005","B","1005","000010","B","ZO99","","TO","000000000015000442","0005284432"
"3","6820","A","6820","000010","A","ZO99","","TO","000000000015000266","0005284433"
"2.500","6781","A","6781","000010","A","ZO99","","TO","000000000015000443","0005284434"
"2","1045","","","000010","C","ZTAD","","LE","000000000018000001","0005284435"
"1","1045","","","000010","C","ZTAD","","LE","000000000018000001","0005284436"
"1","1045","","","000020","C","ZTAD","","LE","000000000018000001","0005284436"
"5","8293","C","8293","000010","C","ZO99","","TO","000000000015000262","0005284437"
"1","1045","","","000010","C","ZTAD","","LE","000000000018000001","0005284438"
"1","1045","","","000010","C","ZTAD","","LE","000000000018000001","0005284439"
"20","1040","C","1040","000010","C","ZO99","","TO","000000000015000262","0005284440"
"35","1040","C","1040","000010","C","ZO99","","TO","000000000015000262","0005284441"
"120","2111","A","2111","000010","A","ZRMC","","M3","000000000023001428","0005284442"
"35","1040","C","1040","000010","C","ZO99","","TO","000000000015000262","0005284443"
"10","1040","A","1040","000010","A","ZO99","","TO","000000000015000262","0005284444"
"8","1002","A","1002","000010","C","ZO99","22","TO","000000000015000358","0005284445"
"100","2111","A","2111","000010","A","ZRMC","","M3","000000000023000170","0005284446"
"30","1041","C","1041","000010","C","ZO99","","TO","000000000015000262","0005284447"
"6","1002","C","1002","000010","C","ZO99","","TO","000000000015000358","0005284448"
"15","1002","C","1002","000010","C","ZO99","","TO","000000000015000358","0005284449"
"5","6771","C","6771","000010","C","ZO99","","TO","000000000015000262","0005284450"
"34","1041","C","1041","000010","C","ZO99","","TO","000000000015000354","0005284451"
"35","1046","C","1046","000010","C","ZO99","","TO","000000000015000262","0005284452"
"15","1073","C","1073","000010","C","ZO99","","TO","000000000015000114","0005284453"
"20","1014","C","1014","000010","C","ZO99","","TO","000000000015000444","0005284454"
"18","1014","C","1014","000010","C","ZO99","","TO","000000000015000444","0005284455"
"17.500","1010","C","1010","000010","C","ZO99","","TO","000000000015000262","0005284456"
"10","6771","A","6771","000010","C","ZO99","22","TO","000000000015000114","0005284457"
"5","1009","C","1009","000010","C","ZO99","","TO","000000000015000266","0005284458"
"20","1009","C","1009","000010","C","ZO99","","TO","000000000015000262","0005284459"
"25","1005","A","1005","000010","A","ZO99","","TO","000000000015000114","0005284460"
"50","2114","A","2114","000010","A","ZRMC","","M3","000000000023000439","0005284461"
"50","2135","A","2135","000010","A","ZRMC","","M3","000000000023000549","0005284462"
"50","2114","A","2114","000010","A","ZRMC","","M3","000000000023000980","0005284463"
"30","1070","C","1070","000010","C","ZO99","","TO","000000000015000442","0005284464"
"25","6812","A","6812","000010","A","ZO99","","TO","000000000015000114","0005284465"
"12","6812","A","6812","000010","A","ZO99","","TO","000000000015000069","0005284466"
"60","2107","A","2107","000010","A","ZRMC","","M3","000000000023001304","0005284467"
"25","1009","C","1009","000010","C","ZO99","","TO","000000000015000069","0005284468"
"15","1073","B","1073","000010","C","ZO99","22","TO","000000000015000114","0005284469"
"8.500","1004","A","1004","000010","A","ZO99","","TO","000000000015000442","0005284470"
"42","1002","A","1002","000010","C","ZO99","22","TO","000000000015000090","0005284471"
"75","2107","A","2107","000010","A","ZRMC","","M3","000000000023001044","0005284472"
"31","1040","C","1040","000010","C","ZO99","","TO","000000000015000262","0005284473"
"9","1005","C","1005","000010","C","ZO99","","TO","000000000015000444","0005284474"
"16","1005","C","1005","000010","C","ZO99","","TO","000000000015000444","0005284475"
"12","1005","A","1005","000010","A","ZO99","","TO","000000000015000114","0005284476"
"42","1002","A","1002","000010","A","ZO99","","TO","000000000015000090","0005284477"
"42","1004","A","1004","000010","A","ZO99","","TO","000000000015000266","0005284478"
"10","1002","C","1002","000010","C","ZO99","","TO","000000000015000177","0005284479"
"65","1004","A","1004","000010","A","ZO99","","TO","000000000015000177","0005284480"
"55","1004","A","1004","000020","A","ZO99","","TO","000000000015000207","0005284480"
"100","1005","B","1005","000010","B","ZO99","","TO","000000000015000114","0005284481"
"1","1070","A","1070","000010","A","ZO99","","TO","000000000015000192","0005284482"
"1","1022","C","1022","000010","C","ZO99","","TO","000000000015000177","0005284483"
"10","1044","A","1044","000010","A","ZO99","","TO","000000000015000207","0005284484"
"10","5374","A","5374","000020","A","ZO99","","TO","000000000015000177","0005284484"
"100","2131","B","2131","000010","B","ZRMC","","M3","000000000023000743","0005284485"
"10","4215","A","4215","000010","A","ZO99","","TO","000000000015000177","0005284486"
"10","5374","A","5374","000010","A","ZO99","","TO","000000000015000177","0005284487"
"10","5374","A","5374","000010","A","ZO99","","TO","000000000015000177","0005284488"
"5","5374","A","5374","000010","A","ZO99","","TO","000000000015000177","0005284489"
"5","5374","A","5374","000010","A","ZO99","","TO","000000000015000177","0005284490"
"2","5374","A","5374","000010","A","ZO99","","TO","000000000015000177","0005284491"
"3","5374","A","5374","000010","A","ZO99","","TO","000000000015000177","0005284492"
"5","5374","A","5374","000010","A","ZO99","","TO","000000000015000177","0005284493"
"10","1044","A","1044","000010","A","ZO99","","TO","000000000015000207","0005284494"
"5","4215","A","4215","000010","A","ZO99","","TO","000000000015000177","0005284495"
"5","1041","A","1041","000020","A","ZO99","","TO","000000000015000207","0005284495"
"100","5374","A","5374","000010","A","ZO99","","TO","000000000015000177","0005284496"
"100","1044","A","1044","000020","A","ZO99","","TO","000000000015000207","0005284496"
"250","1042","C","1042","000010","C","ZO99","","TO","000000000015000177","0005284497"
"10","5374","A","5374","000010","A","ZO99","","TO","000000000015000177","0005284498"
"10","1044","A","1044","000020","A","ZO99","","TO","000000000015000207","0005284498"
"2.550","1004","A","1004","000010","A","ZO99","","TO","000000000015000114","0005284499"
"2.550","1004","C","1004","000010","C","ZO99","","TO","000000000015000114","0005284500"
"10","1005","A","1005","000010","A","ZO99","","TO","000000000015000266","0005284501"
"10","1005","A","1005","000010","A","ZO99","","TO","000000000015000266","0005284502"
"10","1005","A","1005","000010","A","ZO99","","TO","000000000015000266","0005284503"
"10","1005","A","1005","000010","A","ZO99","","TO","000000000015000444","0005284504"
"5","5374","A","5374","000010","A","ZO99","","TO","000000000015000177","0005284505"
"5","1044","A","1044","000020","A","ZO99","","TO","000000000015000207","0005284505"
"10","1005","A","1005","000010","A","ZO99","","TO","000000000015000266","0005284506"
"1","5374","A","5374","000010","A","ZO99","","TO","000000000015000177","0005284507"
"1","1044","A","1044","000020","A","ZO99","","TO","000000000015000207","0005284507"
"884","5374","A","5374","000010","A","ZO99","","TO","000000000015000177","0005284508"
"884","1044","A","1044","000020","A","ZO99","","TO","000000000015000207","0005284508"
"1","1011","A","1011","000010","C","ZO99","ZG","TO","000000000015000043","0005284509"
"1","1011","A","1011","000010","C","ZO99","ZG","TO","000000000015000043","0005284510"
"2","1070","A","1070","000010","A","ZO99","","TO","000000000015000177","0005284511"
"3","1070","A","1070","000020","A","ZO99","","TO","000000000015000194","0005284511"
"50","1004","A","1004","000010","A","ZO99","","TO","000000000015000177","0005284512"
"5","1005","A","1005","000010","A","ZO99","","TO","000000000015000266","0005284513"
"5","1042","A","1042","000010","A","ZO99","","TO","000000000015000177","0005284514"
"1,000","4215","A","4215","000010","A","ZO99","","TO","000000000015000177","0005284515"
"300","1002","A","1002","000010","A","ZO99","","TO","000000000015000177","0005284516"
"1","1011","A","1011","000010","C","ZO99","ZG","M3","000000000015000020","0005284517"
"1","1011","A","1011","000010","C","ZO99","ZG","M3","000000000015000020","0005284518"
"1","1011","A","1011","000010","C","ZO99","ZG","M3","000000000015000020","0005284519"
"5","1042","A","1042","000010","A","ZO99","","TO","000000000015000177","0005284521"
"5","1044","A","1044","000020","A","ZO99","","TO","000000000015000207","0005284521"
"60","4515","C","4515","000010","C","ZO99","","TO","000000000015000262","0005284522"
"0.300","6827","C","6827","000010","C","ZSDN","","TO","000000000015000114","0005284523"
"0.850","6827","C","6827","000020","C","ZSDN","","TO","000000000015000444","0005284523"
"0.300","6827","C","6827","000010","C","ZSDN","","TO","000000000015000114","0005284524"
"0.850","6827","C","6827","000020","C","ZSDN","","TO","000000000015000444","0005284524"
"0.050","6826","C","6826","000010","C","ZSDN","","TO","000000000015000114","0005284525"
"0.150","6830","C","6830","000010","C","ZSDN","","TO","000000000015000069","0005284526"
"0.050","6830","C","6830","000020","C","ZSDN","","TO","000000000015000442","0005284526"
"0.050","4641","C","4641","000010","C","ZSDN","","TO","000000000015000114","0005284527"
"0.050","4641","C","4641","000020","C","ZSDN","","TO","000000000015000114","0005284527"
"0.150","4641","C","4641","000030","C","ZSDN","","TO","000000000015000114","0005284527"
"0.100","4551","C","4551","000010","C","ZSDN","","TO","000000000015000442","0005284528"
"0.050","4641","C","4641","000010","C","ZSDN","","TO","000000000015000114","0005284529"
"0.050","4641","C","4641","000020","C","ZSDN","","TO","000000000015000114","0005284529"
"0.150","4641","C","4641","000030","C","ZSDN","","TO","000000000015000114","0005284529"
"0.100","4551","C","4551","000010","C","ZSDN","","TO","000000000015000442","0005284530"
"0.150","6830","C","6830","000010","C","ZSDN","","TO","000000000015000069","0005284531"
"0.050","6830","C","6830","000020","C","ZSDN","","TO","000000000015000442","0005284531"
"0.300","6827","C","6827","000010","C","ZSDN","","TO","000000000015000114","0005284532"
"0.850","6827","C","6827","000020","C","ZSDN","","TO","000000000015000444","0005284532"
"0.300","6827","C","6827","000010","C","ZSDN","","TO","000000000015000114","0005284533"
"0.850","6827","C","6827","000020","C","ZSDN","","TO","000000000015000444","0005284533"
"0.150","6830","C","6830","000010","C","ZSDN","","TO","000000000015000069","0005284534"
"0.150","4641","C","4641","000010","C","ZSDN","","TO","000000000015000114","0005284535"
"0.050","4641","C","4641","000020","C","ZSDN","","TO","000000000015000114","0005284535"
"2","7683","C","7683","000010","C","ZO99","","TO","000000000015000209","0005284536"
"5","4215","A","4215","000010","A","ZO99","","TO","000000000015000177","0005284537"
"5","1044","A","1044","000010","A","ZO99","","TO","000000000015000114","0005284538"
"5","5374","A","5374","000010","A","ZO99","","TO","000000000015000114","0005284539"
"5","1042","A","1042","000010","A","ZO99","","TO","000000000015000177","0005284540"
"5","1044","A","1044","000020","A","ZO99","","TO","000000000015000207","0005284540"
"5","5374","A","5374","000010","A","ZO99","","TO","000000000015000177","0005284541"
"5","5374","A","5374","000020","A","ZO99","","TO","000000000015000177","0005284541"
"30","1002","B","1002","000010","B","ZO99","","TO","000000000015000262","0005284542"
"10","1042","B","1042","000010","B","ZO99","","TO","000000000015000177","0005284543"
"10","6708","B","6708","000010","B","ZO99","","TO","000000000015000207","0005284544"
"1","1044","A","1044","000010","A","ZO99","","TO","000000000015000207","0005284545"
"10","1025","A","1025","000010","A","ZO99","","TO","000000000015000262","0005284546"
"10","1025","B","1025","000010","B","ZO99","","TO","000000000015000262","0005284547"
"11","1025","B","1025","000010","B","ZO99","","TO","000000000015000266","0005284548"
"10","1022","C","1022","000010","C","ZO99","","TO","000000000015000177","0005284549"
"10","1023","C","1023","000010","C","ZO99","","TO","000000000015000177","0005284550"
"10","1025","B","1025","000010","B","ZO99","","TO","000000000015000266","0005284551"
"10","5374","B","5374","000010","B","ZO99","","TO","000000000015000177","0005284552"
"10","1044","B","1044","000010","B","ZO99","","TO","000000000015000207","0005284553"
"12","1042","B","1042","000010","B","ZO99","","TO","000000000015000177","0005284554"
"14","5126","B","5126","000010","B","ZO99","","TO","000000000015000177","0005284555"
"100","1042","B","1042","000010","B","ZO99","","TO","000000000015000177","0005284556"
"10","1022","C","1022","000010","C","ZO99","","TO","000000000015000179","0005284557"
"1,000","5374","B","5374","000010","B","ZO99","","TO","000000000015000177","0005284558"
"5","3898","A","3898","000010","C","ZO99","00","TO","000000000015000262","0005284559"
"6","1042","A","1042","000010","A","ZO99","","TO","000000000015000177","0005284560"
"6","4215","A","4215","000010","A","ZO99","","TO","000000000015000177","0005284561"
"6","1044","A","1044","000010","A","ZO99","","TO","000000000015000114","0005284562"
"6","5374","A","5374","000010","A","ZO99","","TO","000000000015000114","0005284563"
"6","1042","A","1042","000010","A","ZO99","","TO","000000000015000177","0005284564"
"6","1044","A","1044","000020","A","ZO99","","TO","000000000015000207","0005284564"
"6","5374","A","5374","000010","A","ZO99","","TO","000000000015000177","0005284565"
"6","5374","A","5374","000020","A","ZO99","","TO","000000000015000177","0005284565"
"5","3898","A","3898","000010","C","ZO99","00","TO","000000000015000262","0005284566"
"1","1070","A","1070","000010","A","ZO99","","TO","000000000015000192","0005284567"
"10","4000","B","4000","000010","B","ZO99","","TO","000000000015000444","0005284568"
"100","1022","B","1022","000010","B","ZO99","","TO","000000000015000177","0005284569"
"200","1022","B","1022","000010","B","ZO99","","TO","000000000015000069","0005284570"
"10","4323","A","4323","000010","A","ZO99","","TO","000000000015000261","0005284571"
"5","1005","A","1005","000010","A","ZO99","","TO","000000000015000444","0005284572"
"10","1005","A","1005","000010","A","ZO99","","TO","000000000015000266","0005284573"
"2.500","1005","A","1005","000010","A","ZO99","","TO","000000000015000266","0005284574"
"5","1005","A","1005","000010","A","ZO99","","TO","000000000015000266","0005284575"
"5","8102","A","8102","000010","A","ZO99","","TO","000000000015000266","0005284576"
"5","1005","A","1005","000010","A","ZO99","","TO","000000000015000266","0005284577"
"0.050","8172","C","8172","000010","C","ZSDN","","TO","000000000015000266","0005284578"
"0.150","8172","C","8172","000020","C","ZSDN","","TO","000000000015000069","0005284578"
"0.200","8172","C","8172","000030","C","ZSDN","","TO","000000000015000444","0005284578"
"0.800","8172","C","8172","000040","C","ZSDN","","TO","000000000015000262","0005284578"
"0.050","8172","C","8172","000050","C","ZSDN","","TO","000000000015000266","0005284578"
"0.050","8172","C","8172","000010","C","ZSDN","","TO","000000000015000266","0005284579"
"0.150","8172","C","8172","000020","C","ZSDN","","TO","000000000015000069","0005284579"
"0.200","8172","C","8172","000030","C","ZSDN","","TO","000000000015000444","0005284579"
"0.800","8172","C","8172","000040","C","ZSDN","","TO","000000000015000262","0005284579"
"0.050","8172","C","8172","000050","C","ZSDN","","TO","000000000015000266","0005284579"
"0.050","8172","C","8172","000010","C","ZSDN","","TO","000000000015000266","0005284580"
"0.150","8172","C","8172","000020","C","ZSDN","","TO","000000000015000069","0005284580"
"0.200","8172","C","8172","000030","C","ZSDN","","TO","000000000015000444","0005284580"
"0.800","8172","C","8172","000040","C","ZSDN","","TO","000000000015000262","0005284580"
"0.050","8172","C","8172","000050","C","ZSDN","","TO","000000000015000266","0005284580"
"0.050","8172","C","8172","000010","C","ZSDN","","TO","000000000015000266","0005284581"
"0.150","8172","C","8172","000020","C","ZSDN","","TO","000000000015000069","0005284581"
"0.200","8172","C","8172","000030","C","ZSDN","","TO","000000000015000444","0005284581"
"0.800","8172","C","8172","000040","C","ZSDN","","TO","000000000015000262","0005284581"
"0.050","8172","C","8172","000050","C","ZSDN","","TO","000000000015000266","0005284581"
"1","8161","C","8161","000010","C","ZSDN","","TO","000000000015000266","0005284582"
"1","8161","C","8161","000010","C","ZSDN","","TO","000000000015000266","0005284583"
"0.150","8172","C","8172","000010","C","ZSDN","","TO","000000000015000114","0005284584"
"0.150","8132","C","8132","000010","C","ZSDN","","TO","000000000015000262","0005284585"
"0.100","3836","C","3836","000010","C","ZSDN","","TO","000000000015000090","0005284586"
"0.050","3836","C","3836","000020","C","ZSDN","","TO","000000000015000090","0005284586"
"0.100","3836","C","3836","000030","C","ZSDN","","TO","000000000015000090","0005284586"
"10","5374","A","5374","000010","A","ZO99","","TO","000000000015000177","0005284587"
"150","1041","B","1041","000010","B","ZO99","","TO","000000000015000177","0005284588"
"1,000","5374","A","5374","000010","A","ZO99","","TO","000000000015000177","0005284589"
"10","8161","A","8161","000010","C","ZO99","22","TO","000000000015000262","0005284590"
"25","1005","A","1005","000010","A","ZO99","","TO","000000000015000266","0005284591"
"0.875","1025","C","1025","000010","C","ZSDN","","TO","000000000014000035","0005284592"
"0.375","1022","C","1022","000010","C","ZSDN","","TO","000000000014000035","0005284593"
"9.875","1023","C","1023","000010","C","ZSDN","","TO","000000000014000035","0005284594"
"0.775","1023","C","1023","000010","C","ZSDN","","TO","000000000014000035","0005284595"
"0.375","1024","C","1024","000010","C","ZSDN","","TO","000000000014000035","0005284596"
"0.125","1023","C","1023","000010","C","ZSDN","","TO","000000000014000035","0005284597"
"0.475","1022","C","1022","000010","C","ZSDN","","TO","000000000014000035","0005284598"
"0.205","1024","C","1024","000010","C","ZSDN","","TO","000000000014000035","0005284599"
"51.500","1022","B","1022","000010","B","ZO99","","TO","000000000015000114","0005284600"
"27.500","1026","B","1026","000010","B","ZO99","","TO","000000000015000114","0005284601"
"29.500","1025","A","1025","000010","A","ZO99","","TO","000000000015000114","0005284602"
"28.900","1023","A","1023","000010","A","ZO99","","TO","000000000015000114","0005284603"
"51.250","1024","A","1024","000010","A","ZO99","","TO","000000000015000114","0005284604"
"10","1002","C","1002","000010","C","ZO99","","TO","000000000015000262","0005284605"
"1,500","1044","A","1044","000010","A","ZO99","","TO","000000000015000207","0005284606"
"1,500","1045","A","1045","000010","C","ZO99","00","TO","000000000015000207","0005284607"
"30","1002","B","1002","000010","B","ZO99","","TO","000000000015000262","0005284608"
"0.100","6841","C","6841","000010","C","ZSDN","","TO","000000000015000069","0005284609"
"50","1041","B","1041","000010","B","ZO99","","TO","000000000015000177","0005284610"
"40","1044","A","1044","000010","A","ZO99","","TO","000000000015000207","0005284611"
"510","1045","B","1045","000010","B","ZO99","","TO","000000000015000207","0005284612"
"300","5374","B","5374","000010","B","ZO99","","TO","000000000015000177","0005284613"
"50","1044","A","1044","000010","A","ZO99","","TO","000000000015000207","0005284614"
"250","5374","A","5374","000030","A","ZO99","","TO","000000000015000177","0005284614"
"30","1002","C","1002","000010","C","ZO99","","TO","000000000015000262","0005284615"
"50","4135","A","4135","000010","A","ZO99","","TO","000000000015000266","0005284616"
"10","4619","A","4619","000010","A","ZO99","","TO","000000000015000069","0005284617"
"0.327","1005","C","1005","000010","C","ZSDN","","TO","000000000014000035","0005284618"
"2.389","1005","C","1005","000020","C","ZSDN","","TO","000000000014000035","0005284618"
"10","1025","C","1025","000010","C","ZO99","","TO","000000000015000114","0005284619"
"50","1023","B","1023","000010","B","ZO99","","TO","000000000015000114","0005284620"
"50","1024","B","1024","000010","B","ZO99","","TO","000000000015000114","0005284621"
"50","1026","B","1026","000010","B","ZO99","","TO","000000000015000114","0005284622"
"100","1002","B","1002","000010","B","ZO99","","TO","000000000015000262","0005284623"
"10","1002","B","1002","000010","B","ZO99","","TO","000000000015000262","0005284624"
"0.247","1005","C","1005","000010","C","ZSDN","","TO","000000000014000035","0005284625"
"0.226","1005","C","1005","000020","C","ZSDN","","TO","000000000014000035","0005284625"
"0.254","1005","C","1005","000030","C","ZSDN","","TO","000000000014000035","0005284625"
"35","1026","A","1026","000010","A","ZO99","","TO","000000000015000069","0005284626"
"37","1025","A","1025","000010","A","ZO99","","TO","000000000015000069","0005284627"
"47.950","1022","A","1022","000010","A","ZO99","","TO","000000000015000179","0005284628"
"20","1002","B","1002","000010","B","ZO99","","TO","000000000015000262","0005284629"
"0.375","1022","C","1022","000010","C","ZSDN","","TO","000000000014000035","0005284630"
"0.775","1023","C","1023","000010","C","ZSDN","","TO","000000000014000035","0005284631"
"12","1024","C","1024","000010","C","ZSDN","","TO","000000000014000035","0005284632"
"0.875","1025","C","1025","000010","C","ZSDN","","TO","000000000014000035","0005284633"
"0.175","1024","C","1024","000010","C","ZSDN","","TO","000000000014000035","0005284634"
"20","1002","B","1002","000010","B","ZO99","","TO","000000000015000262","0005284635"
"10","1301","C","1301","000010","C","ZO99","","TO","000000000015000207","0005284636"
"0.075","1025","C","1025","000010","C","ZSDN","","TO","000000000014000035","0005284637"
"1.675","1022","C","1022","000010","C","ZSDN","","TO","000000000014000035","0005284638"
"0.175","1023","C","1023","000010","C","ZSDN","","TO","000000000014000035","0005284639"
"0.275","1024","C","1024","000010","C","ZSDN","","TO","000000000014000035","0005284640"
"0.875","1023","C","1023","000010","C","ZSDN","","TO","000000000014000035","0005284641"
"1.025","1024","C","1024","000010","C","ZSDN","","TO","000000000014000035","0005284642"
"0.275","1024","C","1024","000010","C","ZSDN","","TO","000000000014000035","0005284643"
"0.175","1022","C","1022","000010","C","ZSDN","","TO","000000000014000035","0005284644"
"1.125","1023","C","1023","000010","C","ZSDN","","TO","000000000014000035","0005284645"
"0.275","1024","C","1024","000010","C","ZSDN","","TO","000000000014000035","0005284646"
"1.325","1024","C","1024","000020","C","ZSDN","","TO","000000000014000035","0005284646"
"0.305","1022","C","1022","000010","C","ZSDN","","TO","000000000014000035","0005284647"
"0.075","1025","C","1025","000010","C","ZSDN","","TO","000000000014000035","0005284648"
"0.075","1023","C","1023","000010","C","ZSDN","","TO","000000000014000035","0005284649"
"0.905","1025","C","1025","000010","C","ZSDN","","TO","000000000014000035","0005284650"
"0.175","1023","C","1023","000010","C","ZSDN","","TO","000000000014000035","0005284651"
"0.275","1024","C","1024","000010","C","ZSDN","","TO","000000000014000035","0005284652"
"100","1012","A","1012","000010","A","ZO99","","TO","000000000015000114","0005284653"
"1,099","2101","A","2101","000010","A","ZRMC","","M3","000000000023000626","0005284654"
"500","1301","A","1301","000010","A","ZO99","","TO","000000000015000117","0005284655"
"0.006","1005","C","1005","000010","C","ZSDN","","TO","000000000014000035","0005284656"
"0.005","1005","C","1005","000020","C","ZSDN","","TO","000000000014000035","0005284656"
"0.012","1005","C","1005","000030","C","ZSDN","","TO","000000000014000035","0005284656"
"1","2125","A","2125","000010","A","ZRMC","","M3","000000000023000549","0005284657"
"0.128","1006","C","1006","000010","C","ZSDN","","TO","000000000014000035","0005284658"
"0.130","1006","C","1006","000020","C","ZSDN","","TO","000000000014000035","0005284658"
"0.120","1006","C","1006","000030","C","ZSDN","","TO","000000000014000035","0005284658"
"0.337","1006","C","1006","000040","C","ZSDN","","TO","000000000014000035","0005284658"
"0.127","1006","C","1006","000050","C","ZSDN","","TO","000000000014000035","0005284658"
"100","6359","A","6359","000010","A","ZO99","","TO","000000000015000178","0005284659"
"100","5415","A","5415","000010","A","ZO99","","TO","000000000015000208","0005284660"
"100","1004","A","1004","000010","A","ZO99","","TO","000000000015000177","0005284661"
"100","3829","A","3829","000010","A","ZO99","","TO","000000000015000177","0005284662"
"100","4215","A","4215","000010","A","ZO99","","TO","000000000015000177","0005284663"
"100","5374","A","5374","000010","A","ZO99","","TO","000000000015000177","0005284664"
"10","1004","A","1004","000010","A","ZO99","","TO","000000000015000177","0005284665"
"10","1004","A","1004","000010","A","ZO99","","TO","000000000015000177","0005284666"
"40","1005","A","1005","000010","A","ZO99","","TO","000000000015000266","0005284667"
"0.134","1010","C","1010","000010","C","ZSDN","","TO","000000000014000035","0005284668"
"0.243","1010","C","1010","000020","C","ZSDN","","TO","000000000014000035","0005284668"
"20","1005","A","1005","000010","A","ZO99","","TO","000000000015000266","0005284669"
"100","2105","A","2105","000010","C","ZRMC","02","M3","000000000023000161","0005284670"
"20","1005","A","1005","000010","A","ZO99","","TO","000000000015000266","0005284675"
"20","1005","A","1005","000010","A","ZO99","","TO","000000000015000266","0005284676"
"20","1005","A","1005","000010","A","ZO99","","TO","000000000015000266","0005284678"
"8","6750","A","6750","000010","A","ZO99","","TO","000000000015000266","0005284679"
"100","5374","A","5374","000010","A","ZO99","","TO","000000000015000177","0005284680"
"100","1041","A","1041","000010","A","ZO99","","TO","000000000015000177","0005284681"
"100","1042","A","1042","000010","A","ZO99","","TO","000000000015000177","0005284682"
"100","1041","A","1041","000010","A","ZO99","","TO","000000000015000177","0005284683"
"100","1041","A","1041","000010","A","ZO99","","TO","000000000015000177","0005284684"
"100","1042","A","1041","000010","A","ZO99","","TO","000000000015000177","0005284685"
"100","5374","A","5374","000010","A","ZO99","","TO","000000000015000177","0005284686"
"120","2108","A","2108","000010","A","ZRMC","","M3","000000000023000161","0005284687"
"10","4215","B","4215","000010","B","ZO99","","TO","000000000015000177","0005284688"
"10","1041","C","1041","000010","C","ZO99","","TO","000000000015000266","0005284689"
"100","1042","A","1042","000010","A","ZO99","","TO","000000000015000177","0005284690"
"100","4215","A","4215","000010","A","ZO99","","TO","000000000015000177","0005284691"
"1","4215","A","4215","000010","A","ZO99","","TO","000000000015000177","0005284692"
"100","5374","C","5374","000010","C","ZO99","","TO","000000000015000177","0005284693"
"20","1005","A","1005","000010","A","ZO99","","TO","000000000015000266","0005284694"
"100","5374","B","5374","000010","B","ZO99","","TO","000000000015000177","0005284695"
"100","1042","B","1042","000010","B","ZO99","","TO","000000000015000177","0005284696"
"100","1041","A","1041","000010","A","ZO99","","TO","000000000015000177","0005284697"
"100","3829","A","3829","000010","A","ZO99","","TO","000000000015000177","0005284698"
"50","1042","A","1042","000010","A","ZO99","","TO","000000000015000177","0005284699"
"10","1042","A","1042","000010","A","ZO99","","TO","000000000015000177","0005284700"
"100","5415","A","5415","000010","A","ZO99","","TO","000000000015000178","0005284701"
"1,500","1042","A","1042","000010","A","ZO99","","TO","000000000015000177","0005284702"
"100","6359","A","6359","000010","A","ZO99","","TO","000000000015000177","0005284703"
"1,500","5374","A","5374","000010","A","ZO99","","TO","000000000015000177","0005284704"
"50","1010","A","1010","000010","A","ZO99","","TO","000000000015000177","0005284705"
"63","5415","A","5415","000010","A","ZO99","","TO","000000000015000178","0005284706"
"20","1005","A","1005","000010","A","ZO99","","TO","000000000015000266","0005284707"
"1","1042","A","1042","000010","A","ZO99","","TO","000000000015000177","0005284708"
"10","4215","A","4215","000010","A","ZO99","","TO","000000000015000177","0005284709"
"300","5374","B","5374","000010","B","ZO99","","TO","000000000015000177","0005284710"
"10","4780","B","4780","000010","B","ZO99","","TO","000000000015000444","0005284711"
"20","2105","A","2105","000010","A","ZRMC","","M3","000000000023000161","0005284712"
"50","2105","A","2105","000010","A","ZRMC","","M3","000000000023000161","0005284713"
"50","6777","B","6777","000010","B","ZO99","","TO","000000000015000177","0005284714"
"100","1000","A","1000","000010","A","ZO99","","TO","000000000015000262","0005284715"
"100","4215","B","4215","000010","B","ZO99","","TO","000000000015000177","0005284716"
"1","1042","A","1042","000010","A","ZO99","","TO","000000000015000177","0005284717"
"54","1304","A","1304","000010","A","ZO99","","TO","000000000015000177","0005284718"
"22.390","1008","A","1008","000010","A","ZO99","","TO","000000000015000194","0005284719"
"100","1004","C","1004","000010","C","ZO99","","TO","000000000015000179","0005284720"
"100","2125","A","2125","000010","A","ZRMC","","M3","000000000023000549","0005284721"
"100","2101","A","2101","000010","A","ZRMC","","M3","000000000023000161","0005284722"
"100","1040","C","1040","000010","C","ZO99","","TO","000000000015000194","0005284723"
"10","1005","A","1005","000010","A","ZO99","","TO","000000000015000444","0005284724"
"10","1005","A","1005","000010","A","ZO99","","TO","000000000015000444","0005284725"
"10","1005","A","1005","000010","A","ZO99","","TO","000000000015000444","0005284726"
"1","1042","A","1042","000010","A","ZO99","","TO","000000000015000177","0005284727"
"1","1042","A","1042","000010","A","ZO99","","TO","000000000015000177","0005284728"
"1","1042","A","1042","000010","A","ZO99","","TO","000000000015000177","0005284729"
"2","1004","A","1004","000010","A","ZO99","","TO","000000000015000194","0005284730"
"3","1004","A","1004","000010","A","ZO99","","TO","000000000015000194","0005284731"
"3","1042","A","1042","000010","A","ZO99","","TO","000000000015000177","0005284732"
"10","4215","C","4215","000010","C","ZO99","","TO","000000000015000114","0005284733"
"5","8172","A","8172","000010","A","ZO99","","TO","000000000015000114","0005284734"
"5","1005","A","1005","000010","A","ZO99","","TO","000000000015000266","0005284735"
"20","1005","A","1005","000010","A","ZO99","","TO","000000000015000266","0005284736"
"20","8132","A","8132","000010","A","ZO99","","TO","000000000015000266","0005284737"
"8","1002","B","1002","000010","B","ZO99","","TO","000000000015000262","0005284738"
"20","8132","A","8132","000010","A","ZO99","","TO","000000000015000266","0005284739"
"20","1005","A","1005","000010","A","ZO99","","TO","000000000015000266","0005284740"
"2.500","5346","A","5346","000010","A","ZO99","","TO","000000000015000441","0005284741"
"8","5346","A","5346","000010","A","ZO99","","TO","000000000015000441","0005284742"
"200","1022","A","1022","000010","A","ZO99","","TO","000000000015000114","0005284743"
"20","1304","A","1304","000010","A","ZO99","","TO","000000000015000069","0005284744"
"10","8172","A","8172","000010","A","ZO99","","TO","000000000015000114","0005284745"
"15","1005","A","1005","000010","C","ZO99","22","TO","000000000015000114","0005284746"
"200","1000","A","1000","000010","A","ZO99","","TO","000000000015000177","0005284747"
"20","1041","A","1041","000010","A","ZO99","","TO","000000000015000114","0005284748"
"30","1002","B","1002","000010","B","ZO99","","TO","000000000015000262","0005284749"
"10","1042","A","1042","000010","A","ZO99","","TO","000000000015000177","0005284750"
"500","1045","B","1045","000010","B","ZO99","","TO","000000000015000354","0005284751"
"500","1045","A","1045","000010","A","ZO99","","TO","000000000015000354","0005284752"
"500","1045","A","1045","000010","A","ZO99","","TO","000000000015000445","0005284753"
"499","1045","B","1045","000010","B","ZO99","","TO","000000000015000357","0005284754"
"500","1045","B","1045","000010","B","ZO99","","TO","000000000015000357","0005284755"
"499","1045","B","1045","000010","B","ZO99","","TO","000000000015000357","0005284756"
"497","1045","B","1045","000010","B","ZO99","","TO","000000000015000354","0005284757"
"432","1045","B","1045","000010","B","ZO99","","TO","000000000015000354","0005284758"
"456","1045","B","1045","000010","B","ZO99","","TO","000000000015000357","0005284759"
"1","4619","A","4619","000010","C","ZO99","Z2","TO","000000000015000114","0005284760"
"20","1040","C","1040","000010","C","ZO99","","TO","000000000015000194","0005284761"
"50","1011","A","1011","000010","C","ZO99","ZG","M3","000000000015000033","0005284762"
"10","1010","B","1010","000010","B","ZO99","","TO","000000000015000359","0005284763"
"500","1045","B","1045","000010","B","ZO99","","TO","000000000015000179","0005284764"
"500","1045","B","1045","000010","B","ZO99","","TO","000000000015000179","0005284765"
"488","1045","A","1045","000010","A","ZO99","","TO","000000000015000177","0005284766"
"50","1011","A","1011","000010","C","ZO99","ZG","M3","000000000015000033","0005284767"
"50","1304","A","1304","000010","A","ZO99","","TO","000000000015000114","0005284768"
"20","1011","A","1011","000010","C","ZO99","ZG","M3","000000000015000033","0005284769"
"500","1045","A","1045","000010","A","ZO99","","TO","000000000015000179","0005284770"
"467","1045","A","1045","000010","A","ZO99","","TO","000000000015000458","0005284771"
"489","1045","B","1045","000010","B","ZO99","","TO","000000000015000357","0005284772"
"0.500","4619","C","4619","000010","C","ZO99","","TO","000000000015000114","0005284773"
"25","1004","B","1004","000010","B","ZO99","","TO","000000000015000441","0005284774"
"10","1304","A","1304","000010","A","ZO99","","TO","000000000015000444","0005284775"
"10","8353","A","8353","000010","A","ZO99","","TO","000000000015000114","0005284776"
"10","1304","A","1304","000010","A","ZO99","","TO","000000000015000444","0005284777"
"10","1304","A","1304","000010","A","ZO99","","TO","000000000015000444","0005284778"
"14","1304","A","1304","000010","A","ZO99","","TO","000000000015000444","0005284779"
"10","1304","B","1304","000010","B","ZO99","","TO","000000000015000266","0005284780"
"15","8093","A","8093","000010","A","ZO99","","TO","000000000015000114","0005284781"
"10","8161","A","8161","000010","A","ZO99","","TO","000000000015000266","0005284782"
"10","1304","A","1304","000010","A","ZO99","","TO","000000000015000266","0005284783"
"10","1304","A","1304","000010","A","ZO99","","TO","000000000015000444","0005284784"
"10","1304","A","1304","000010","A","ZO99","","TO","000000000015000069","0005284785"
"10","5346","A","5346","000010","A","ZO99","","TO","000000000015000360","0005284786"
"10","1304","A","1304","000010","A","ZO99","","TO","000000000015000069","0005284787"
"10","1304","A","1304","000010","A","ZO99","","TO","000000000015000444","0005284788"
"10","5026","A","5026","000010","A","ZO99","","TO","000000000015000266","0005284789"
"7","6086","A","6086","000010","A","ZO99","","TO","000000000015000444","0005284790"
"10","1304","A","1304","000010","A","ZO99","","TO","000000000015000262","0005284791"
"10","1304","A","1304","000010","A","ZO99","","TO","000000000015000262","0005284792"
"3","1304","A","1304","000010","A","ZO99","","TO","000000000015000266","0005284793"
"50","1304","B","1304","000010","B","ZO99","","TO","000000000015000266","0005284794"
"25","1304","B","1304","000010","B","ZO99","","TO","000000000015000266","0005284795"
"25","1304","B","1304","000010","B","ZO99","","TO","000000000015000444","0005284796"
"25","1304","B","1304","000010","B","ZO99","","TO","000000000015000266","0005284797"
"50","1304","B","1304","000010","B","ZO99","","TO","000000000015000266","0005284798"
"50","1010","B","1010","000010","B","ZO99","","TO","000000000015000359","0005284799"
"50","5232","A","5232","000010","A","ZO99","","TO","000000000015000266","0005284800"
"35","5232","A","5232","000010","A","ZO99","","TO","000000000015000266","0005284801"
"50","1010","B","1010","000010","B","ZO99","","TO","000000000015000359","0005284802"
"50","5346","A","5346","000010","A","ZO99","","TO","000000000015000069","0005284803"
"50","1004","A","1004","000010","A","ZO99","","TO","000000000015000359","0005284804"
"50","1004","B","1004","000010","B","ZO99","","TO","000000000015000441","0005284805"
"50","1304","B","1304","000010","B","ZO99","","TO","000000000015000444","0005284806"
"50","1304","B","1304","000010","B","ZO99","","TO","000000000015000444","0005284807"
"50","1304","B","1304","000010","B","ZO99","","TO","000000000015000444","0005284808"
"50","5346","B","5346","000010","B","ZO99","","TO","000000000015000069","0005284809"
"40","1304","A","1304","000010","A","ZO99","","TO","000000000015000118","0005284810"
"48","1010","B","1010","000010","B","ZO99","","TO","000000000015000359","0005284811"
"42","5346","A","5346","000010","A","ZO99","","TO","000000000015000444","0005284812"
"50","5346","A","5346","000010","A","ZO99","","TO","000000000015000444","0005284813"
"30","1010","B","1010","000010","B","ZO99","","TO","000000000015000359","0005284814"
"500","5415","B","5415","000010","B","ZO99","","TO","000000000015000288","0005284815"
"499","5415","A","5415","000010","A","ZO99","","TO","000000000015000280","0005284816"
"500","5415","B","5415","000010","B","ZO99","","TO","000000000015000459","0005284817"
"500","5415","B","5415","000010","B","ZO99","","TO","000000000015000459","0005284818"
"499","5415","B","5415","000010","B","ZO99","","TO","000000000015000208","0005284819"
"499","5415","B","5415","000010","B","ZO99","","TO","000000000015000210","0005284820"
"499","5415","A","5415","000010","A","ZO99","","TO","000000000015000208","0005284821"
"499","5415","B","5415","000010","B","ZO99","","TO","000000000015000210","0005284822"
"20","1011","A","1011","000010","C","ZO99","Z9","M3","000000000015000033","0005284823"
"20","1011","A","1011","000010","A","ZO99","","M3","000000000015000033","0005284824"
"500","1012","B","1012","000010","B","ZO99","","TO","000000000015000266","0005284825"
"500","1012","B","1012","000010","B","ZO99","","TO","000000000015000266","0005284826"
"500","1012","B","1012","000010","B","ZO99","","TO","000000000015000262","0005284827"
"500","1012","B","1012","000010","B","ZO99","","TO","000000000015000262","0005284828"
"100","1042","A","1042","000010","A","ZO99","","TO","000000000015000177","0005284829"
"100","1005","A","1005","000010","A","ZO99","","TO","000000000015000444","0005284830"
"1.409","1010","C","1010","000010","C","ZSDN","","TO","000000000014000035","0005284831"
"0.250","1000","C","1000","000010","C","ZSTS","","TO","000000000011000022","0005284832"
"0.690","1000","C","1000","000010","C","ZSTS","","TO","000000000011000022","0005284833"
"500","1004","A","1004","000010","A","ZO99","","TO","000000000015000209","0005284834"
"500","1004","A","1004","000010","A","ZO99","","TO","000000000015000207","0005284835"
"500","1004","A","1004","000010","A","ZO99","","TO","000000000015000207","0005284836"
"500","1004","A","1004","000010","A","ZO99","","TO","000000000015000207","0005284837"
"25","1304","A","1304","000010","A","ZO99","","TO","000000000015000444","0005284838"
"20","1304","A","1304","000010","A","ZO99","","TO","000000000015000266","0005284839"
"10","1042","A","1042","000010","A","ZO99","","TO","000000000015000177","0005284840"
"10","1304","A","1304","000010","A","ZO99","","TO","000000000015000444","0005284841"
"10","1042","A","1042","000010","A","ZO99","","TO","000000000015000177","0005284842"
"25","1304","A","1304","000010","A","ZO99","","TO","000000000015000444","0005284843"
"50","1304","A","1304","000010","A","ZO99","","TO","000000000015000444","0005284844"
"40","1304","A","1304","000010","A","ZO99","","TO","000000000015000069","0005284845"
"3","1004","A","1004","000010","A","ZO99","","TO","000000000015000359","0005284846"
"2.500","1004","A","1004","000010","A","ZO99","","TO","000000000015000441","0005284847"
"2.750","1304","A","1304","000010","A","ZO99","","TO","000000000015000266","0005284848"
"5","1304","A","1304","000010","A","ZO99","","TO","000000000015000069","0005284849"
"4.500","1304","A","1304","000010","A","ZO99","","TO","000000000015000069","0005284850"
"2.500","1304","A","1304","000010","A","ZO99","","TO","000000000015000069","0005284851"
"3","1304","A","1304","000010","A","ZO99","","TO","000000000015000444","0005284852"
"5","1004","A","1004","000010","A","ZO99","","TO","000000000015000441","0005284853"
"7.500","1004","A","1004","000010","A","ZO99","","TO","000000000015000359","0005284854"
"5","3961","A","3961","000010","A","ZO99","","TO","000000000015000266","0005284855"
"6","3961","A","3961","000010","A","ZO99","","TO","000000000015000444","0005284856"
"7.500","1010","A","1010","000010","A","ZO99","","TO","000000000015000117","0005284857"
"10","1004","A","1004","000010","A","ZO99","","TO","000000000015000441","0005284858"
"5","1004","A","1004","000010","A","ZO99","","TO","000000000015000360","0005284859"
"10","5346","A","5346","000010","A","ZO99","","TO","000000000015000360","0005284860"
"25","5346","A","5346","000010","A","ZO99","","TO","000000000015000117","0005284861"
"15","1010","A","1010","000010","A","ZO99","","TO","000000000015000359","0005284862"
"15","6359","A","6359","000010","A","ZO99","","TO","000000000015000070","0005284863"
"500","1000","A","1000","000010","A","ZO99","","TO","000000000015000177","0005284864"
"500","1000","A","1000","000010","A","ZO99","","TO","000000000015000177","0005284865"
"500","1000","A","1000","000010","A","ZO99","","TO","000000000015000177","0005284866"
"500","1000","B","1000","000010","B","ZO99","","TO","000000000015000179","0005284867"
"489","1000","A","1000","000010","A","ZO99","","TO","000000000015000179","0005284868"
"570","1000","B","1000","000010","B","ZO99","","TO","000000000015000262","0005284869"
"480","1000","B","1000","000010","B","ZO99","","TO","000000000015000266","0005284870"
"300","1000","A","1000","000010","A","ZO99","","TO","000000000015000262","0005284871"
"500","1000","A","1000","000010","A","ZO99","","TO","000000000015000444","0005284872"
"500","1000","B","1000","000010","B","ZO99","","TO","000000000015000444","0005284873"
"500","8353","B","8353","000010","B","ZO99","","TO","000000000015000114","0005284874"
"400","8353","B","8353","000010","B","ZO99","","TO","000000000015000114","0005284875"
"1,200","1301","A","1301","000010","A","ZO99","","TO","000000000015000114","0005284876"
"1,200","1301","B","1301","000010","B","ZO99","","TO","000000000015000114","0005284877"
"1,200","1301","A","1301","000010","A","ZO99","","TO","000000000015000114","0005284878"
"1,200","1301","A","1301","000010","A","ZO99","","TO","000000000015000114","0005284879"
"25","1301","A","1301","000010","A","ZO99","","TO","000000000015000114","0005284880"
"25","1301","A","1301","000010","A","ZO99","","TO","000000000015000114","0005284881"
"33","1301","B","1301","000010","B","ZO99","","TO","000000000015000209","0005284882"
"25","1301","C","1301","000010","C","ZO99","","TO","000000000015000207","0005284883"
"13","1301","C","1301","000010","C","ZO99","","TO","000000000015000114","0005284884"
"30","1301","C","1301","000010","C","ZO99","","TO","000000000015000354","0005284885"
"13","1301","C","1301","000010","C","ZO99","","TO","000000000015000262","0005284886"
"100","1047","A","1047","000010","A","ZRMC","","M3","000000000023000016","0005284887"
"25","1301","B","1301","000010","B","ZO99","","TO","000000000015000209","0005284888"
"40","1301","B","1301","000010","B","ZO99","","TO","000000000015000209","0005284889"
"45","1301","B","1301","000010","B","ZO99","","TO","000000000015000209","0005284890"
"13","1301","C","1301","000010","C","ZO99","","TO","000000000015000262","0005284891"
"30","1301","C","1301","000010","C","ZO99","","TO","000000000015000262","0005284892"
"25","1301","C","1301","000010","C","ZO99","","TO","000000000015000458","0005284893"
"30","1301","C","1301","000010","C","ZO99","","TO","000000000015000458","0005284894"
"19","1301","C","1301","000010","C","ZO99","","TO","000000000015000458","0005284895"
"50","1304","B","1304","000010","B","ZO99","","TO","000000000015000444","0005284896"
"50","5232","A","5232","000010","A","ZO99","","TO","000000000015000266","0005284897"
"10","1042","A","1042","000010","A","ZO99","","TO","000000000015000177","0005284898"
