"VSART","VBELN","POSNR","SDABW","INCO1"
"01","0005284000","000000","SP01","FTB"
"01","0005284000","000010","SP01","FTP"
"01","0005284001","000000","SP01","FTB"
"01","0005284001","000010","SP01","FTB"
"01","0005284002","000000","SP01","FTB"
"01","0005284002","000010","SP01","FTB"
"01","0005284003","000000","SP02","FTB"
"01","0005284003","000010","SP02","FTP"
"01","0005284004","000000","SP01","FTB"
"01","0005284004","000010","SP01","FTB"
"01","0005284005","000000","SP02","FTB"
"01","0005284005","000010","SP02","EXP"
"01","0005284006","000000","SP01","FTB"
"01","0005284006","000010","SP01","FTB"
"01","0005284007","000000","SP02","FTP"
"01","0005284007","000010","SP02","FTP"
"01","0005284008","000000","VT01","FTB"
"01","0005284009","000000","SP01","FTB"
"01","0005284009","000010","SP01","FTB"
"01","0005284010","000000","SP01","FTB"
"01","0005284010","000010","SP01","FTP"
"01","0005284011","000000","SP01","FTB"
"01","0005284011","000010","SP01","EXP"
"01","0005284012","000000","VT01","FTB"
"01","0005284013","000000","SP01","FTB"
"01","0005284013","000010","SP01","FTB"
"01","0005284014","000000","SP05","EXP"
"01","0005284014","000010","SP05","EXP"
"01","0005284015","000000","VT01","FTB"
"01","0005284015","000010","VT01","FTB"
"01","0005284016","000000","VT01","FTB"
"01","0005284016","000010","VT01","FTB"
"01","0005284017","000000","SP01","FTB"
"01","0005284017","000010","SP01","EXP"
"01","0005284018","000000","SP02","FTP"
"01","0005284018","000010","SP02","FTP"
"01","0005284019","000000","SP01","FTB"
"01","0005284019","000010","SP01","FTB"
"01","0005284020","000000","SP05","EXP"
"01","0005284020","000010","SP05","EXP"
"01","0005284021","000000","VT01","FTB"
"01","0005284022","000000","SP01","FTB"
"01","0005284022","000010","SP01","FTB"
"01","0005284023","000000","VT01","FTB"
"01","0005284024","000000","VT01","FTB"
"01","0005284024","000010","VT01","FTB"
"01","0005284025","000000","SP01","FTB"
"01","0005284025","000010","SP01","FTB"
"01","0005284026","000000","SP01","FTB"
"01","0005284026","000010","SP01","FTB"
"01","0005284027","000000","VT01","FTB"
"01","0005284027","000010","VT01","FTB"
"01","0005284028","000000","SP01","FTB"
"01","0005284028","000010","SP01","FTB"
"01","0005284029","000000","SP01","FTB"
"01","0005284029","000010","SP01","FTB"
"01","0005284030","000000","SP01","FTB"
"01","0005284030","000010","SP01","FTB"
"01","0005284031","000000","SP01","FTB"
"01","0005284031","000010","SP01","EXP"
"01","0005284032","000000","VT01","FTB"
"01","0005284032","000010","VT01","FTB"
"","0005284033","000000","","FTB"
"01","0005284034","000000","SP05","FTB"
"01","0005284034","000010","SP05","FTP"
"01","0005284035","000000","SP01","FTB"
"01","0005284035","000010","SP01","FTB"
"01","0005284036","000000","SP01","FTB"
"01","0005284036","000010","SP01","FTB"
"01","0005284037","000000","VT01","FTB"
"01","0005284037","000010","VT01","FTB"
"01","0005284038","000000","SP01","FTB"
"01","0005284038","000010","SP01","FTB"
"01","0005284039","000000","SP01","FTB"
"01","0005284039","000010","SP01","EXP"
"01","0005284040","000000","VT01","FTB"
"01","0005284040","000010","VT01","FTB"
"01","0005284041","000000","SP01","FTB"
"01","0005284041","000010","SP01","FTB"
"01","0005284042","000000","SP01","FTB"
"01","0005284042","000010","SP01","FTB"
"01","0005284043","000000","SP01","FTB"
"01","0005284043","000010","SP01","FTB"
"01","0005284044","000000","VT01","FTB"
"01","0005284044","000010","VT01","FTB"
"01","0005284045","000000","SP01","FTB"
"01","0005284045","000010","SP01","FTB"
"01","0005284046","000000","SP01","FTB"
"01","0005284046","000010","SP01","FTB"
"01","0005284047","000000","SP01","FTB"
"01","0005284047","000010","SP01","FTB"
"01","0005284048","000000","SP02","FTB"
"01","0005284048","000010","SP02","FTP"
"01","0005284049","000000","VT01","FTB"
"01","0005284049","000010","VT01","FTB"
"01","0005284050","000000","SP01","FTB"
"01","0005284050","000010","SP01","FTB"
"01","0005284051","000000","SP01","FTB"
"01","0005284051","000010","SP01","FTB"
"01","0005284052","000000","SP01","FTB"
"01","0005284052","000010","SP01","FTB"
"01","0005284053","000000","VT01","FTB"
"01","0005284053","000010","VT01","FTB"
"01","0005284054","000000","VT01","FTB"
"01","0005284055","000000","SP01","FTB"
"01","0005284055","000010","SP01","FTB"
"01","0005284056","000000","VT01","FTB"
"01","0005284056","000010","VT01","FTB"
"01","0005284057","000000","SP01","FTB"
"01","0005284057","000010","SP01","FTB"
"01","0005284058","000000","SP01","FTB"
"01","0005284058","000010","SP01","EXP"
"01","0005284059","000000","SP01","FTB"
"01","0005284059","000010","SP01","FTB"
"01","0005284060","000000","SP01","FTB"
"01","0005284060","000010","SP01","FTB"
"01","0005284061","000000","SP01","FTB"
"01","0005284061","000010","SP01","FTB"
"01","0005284062","000000","VT01","FTB"
"01","0005284062","000010","VT01","FTB"
"01","0005284063","000000","SP01","FTB"
"01","0005284064","000000","SP01","FTB"
"01","0005284064","000010","SP01","FTB"
"01","0005284065","000000","SP01","FTB"
"01","0005284065","000010","SP01","FTB"
"01","0005284066","000000","SP02","FTB"
"01","0005284066","000010","SP02","EXP"
"01","0005284067","000000","SP01","FTB"
"01","0005284067","000010","SP01","FTB"
"01","0005284068","000000","SP01","FTB"
"01","0005284068","000010","SP01","FTB"
"01","0005284069","000000","SP01","FTB"
"01","0005284069","000010","SP01","FTP"
"01","0005284070","000000","SP02","EXP"
"01","0005284070","000010","SP05","EXP"
"01","0005284071","000000","SP01","FTB"
"01","0005284071","000010","SP01","FTB"
"01","0005284072","000000","SP01","FTB"
"01","0005284072","000010","SP01","FTB"
"01","0005284073","000000","SP01","FTB"
"01","0005284073","000010","SP01","FTB"
"01","0005284074","000000","SP01","FTB"
"01","0005284074","000010","SP01","FTB"
"01","0005284075","000000","SP01","FTB"
"01","0005284075","000010","SP01","EXP"
"01","0005284076","000000","SP01","FTB"
"01","0005284076","000010","SP01","FTP"
"01","0005284077","000000","SP01","FTB"
"01","0005284077","000010","SP01","FTB"
"01","0005284078","000000","SP01","FTB"
"01","0005284078","000010","SP01","FTP"
"01","0005284079","000000","SP01","FTB"
"01","0005284079","000010","SP01","FTB"
"01","0005284080","000000","SP01","FTB"
"01","0005284080","000010","SP01","FTB"
"01","0005284081","000000","SP01","FTB"
"01","0005284081","000010","SP01","EXP"
"01","0005284082","000000","SP02","FTB"
"01","0005284082","000010","SP02","EXP"
"01","0005284083","000000","SP01","FTB"
"01","0005284083","000010","SP01","FTB"
"01","0005284084","000000","SP01","FTB"
"01","0005284084","000010","SP01","FTP"
"01","0005284085","000000","SP01","FTB"
"01","0005284085","000010","SP01","FTP"
"01","0005284086","000000","SP01","FTB"
"01","0005284086","000010","SP01","FTP"
"01","0005284087","000000","SP01","FTB"
"01","0005284087","000010","SP01","FTB"
"01","0005284088","000000","SP01","FTB"
"01","0005284088","000010","SP01","FTB"
"01","0005284089","000000","SP01","FTB"
"01","0005284089","000010","SP01","FTB"
"01","0005284090","000000","SP01","FTB"
"01","0005284090","000010","SP01","FTB"
"01","0005284091","000000","SP01","FTB"
"01","0005284091","000010","SP01","FTP"
"01","0005284092","000000","SP02","FTP"
"01","0005284092","000010","SP02","FTP"
"01","0005284093","000000","SP01","FTB"
"01","0005284093","000010","SP01","FTB"
"01","0005284094","000000","SP02","FTP"
"01","0005284094","000010","SP02","FTP"
"01","0005284095","000000","SP01","FTB"
"01","0005284095","000010","SP01","FTB"
"01","0005284096","000000","SP01","FTB"
"01","0005284096","000010","SP01","FTP"
"01","0005284097","000000","SP02","FTB"
"01","0005284097","000010","SP02","EXP"
"01","0005284098","000000","SP02","FTP"
"01","0005284098","000010","SP02","FTP"
"01","0005284099","000000","SP01","FTB"
"01","0005284099","000010","SP01","FTB"
"01","0005284100","000000","SP01","FTB"
"01","0005284100","000010","SP01","FTP"
"01","0005284101","000000","SP01","FTB"
"01","0005284101","000010","SP01","EXP"
"01","0005284102","000000","SP01","FTB"
"01","0005284102","000010","SP01","FTB"
"01","0005284103","000000","SP01","FTB"
"01","0005284103","000010","SP01","FTB"
"01","0005284104","000000","SP01","FTB"
"01","0005284104","000010","SP01","FTP"
"","0005284105","000000","","FTB"
"","0005284105","000010","","FTB"
"01","0005284106","000000","SP01","FTB"
"01","0005284106","000010","SP01","FTB"
"01","0005284107","000000","SP01","FTB"
"01","0005284107","000010","SP01","FTP"
"01","0005284108","000000","SP01","FTB"
"01","0005284108","000010","SP01","EXP"
"01","0005284109","000000","SP01","FTB"
"01","0005284109","000010","SP01","FTB"
"01","0005284110","000000","SP01","FTB"
"01","0005284110","000010","SP01","FTP"
"01","0005284111","000000","SP01","FTB"
"01","0005284111","000010","SP01","EXP"
"01","0005284112","000000","SP01","FTB"
"01","0005284112","000010","SP01","FTB"
"01","0005284113","000000","VT01","FTB"
"01","0005284113","000010","VT01","FTB"
"01","0005284114","000000","SP01","FTB"
"01","0005284114","000010","SP01","FTB"
"01","0005284115","000000","SP01","FTB"
"01","0005284115","000010","SP01","EXP"
"01","0005284116","000000","VT01","FTB"
"01","0005284116","000010","VT01","FTB"
"01","0005284117","000000","SP01","FTB"
"01","0005284117","000010","SP01","FTP"
"01","0005284118","000000","SP01","FTB"
"01","0005284118","000010","SP01","FTB"
"01","0005284119","000000","SP01","FTB"
"01","0005284119","000010","SP01","FTB"
"01","0005284120","000000","SP01","FTB"
"01","0005284120","000010","SP01","FTB"
"01","0005284121","000000","SP02","FTP"
"01","0005284121","000010","SP02","FTP"
"01","0005284122","000000","SP01","FTB"
"01","0005284122","000010","SP01","FTB"
"01","0005284123","000000","SP07","FTB"
"01","0005284123","000010","SP07","EXP"
"01","0005284124","000000","SP01","FTB"
"01","0005284124","000010","SP01","FTP"
"01","0005284125","000000","SP01","FTB"
"01","0005284125","000010","SP01","FTB"
"01","0005284126","000000","VT01","FTB"
"01","0005284127","000000","","FTB"
"01","0005284128","000000","SP01","FTB"
"01","0005284128","000010","SP01","FTB"
"01","0005284129","000000","SP01","FTB"
"01","0005284129","000010","SP01","FTB"
"01","0005284130","000000","SP01","FTB"
"01","0005284130","000010","SP01","FTB"
"01","0005284131","000000","SP01","FTB"
"01","0005284131","000010","SP01","FTB"
"","0005284132","000000","","FTB"
"01","0005284133","000000","SP01","FTB"
"01","0005284133","000010","SP01","FTB"
"","0005284134","000000","","FTB"
"01","0005284135","000000","SP01","FTB"
"01","0005284135","000010","SP01","FTB"
"01","0005284136","000000","SP01","FTB"
"01","0005284136","000010","SP01","FTB"
"01","0005284137","000000","SP01","FTB"
"01","0005284137","000010","SP01","FTP"
"01","0005284138","000000","SP01","FTB"
"01","0005284138","000010","SP01","FTP"
"01","0005284139","000000","SP01","FTB"
"01","0005284139","000010","SP01","FTP"
"01","0005284140","000000","SP02","FTB"
"01","0005284140","000010","SP02","EXP"
"01","0005284141","000000","SP01","FTB"
"01","0005284141","000010","SP01","FTB"
"01","0005284142","000000","SP05","EXP"
"01","0005284142","000010","SP05","EXP"
"01","0005284143","000000","SP05","FTB"
"01","0005284143","000010","SP05","EXP"
"01","0005284144","000000","SP01","FTB"
"01","0005284144","000010","SP01","FTP"
"01","0005284145","000000","SP01","FTB"
"01","0005284145","000010","SP01","FTB"
"","0005284146","000000","","FTB"
"","0005284146","000010","","FTB"
"01","0005284147","000000","SP05","EXP"
"01","0005284147","000010","SP05","EXP"
"","0005284148","000000","","FTB"
"01","0005284149","000000","VT01","FTB"
"01","0005284149","000010","VT01","FTB"
"01","0005284150","000000","SP01","FTB"
"01","0005284150","000010","SP01","FTB"
"01","0005284151","000000","VT01","FTB"
"01","0005284152","000000","VT01","FTB"
"01","0005284152","000010","VT01","FTB"
"01","0005284153","000000","SP01","FTB"
"01","0005284153","000010","SP01","FTB"
"01","0005284154","000000","SP02","FTP"
"01","0005284154","000010","SP02","FTP"
"01","0005284155","000000","SP01","FTP"
"01","0005284155","000010","SP01","FTP"
"01","0005284156","000000","SP05","EXP"
"01","0005284156","000010","SP05","EXP"
"01","0005284157","000000","SP02","FTP"
"01","0005284157","000010","SP02","FTP"
"01","0005284158","000000","SP01","FTB"
"01","0005284158","000010","SP01","FTB"
"01","0005284159","000000","SP01","FTB"
"01","0005284159","000010","SP01","FTB"
"01","0005284160","000000","SP07","FTB"
"01","0005284160","000010","SP07","FTP"
"01","0005284161","000000","SP01","FTB"
"01","0005284161","000010","SP01","FTB"
"01","0005284162","000000","SP01","FTB"
"01","0005284162","000010","SP01","FTP"
"01","0005284163","000000","SP01","FTB"
"01","0005284163","000010","SP01","FTB"
"01","0005284164","000000","SP01","FTB"
"01","0005284164","000010","SP01","FTP"
"01","0005284165","000000","SP02","FTP"
"01","0005284165","000010","SP02","FTP"
"01","0005284166","000000","SP05","FTB"
"01","0005284166","000010","SP05","EXP"
"01","0005284167","000000","SP01","FTB"
"01","0005284167","000010","SP01","FTB"
"01","0005284168","000000","VT01","FTB"
"01","0005284169","000000","SP01","FTB"
"01","0005284169","000010","SP01","FTB"
"01","0005284170","000000","VT01","FTB"
"01","0005284171","000000","SP01","FTB"
"01","0005284172","000000","SP02","FTP"
"01","0005284172","000010","SP02","FTP"
"01","0005284173","000000","SP01","FTB"
"01","0005284173","000010","SP01","FTB"
"01","0005284174","000000","SP05","EXP"
"01","0005284174","000010","SP05","EXP"
"01","0005284175","000000","SP01","FTB"
"01","0005284175","000010","SP01","FTB"
"01","0005284176","000000","SP01","FTB"
"01","0005284176","000010","SP01","FTB"
"01","0005284177","000000","SP01","FTB"
"01","0005284177","000010","SP01","FTB"
"01","0005284178","000000","VT01","FTB"
"01","0005284179","000000","SP05","EXP"
"01","0005284179","000010","SP05","EXP"
"01","0005284180","000000","SP01","FTP"
"01","0005284181","000000","SP01","EXP"
"","0005284182","000000","","FTB"
"01","0005284183","000000","SP01","FTB"
"01","0005284183","000010","SP01","FTP"
"01","0005284184","000000","SP02","FTB"
"01","0005284184","000010","SP02","EXP"
"01","0005284185","000000","SP05","FTB"
"01","0005284185","000010","SP05","EXP"
"01","0005284186","000000","SP01","FTB"
"01","0005284186","000010","SP01","FTB"
"","0005284187","000000","","FTB"
"01","0005284188","000000","SP07","FTB"
"01","0005284188","000010","SP07","FTP"
"01","0005284189","000000","SP01","FTB"
"01","0005284189","000010","SP01","FTB"
"01","0005284190","000000","SP01","FTB"
"01","0005284190","000010","SP01","FTB"
"01","0005284191","000000","SP05","EXP"
"01","0005284191","000010","SP05","EXP"
"01","0005284192","000000","SP01","FTB"
"01","0005284192","000010","SP01","FTB"
"01","0005284193","000000","SP01","FTB"
"01","0005284193","000010","SP01","EXP"
"01","0005284194","000000","VT01","FTB"
"01","0005284194","000010","VT01","FTB"
"01","0005284195","000000","SP01","FTB"
"01","0005284195","000010","SP01","FTB"
"01","0005284196","000000","SP01","FTB"
"01","0005284196","000010","SP01","FTB"
"01","0005284197","000000","SP01","FTB"
"01","0005284197","000010","SP01","FTP"
"01","0005284198","000000","SP01","FTB"
"01","0005284198","000010","SP01","FTB"
"01","0005284199","000000","SP01","FTB"
"01","0005284199","000010","SP01","FTB"
"01","0005284200","000000","SP01","FTB"
"01","0005284200","000010","SP01","FTP"
"01","0005284201","000000","SP01","FTB"
"01","0005284201","000010","SP01","FTB"
"01","0005284202","000000","SP01","FTB"
"01","0005284202","000010","SP01","FTB"
"01","0005284203","000000","SP01","EXW"
"01","0005284204","000000","SP01","FTB"
"01","0005284204","000010","SP01","FTP"
"01","0005284205","000000","VT01","FTB"
"01","0005284205","000010","VT01","FTB"
"01","0005284206","000000","SP01","EXW"
"01","0005284207","000000","SP01","EXW"
"01","0005284208","000000","SP01","EXW"
"01","0005284209","000000","SP01","FTB"
"01","0005284209","000010","SP01","FTB"
"01","0005284210","000000","SP01","FTB"
"01","0005284210","000010","SP01","FTP"
"01","0005284211","000000","SP01","EXW"
"01","0005284212","000000","SP01","FTB"
"01","0005284212","000010","SP01","FTB"
"01","0005284213","000000","SP02","FTP"
"01","0005284214","000000","SP01","FTB"
"01","0005284214","000010","SP01","EXP"
"01","0005284215","000000","SP01","EXP"
"01","0005284215","000010","SP01","EXP"
"01","0005284216","000000","SP01","FTB"
"01","0005284216","000010","SP01","FTB"
"01","0005284217","000000","SP01","FTB"
"01","0005284217","000010","SP01","FTP"
"01","0005284218","000000","SP01","FTB"
"01","0005284218","000010","SP01","FTB"
"01","0005284219","000000","SP01","FTB"
"01","0005284219","000010","SP01","FTB"
"01","0005284220","000000","SP05","FTB"
"01","0005284220","000010","SP05","EXP"
"01","0005284221","000000","VT01","FTB"
"01","0005284222","000000","SP01","FTB"
"01","0005284222","000010","SP01","FTP"
"01","0005284223","000000","SP01","FTB"
"01","0005284223","000010","SP01","FTB"
"01","0005284224","000000","SP01","FTB"
"01","0005284224","000010","SP01","FTP"
"","0005284225","000000","","FTB"
"01","0005284226","000000","SP01","FTB"
"01","0005284226","000010","SP01","FTP"
"01","0005284227","000000","SP01","FTB"
"01","0005284227","000010","SP01","FTB"
"01","0005284228","000000","SP01","EXW"
"","0005284229","000000","","FTB"
"01","0005284230","000000","SP01","EXW"
"01","0005284231","000000","SP05","FTB"
"01","0005284231","000010","SP05","EXP"
"01","0005284232","000000","SP01","FTB"
"01","0005284232","000010","SP01","FTB"
"","0005284233","000000","","FTB"
"01","0005284234","000000","SP01","FTB"
"01","0005284234","000010","SP01","FTB"
"01","0005284235","000000","SP01","FTB"
"01","0005284235","000010","SP01","EXP"
"01","0005284236","000000","VT01","FTB"
"01","0005284237","000000","SP01","FTB"
"01","0005284237","000010","SP01","FTB"
"01","0005284238","000000","SP05","FTB"
"01","0005284238","000010","SP05","EXP"
"01","0005284239","000000","SP01","FTB"
"01","0005284239","000010","SP01","FTP"
"01","0005284240","000000","SP01","FTB"
"01","0005284240","000010","SP01","FTP"
"01","0005284241","000000","SP01","FTB"
"01","0005284241","000010","SP01","FTB"
"01","0005284242","000000","SP01","FTB"
"01","0005284242","000010","SP01","FTB"
"","0005284243","000000","","EXW"
"01","0005284244","000000","SP05","EXP"
"01","0005284244","000010","SP05","EXP"
"01","0005284245","000000","SP01","FTB"
"01","0005284245","000010","SP01","FTB"
"01","0005284246","000000","SP01","FTB"
"01","0005284246","000010","SP01","FTB"
"01","0005284247","000000","VT01","FTB"
"01","0005284247","000010","VT01","FTB"
"01","0005284248","000000","SP01","FTB"
"01","0005284248","000010","SP01","FTB"
"01","0005284249","000000","SP01","FTB"
"01","0005284249","000010","SP01","FTB"
"01","0005284250","000000","SP01","FTB"
"01","0005284250","000010","SP01","FTP"
"01","0005284251","000000","SP01","FTB"
"01","0005284251","000010","SP01","FTB"
"01","0005284252","000000","SP01","FTB"
"01","0005284252","000010","SP01","FTB"
"01","0005284253","000000","SP01","FTB"
"01","0005284253","000010","SP01","FTB"
"01","0005284254","000000","VT01","FTB"
"01","0005284254","000010","VT01","FTB"
"01","0005284255","000000","SP01","FTB"
"01","0005284255","000010","SP01","FTB"
"01","0005284256","000000","SP01","EXP"
"01","0005284257","000000","SP01","FTB"
"01","0005284257","000010","SP01","FTP"
"01","0005284258","000000","VT06","FTB"
"01","0005284259","000000","SP05","FTP"
"01","0005284260","000000","VT01","FTB"
"01","0005284260","000010","VT01","FTB"
"01","0005284261","000000","SP02","EXP"
"01","0005284262","000000","SP01","FTB"
"01","0005284263","000000","SP01","FTB"
"01","0005284263","000010","SP01","FTB"
"01","0005284264","000000","SP01","EXP"
"01","0005284265","000000","SP01","FTB"
"01","0005284265","000010","SP01","FTB"
"01","0005284266","000000","SP01","FTB"
"01","0005284267","000000","SP01","EXW"
"01","0005284268","000000","SP02","EXP"
"01","0005284269","000000","SP01","FTB"
"01","0005284269","000010","SP01","FTB"
"01","0005284270","000000","SP01","FTB"
"01","0005284270","000010","SP01","FTB"
"01","0005284271","000000","SP01","EXP"
"01","0005284272","000000","VT01","FTB"
"01","0005284272","000010","VT01","FTB"
"01","0005284273","000000","SP01","FTB"
"01","0005284273","000010","SP01","FTP"
"01","0005284274","000000","SP01","FTB"
"01","0005284274","000010","SP01","EXP"
"01","0005284275","000000","SP01","EXP"
"01","0005284275","000010","SP01","EXP"
"01","0005284276","000000","SP01","FTB"
"01","0005284277","000000","VT11","FTB"
"01","0005284278","000000","SP01","FTB"
"01","0005284278","000010","SP01","FTB"
"01","0005284279","000000","SP01","FTB"
"01","0005284279","000010","SP01","FTB"
"01","0005284280","000000","SP01","FTB"
"01","0005284280","000010","SP01","EXP"
"01","0005284281","000000","SP01","FTB"
"01","0005284281","000010","SP01","FTP"
"01","0005284282","000000","SP01","FTB"
"01","0005284282","000010","SP01","FTP"
"01","0005284283","000000","SP01","FTB"
"01","0005284284","000000","SP05","FTB"
"01","0005284284","000010","SP05","EXP"
"01","0005284285","000000","VT01","FTB"
"01","0005284285","000010","VT01","FTB"
"01","0005284286","000000","SP01","FTB"
"01","0005284286","000010","SP01","FTB"
"01","0005284287","000000","SP08","FTB"
"01","0005284288","000000","SP01","FTB"
"01","0005284288","000010","SP01","FTB"
"01","0005284289","000000","SP01","FTB"
"01","0005284290","000000","SP01","FTB"
"01","0005284290","000010","SP01","FTB"
"01","0005284291","000000","SP09","EXP"
"01","0005284291","000010","SP09","EXP"
"01","0005284292","000000","VT01","FTB"
"01","0005284293","000000","SP01","FTB"
"01","0005284293","000010","SP01","FTP"
"01","0005284294","000000","SP08","FTB"
"01","0005284295","000000","VT01","FTB"
"01","0005284295","000010","VT01","FTB"
"01","0005284296","000000","SP01","FTB"
"01","0005284296","000010","SP01","FTP"
"01","0005284297","000000","SP01","FTB"
"01","0005284297","000010","SP01","FTP"
"01","0005284298","000000","SP01","FTB"
"01","0005284298","000010","SP01","FTB"
"01","0005284299","000000","SP01","FTP"
"01","0005284300","000000","SP08","FTB"
"01","0005284301","000000","SP01","EXW"
"01","0005284302","000000","SP01","EXW"
"01","0005284303","000000","VT01","FTB"
"","0005284304","000000","","FTB"
"","0005284304","000010","","FTB"
"01","0005284305","000000","SP01","FTB"
"01","0005284305","000010","SP01","FTB"
"01","0005284306","000000","SP01","FTB"
"01","0005284306","000010","SP01","FTB"
"01","0005284307","000000","SP01","FTB"
"01","0005284307","000010","SP01","FTB"
"01","0005284308","000000","SP01","FTB"
"01","0005284308","000010","SP01","FTB"
"01","0005284309","000000","SP01","FTB"
"01","0005284309","000010","SP01","FTP"
"01","0005284310","000000","SP01","FTB"
"01","0005284310","000010","SP01","FTB"
"01","0005284311","000000","SP01","FTB"
"01","0005284311","000010","SP01","FTP"
"01","0005284312","000000","SP01","EXW"
"01","0005284313","000000","VT01","FTB"
"01","0005284314","000000","SP01","EXW"
"01","0005284315","000000","SP01","EXW"
"01","0005284316","000000","SP01","EXW"
"01","0005284317","000000","VT01","FTB"
"01","0005284318","000000","SP01","EXW"
"01","0005284319","000000","SP01","FTB"
"01","0005284319","000010","SP01","FTB"
"01","0005284320","000000","SP01","FTB"
"01","0005284320","000010","SP01","FTB"
"01","0005284321","000000","SP01","FTB"
"01","0005284321","000010","SP01","FTB"
"01","0005284322","000000","SP01","FTB"
"01","0005284322","000010","SP01","EXP"
"","0005284323","000000","","FTB"
"01","0005284324","000000","SP01","FTB"
"01","0005284324","000010","SP01","FTB"
"01","0005284325","000000","SP01","FTB"
"01","0005284325","000010","SP01","FTB"
"","0005284326","000000","","FTB"
"","0005284326","000010","","FTB"
"01","0005284327","000000","SP01","FTB"
"01","0005284327","000010","SP01","FTB"
"01","0005284328","000000","SP01","FTB"
"01","0005284328","000010","SP01","FTP"
"01","0005284329","000000","SP01","FTP"
"01","0005284330","000000","SP01","EXP"
"","0005284331","000000","","FTB"
"","0005284331","000010","","FTB"
"01","0005284332","000000","SP01","FTB"
"01","0005284332","000010","SP01","FTB"
"01","0005284333","000000","SP01","FTB"
"01","0005284333","000010","SP01","FTB"
"01","0005284334","000000","SP01","FTB"
"01","0005284334","000010","SP01","FTB"
"01","0005284335","000000","SP01","EXW"
"","0005284336","000000","","FTB"
"","0005284336","000010","","FTB"
"01","0005284337","000000","SP01","FTB"
"01","0005284337","000010","SP01","FTB"
"01","0005284338","000000","SP01","FTB"
"01","0005284338","000010","SP01","FTB"
"01","0005284339","000000","SP01","FTB"
"01","0005284339","000010","SP01","FTP"
"01","0005284340","000000","NC02","FTB"
"01","0005284341","000000","SP01","FTB"
"01","0005284341","000010","SP01","FTB"
"01","0005284342","000000","SP01","FTB"
"01","0005284342","000010","SP01","FTP"
"01","0005284343","000000","SP01","FTB"
"01","0005284343","000010","SP01","FTP"
"","0005284344","000000","","FTB"
"","0005284344","000010","","FTB"
"01","0005284345","000000","SP01","FTB"
"01","0005284345","000010","SP01","FTB"
"01","0005284346","000000","SP01","FTB"
"01","0005284346","000010","SP01","FTP"
"01","0005284347","000000","SP07","FTP"
"01","0005284348","000000","SP01","FTB"
"01","0005284348","000010","SP01","FTB"
"01","0005284349","000000","SP01","FTB"
"01","0005284349","000010","SP01","FTB"
"01","0005284350","000000","SP01","FTB"
"01","0005284350","000010","SP01","FTB"
"01","0005284351","000000","SP01","FTB"
"01","0005284351","000010","SP01","FTB"
"01","0005284352","000000","SP01","EXP"
"01","0005284353","000000","SP01","FTB"
"01","0005284353","000010","SP01","FTB"
"01","0005284354","000000","SP01","EXW"
"01","0005284355","000000","SP07","FTP"
"01","0005284356","000000","SP01","FTB"
"01","0005284356","000010","SP01","FTB"
"01","0005284357","000000","SP01","FTB"
"01","0005284357","000010","SP01","FTB"
"01","0005284358","000000","SP01","EXW"
"01","0005284359","000000","SP01","FTB"
"01","0005284359","000010","SP01","FTB"
"01","0005284360","000000","SP01","FTB"
"01","0005284360","000010","SP01","FTB"
"01","0005284361","000000","SP01","FTB"
"01","0005284361","000010","SP01","FTB"
"01","0005284362","000000","SP01","EXW"
"01","0005284363","000000","SP01","EXP"
"01","0005284364","000000","SP01","FTB"
"01","0005284364","000010","SP01","FTB"
"01","0005284365","000000","SP01","FTB"
"01","0005284365","000010","SP01","FTB"
"01","0005284366","000000","SP01","EXW"
"01","0005284367","000000","SP02","FTP"
"01","0005284367","000010","SP02","FTP"
"01","0005284368","000000","SP01","EXW"
"01","0005284369","000000","SP01","FTB"
"01","0005284369","000010","SP01","FTB"
"01","0005284370","000000","VT01","FTB"
"01","0005284370","000010","VT01","FTB"
"01","0005284371","000000","SP01","FTB"
"01","0005284371","000010","SP01","FTB"
"01","0005284372","000000","SP01","EXW"
"01","0005284373","000000","VT01","FTB"
"01","0005284373","000010","VT01","FTB"
"01","0005284374","000000","SP01","FTB"
"01","0005284374","000010","SP01","FTB"
"01","0005284375","000000","SP07","FTP"
"01","0005284376","000000","SP01","FTB"
"01","0005284376","000010","SP01","FTB"
"01","0005284377","000000","VT01","FTB"
"01","0005284377","000010","VT01","FTB"
"01","0005284378","000000","SP01","FTB"
"01","0005284378","000010","SP01","FTB"
"01","0005284379","000000","SP01","FTB"
"01","0005284379","000010","SP01","FTP"
"01","0005284380","000000","SP01","FTB"
"01","0005284380","000010","SP01","EXP"
"01","0005284381","000000","SP01","FTP"
"01","0005284382","000000","VT01","FTB"
"01","0005284382","000010","VT01","FTB"
"01","0005284383","000000","SP01","FTB"
"01","0005284383","000010","SP01","FTB"
"01","0005284384","000000","VT01","FTB"
"01","0005284384","000010","VT01","FTB"
"01","0005284385","000000","SP01","FTB"
"01","0005284385","000010","SP01","FTP"
"01","0005284386","000000","VT01","FTB"
"01","0005284386","000010","VT01","FTB"
"01","0005284387","000000","SP01","FTB"
"01","0005284387","000010","SP01","FTB"
"01","0005284388","000000","NC02","FTB"
"01","0005284389","000000","VT01","FTB"
"01","0005284389","000010","VT01","FTB"
"01","0005284390","000000","SP01","FTB"
"01","0005284390","000010","SP01","FTP"
"01","0005284391","000000","SP01","FTB"
"01","0005284391","000010","SP01","FTB"
"01","0005284392","000000","SP01","FTB"
"01","0005284392","000010","SP01","FTB"
"01","0005284393","000000","VT01","FTB"
"01","0005284393","000010","VT01","FTB"
"01","0005284394","000000","SP01","FTB"
"01","0005284394","000010","SP01","FTP"
"01","0005284395","000000","SP01","FTB"
"01","0005284395","000010","SP01","FTP"
"01","0005284396","000000","VT01","FTB"
"01","0005284396","000010","VT01","FTB"
"01","0005284397","000000","SP07","FTP"
"01","0005284398","000000","SP01","FTB"
"01","0005284398","000010","SP01","FTB"
"01","0005284399","000000","VT01","FTB"
"01","0005284399","000010","VT01","FTB"
"01","0005284400","000000","SP07","FTP"
"01","0005284401","000000","SP01","FTB"
"01","0005284401","000010","SP01","FTP"
"01","0005284402","000000","SP01","FTB"
"01","0005284402","000010","SP01","FTB"
"01","0005284403","000000","SP01","FTB"
"01","0005284403","000010","SP01","FTP"
"01","0005284404","000000","SP01","FTB"
"01","0005284404","000010","SP01","FTB"
"01","0005284405","000000","SP01","FTB"
"01","0005284405","000010","SP01","FTP"
"01","0005284406","000000","SP01","FTB"
"01","0005284406","000010","SP01","FTP"
"01","0005284407","000000","SP01","FTP"
"01","0005284408","000000","SP01","FTB"
"01","0005284408","000010","SP01","FTP"
"01","0005284409","000000","SP01","EXW"
"01","0005284410","000000","SP01","EXW"
"01","0005284411","000000","SP01","EXW"
"01","0005284412","000000","SP01","EXW"
"01","0005284413","000000","SP01","FTB"
"01","0005284413","000010","SP01","FTB"
"01","0005284414","000000","SP01","FTB"
"01","0005284414","000010","SP01","FTB"
"01","0005284415","000000","SP01","FTB"
"01","0005284415","000010","SP01","FTP"
"01","0005284416","000000","SP01","FTB"
"01","0005284416","000010","SP01","FTB"
"01","0005284417","000000","SP01","FTB"
"01","0005284417","000010","SP01","FTB"
"","0005284418","000000","","FTB"
"","0005284419","000000","","EXW"
"","0005284420","000000","","EXW"
"","0005284421","000000","","EXW"
"01","0005284422","000000","SP01","FTP"
"","0005284423","000000","","EXW"
"","0005284424","000000","","FTB"
"","0005284425","000000","","EXW"
"","0005284426","000000","","EXW"
"","0005284427","000000","","EXW"
"01","0005284428","000000","SP01","FTB"
"01","0005284428","000010","SP01","FTB"
"","0005284429","000000","","EXW"
"01","0005284430","000000","SP01","FTB"
"01","0005284430","000010","SP01","FTB"
"","0005284431","000000","","EXW"
"01","0005284432","000000","SP01","FTB"
"01","0005284432","000010","SP01","FTB"
"01","0005284433","000000","SP01","FTB"
"01","0005284433","000010","SP01","FTP"
"01","0005284434","000000","SP01","FTB"
"01","0005284434","000010","SP01","FTB"
"","0005284435","000000","","EXW"
"","0005284436","000000","","EXW"
"01","0005284437","000000","SP01","FTB"
"01","0005284437","000010","SP01","FTB"
"","0005284438","000000","","EXW"
"","0005284439","000000","","EXW"
"01","0005284440","000000","SP01","FTB"
"01","0005284440","000010","SP01","FTB"
"01","0005284441","000000","SP01","FTB"
"01","0005284441","000010","SP01","FTB"
"","0005284442","000000","","FTB"
"01","0005284443","000000","SP01","FTB"
"01","0005284443","000010","SP01","FTB"
"01","0005284444","000000","SP01","FTB"
"01","0005284444","000010","SP01","FTB"
"01","0005284445","000000","SP01","FTB"
"01","0005284445","000010","SP01","FTB"
"","0005284446","000000","","FTB"
"01","0005284447","000000","SP01","FTB"
"01","0005284447","000010","SP01","FTB"
"01","0005284448","000000","SP01","FTB"
"01","0005284448","000010","SP01","FTB"
"01","0005284449","000000","SP01","FTB"
"01","0005284449","000010","SP01","FTB"
"01","0005284450","000000","SP01","FTB"
"01","0005284450","000010","SP01","FTP"
"01","0005284451","000000","SP01","FTB"
"01","0005284451","000010","SP01","FTB"
"01","0005284452","000000","SP01","FTB"
"01","0005284452","000010","SP01","FTB"
"01","0005284453","000000","SP01","FTB"
"01","0005284453","000010","SP01","FTB"
"01","0005284454","000000","SP01","FTB"
"01","0005284454","000010","SP01","FTB"
"01","0005284455","000000","SP01","FTB"
"01","0005284455","000010","SP01","FTB"
"01","0005284456","000000","SP01","FTB"
"01","0005284456","000010","SP01","FTB"
"01","0005284457","000000","SP01","FTB"
"01","0005284457","000010","SP01","FTP"
"01","0005284458","000000","SP01","FTB"
"01","0005284458","000010","SP01","FTB"
"01","0005284459","000000","SP01","FTB"
"01","0005284459","000010","SP01","FTB"
"01","0005284460","000000","SP01","FTB"
"01","0005284460","000010","SP01","FTB"
"","0005284461","000000","","FTB"
"","0005284461","000010","","FTB"
"","0005284462","000000","","FTB"
"","0005284462","000010","","FTB"
"","0005284463","000000","","FTB"
"","0005284463","000010","","FTB"
"01","0005284464","000000","SP01","FTB"
"01","0005284464","000010","SP01","FTB"
"01","0005284465","000000","SP01","FTB"
"01","0005284465","000010","SP01","FTB"
"01","0005284466","000000","SP01","FTB"
"01","0005284466","000010","SP01","FTB"
"","0005284467","000000","","FTB"
"","0005284467","000010","","FTB"
"01","0005284468","000000","SP01","FTB"
"01","0005284468","000010","SP01","FTB"
"01","0005284469","000000","SP01","FTB"
"01","0005284469","000010","SP01","FTB"
"01","0005284470","000000","SP01","FTB"
"01","0005284470","000010","SP01","FTB"
"01","0005284471","000000","SP01","FTB"
"01","0005284471","000010","SP01","FTB"
"","0005284472","000000","","FTB"
"01","0005284473","000000","SP01","FTB"
"01","0005284473","000010","SP01","FTB"
"01","0005284474","000000","SP01","FTB"
"01","0005284474","000010","SP01","FTB"
"01","0005284475","000000","SP01","FTB"
"01","0005284475","000010","SP01","FTB"
"01","0005284476","000000","SP01","FTB"
"01","0005284476","000010","SP01","FTB"
"01","0005284477","000000","SP01","FTB"
"01","0005284477","000010","SP01","FTB"
"01","0005284478","000000","SP01","FTB"
"01","0005284478","000010","SP01","FTB"
"01","0005284479","000000","SP01","FTB"
"01","0005284480","000000","VT01","FTB"
"01","0005284480","000010","VT01","FTB"
"01","0005284480","000020","VT01","FTB"
"01","0005284481","000000","VT01","FTB"
"01","0005284482","000000","VT01","FTB"
"01","0005284483","000000","SP01","FTB"
"03","0005284484","000000","SP01","FTB"
"03","0005284484","000020","SP01","FTB"
"","0005284485","000000","","FTB"
"01","0005284486","000000","SP01","EXP"
"01","0005284487","000000","SP01","FTB"
"03","0005284488","000000","SP01","EXP"
"03","0005284489","000000","SP01","EXP"
"03","0005284490","000000","SP01","EXP"
"03","0005284491","000000","SP01","EXP"
"03","0005284492","000000","SP01","EXP"
"03","0005284493","000000","SP01","EXP"
"03","0005284494","000000","SP01","FTB"
"01","0005284495","000000","SP01","FTB"
"01","0005284495","000010","SP01","EXP"
"03","0005284496","000000","SP01","FTB"
"01","0005284496","000010","SP01","EXP"
"01","0005284497","000000","SP01","FTB"
"03","0005284498","000000","SP01","FTB"
"03","0005284498","000010","SP01","EXP"
"03","0005284498","000020","SP01","FTB"
"01","0005284499","000000","SP01","FTB"
"01","0005284499","000010","SP01","FTB"
"01","0005284500","000000","SP01","FTB"
"01","0005284500","000010","SP01","FTB"
"01","0005284501","000000","SP01","FTB"
"01","0005284501","000010","SP01","FTB"
"01","0005284502","000000","SP01","FTB"
"01","0005284502","000010","SP01","FTB"
"01","0005284503","000000","SP01","FTB"
"01","0005284503","000010","SP01","FTB"
"01","0005284504","000000","SP01","FTB"
"01","0005284504","000010","SP01","FTB"
"03","0005284505","000000","SP01","FTB"
"03","0005284505","000010","SP01","EXP"
"03","0005284505","000020","SP01","FTB"
"01","0005284506","000000","SP01","FTB"
"03","0005284507","000000","SP01","FTB"
"03","0005284507","000010","SP01","EXP"
"03","0005284507","000020","SP01","FTB"
"03","0005284508","000000","SP01","FTB"
"03","0005284508","000010","SP01","EXP"
"03","0005284508","000020","SP01","FTB"
"01","0005284509","000000","VT01","FTB"
"01","0005284510","000000","VT01","FTB"
"01","0005284511","000000","SP01","FTB"
"01","0005284511","000010","SP01","FTB"
"01","0005284511","000020","SP01","FTB"
"01","0005284512","000000","VT01","FTB"
"01","0005284512","000010","VT01","FTB"
"01","0005284513","000000","SP01","FTB"
"01","0005284513","000010","SP01","FTB"
"01","0005284514","000000","SP01","FTB"
"01","0005284515","000000","SP01","FTB"
"01","0005284515","000010","SP01","EXP"
"01","0005284516","000000","SP01","FTB"
"01","0005284516","000010","SP01","FTB"
"01","0005284517","000000","VT01","FTB"
"01","0005284518","000000","VT01","FTB"
"01","0005284519","000000","VT01","FTB"
"","0005284520","000000","","FTB"
"03","0005284521","000000","SP01","FTB"
"01","0005284522","000000","SP01","FTB"
"01","0005284522","000010","SP01","FTP"
"01","0005284523","000000","","EXW"
"01","0005284523","000010","","EXW"
"01","0005284523","000020","","EXW"
"01","0005284524","000000","","EXW"
"01","0005284524","000010","","EXW"
"01","0005284524","000020","","EXW"
"01","0005284525","000000","","EXW"
"01","0005284525","000010","","EXW"
"01","0005284526","000000","","EXW"
"01","0005284526","000010","","EXW"
"01","0005284526","000020","","EXW"
"01","0005284527","000000","","EXW"
"01","0005284527","000010","","EXW"
"01","0005284527","000020","","EXW"
"01","0005284527","000030","","EXW"
"01","0005284528","000000","","EXW"
"01","0005284528","000010","","EXW"
"01","0005284529","000000","","EXW"
"01","0005284529","000010","","EXW"
"01","0005284529","000020","","EXW"
"01","0005284529","000030","","EXW"
"01","0005284530","000000","","EXW"
"01","0005284530","000010","","EXW"
"01","0005284531","000000","","EXW"
"01","0005284531","000010","","EXW"
"01","0005284531","000020","","EXW"
"01","0005284532","000000","","EXW"
"01","0005284532","000010","","EXW"
"01","0005284532","000020","","EXW"
"01","0005284533","000000","","EXW"
"01","0005284533","000010","","EXW"
"01","0005284533","000020","","EXW"
"01","0005284534","000000","","EXW"
"01","0005284534","000010","","EXW"
"01","0005284535","000000","","EXW"
"01","0005284535","000010","","EXW"
"01","0005284535","000020","","EXW"
"01","0005284536","000000","VT01","FTB"
"01","0005284536","000010","VT01","FTB"
"01","0005284537","000000","SP01","FTB"
"01","0005284537","000010","SP01","EXP"
"03","0005284538","000000","SP01","FTB"
"03","0005284539","000000","SP01","FTB"
"03","0005284539","000010","SP01","EXP"
"03","0005284540","000000","SP01","FTB"
"01","0005284540","000010","SP01","FTB"
"03","0005284540","000020","SP01","FTB"
"01","0005284541","000000","SP01","FTB"
"03","0005284541","000010","SP01","FTB"
"01","0005284541","000020","SP01","EXP"
"01","0005284542","000000","SP01","FTP"
"01","0005284542","000010","SP01","FTP"
"01","0005284543","000000","SP01","EXP"
"01","0005284543","000010","SP01","EXP"
"01","0005284544","000000","SP01","FTB"
"03","0005284545","000000","SP01","FTB"
"01","0005284546","000000","SP01","FTB"
"01","0005284547","000000","SP01","FTB"
"01","0005284548","000000","SP01","FTB"
"01","0005284549","000000","SP01","FTB"
"01","0005284550","000000","SP01","FTB"
"01","0005284551","000000","SP01","FTB"
"03","0005284552","000000","SP01","FTB"
"03","0005284552","000010","SP01","EXP"
"03","0005284553","000000","SP01","FTB"
"03","0005284553","000010","SP01","FTB"
"01","0005284554","000000","SP01","FTB"
"03","0005284554","000010","SP01","FTB"
"03","0005284555","000000","SP01","FTB"
"03","0005284555","000010","SP01","FTB"
"01","0005284556","000000","SP01","FTB"
"01","0005284556","000010","SP01","EXP"
"01","0005284557","000000","NC11","FTB"
"03","0005284558","000000","SP01","FTB"
"01","0005284558","000010","SP01","EXP"
"01","0005284559","000000","VT01","FTB"
"01","0005284560","000000","SP01","FTB"
"01","0005284561","000000","SP01","FTB"
"01","0005284561","000010","SP01","EXP"
"03","0005284562","000000","SP01","FTB"
"03","0005284562","000010","SP01","EXP"
"03","0005284563","000000","SP01","FTB"
"03","0005284563","000010","SP01","EXP"
"03","0005284564","000000","SP01","FTB"
"01","0005284564","000010","SP01","FTB"
"01","0005284565","000000","SP01","FTB"
"03","0005284565","000010","SP01","FTB"
"01","0005284566","000000","VT01","FTB"
"01","0005284567","000000","VT01","FTB"
"01","0005284567","000010","VT01","FTB"
"01","0005284568","000000","SP01","FTP"
"01","0005284568","000010","SP01","FTP"
"01","0005284569","000000","SP01","FTB"
"01","0005284569","000010","SP01","FTB"
"01","0005284570","000000","SP01","FTB"
"","0005284571","000000","","FTB"
"01","0005284572","000000","SP01","FTB"
"01","0005284572","000010","SP01","FTB"
"01","0005284573","000000","SP01","FTB"
"01","0005284573","000010","SP01","FTB"
"01","0005284574","000000","SP01","FTB"
"01","0005284574","000010","SP01","FTB"
"01","0005284575","000000","SP01","FTB"
"01","0005284575","000010","SP01","FTB"
"01","0005284576","000000","SP01","FTB"
"01","0005284576","000010","SP01","FTB"
"01","0005284577","000000","SP01","FTB"
"01","0005284577","000010","SP01","FTB"
"01","0005284578","000000","","EXW"
"01","0005284578","000010","","EXW"
"01","0005284578","000020","","EXW"
"01","0005284578","000030","","EXW"
"01","0005284578","000040","","EXW"
"01","0005284578","000050","","EXW"
"01","0005284579","000000","","EXW"
"01","0005284579","000010","","EXW"
"01","0005284579","000020","","EXW"
"01","0005284579","000030","","EXW"
"01","0005284579","000040","","EXW"
"01","0005284579","000050","","EXW"
"01","0005284580","000000","","EXW"
"01","0005284580","000010","","EXW"
"01","0005284580","000020","","EXW"
"01","0005284580","000030","","EXW"
"01","0005284580","000040","","EXW"
"01","0005284580","000050","","EXW"
"01","0005284581","000000","","EXW"
"01","0005284581","000010","","EXW"
"01","0005284581","000020","","EXW"
"01","0005284581","000030","","EXW"
"01","0005284581","000040","","EXW"
"01","0005284581","000050","","EXW"
"01","0005284582","000000","","EXW"
"01","0005284582","000010","","EXW"
"01","0005284583","000000","","EXW"
"01","0005284583","000010","","EXW"
"01","0005284584","000000","","EXW"
"01","0005284584","000010","","EXW"
"01","0005284585","000000","","EXW"
"01","0005284585","000010","","EXW"
"01","0005284586","000000","","EXW"
"01","0005284586","000010","","EXW"
"01","0005284586","000020","","EXW"
"01","0005284586","000030","","EXW"
"03","0005284587","000000","SP01","FTB"
"03","0005284587","000010","SP05","FTB"
"01","0005284588","000000","VT01","FTB"
"01","0005284588","000010","VT01","FTB"
"01","0005284589","000000","VT01","FTB"
"03","0005284589","000010","VT01","FTB"
"01","0005284590","000000","SP01","FTB"
"01","0005284590","000010","SP01","FTB"
"01","0005284591","000000","SP01","FTB"
"01","0005284591","000010","SP01","FTB"
"01","0005284592","000000","","EXW"
"01","0005284592","000010","","EXW"
"01","0005284593","000000","","EXW"
"01","0005284593","000010","","EXW"
"01","0005284594","000000","","EXW"
"01","0005284594","000010","","EXW"
"01","0005284595","000000","","EXW"
"01","0005284595","000010","","EXW"
"01","0005284596","000000","","EXW"
"01","0005284596","000010","","EXW"
"01","0005284597","000000","","EXW"
"01","0005284597","000010","","EXW"
"01","0005284598","000000","","EXW"
"01","0005284598","000010","","EXW"
"01","0005284599","000000","","EXW"
"01","0005284599","000010","","EXW"
"01","0005284600","000000","VT01","FTB"
"01","0005284600","000010","VT01","FTB"
"01","0005284601","000000","VT01","FTB"
"01","0005284601","000010","VT01","FTB"
"01","0005284602","000000","VT01","FTB"
"01","0005284602","000010","VT01","FTB"
"01","0005284603","000000","VT01","FTB"
"01","0005284603","000010","VT01","FTB"
"01","0005284604","000000","VT01","FTB"
"01","0005284604","000010","VT01","FTB"
"01","0005284605","000000","SP01","FTB"
"03","0005284606","000000","RLCO","FTB"
"03","0005284607","000000","RLCO","FTB"
"01","0005284608","000000","SP01","FTP"
"01","0005284609","000000","","EXW"
"01","0005284609","000010","","EXW"
"01","0005284610","000000","VT01","FTB"
"03","0005284610","000010","VT01","FTB"
"03","0005284611","000000","RLCO","FTB"
"03","0005284611","000010","RLCO","FTB"
"03","0005284612","000000","RLCO","FTB"
"03","0005284613","000000","RLCO","FTB"
"03","0005284613","000010","RLCO","EXP"
"03","0005284614","000000","RLCO","FTB"
"03","0005284614","000030","RLCO","EXP"
"01","0005284615","000000","SP01","FTB"
"01","0005284616","000000","SP05","FTB"
"01","0005284616","000010","SP05","FTB"
"01","0005284617","000000","VT01","FTB"
"01","0005284618","000000","","EXW"
"01","0005284618","000010","","EXW"
"01","0005284618","000020","","EXW"
"01","0005284619","000000","SP01","FTB"
"01","0005284620","000000","VT01","FTB"
"01","0005284620","000010","VT01","FTB"
"01","0005284621","000000","VT01","FTB"
"01","0005284622","000000","VT01","FTB"
"01","0005284623","000000","VT01","FTB"
"01","0005284624","000000","VT01","FTB"
"01","0005284625","000000","","EXW"
"01","0005284625","000010","","EXW"
"01","0005284625","000020","","EXW"
"01","0005284625","000030","","EXW"
"01","0005284626","000000","VT01","FTB"
"01","0005284627","000000","VT01","FTB"
"01","0005284628","000000","NC11","FTB"
"01","0005284628","000010","NC11","FTB"
"01","0005284629","000000","VT01","FTB"
"01","0005284630","000000","","EXW"
"01","0005284630","000010","","EXW"
"01","0005284631","000000","","EXW"
"01","0005284631","000010","","EXW"
"01","0005284632","000000","","EXW"
"01","0005284632","000010","","EXW"
"01","0005284633","000000","","EXW"
"01","0005284633","000010","","EXW"
"01","0005284634","000000","","EXW"
"01","0005284634","000010","","EXW"
"01","0005284635","000000","VT01","FTB"
"01","0005284636","000000","SP01","EXW"
"01","0005284637","000000","","EXW"
"01","0005284637","000010","","EXW"
"01","0005284638","000000","","EXW"
"01","0005284638","000010","","EXW"
"01","0005284639","000000","","EXW"
"01","0005284639","000010","","EXW"
"01","0005284640","000000","","EXW"
"01","0005284640","000010","","EXW"
"01","0005284641","000000","","EXW"
"01","0005284641","000010","","EXW"
"01","0005284642","000000","","EXW"
"01","0005284642","000010","","EXW"
"01","0005284643","000000","","EXW"
"01","0005284643","000010","","EXW"
"01","0005284644","000000","","EXW"
"01","0005284644","000010","","EXW"
"01","0005284645","000000","","EXW"
"01","0005284645","000010","","EXW"
"01","0005284646","000000","","EXW"
"01","0005284646","000010","","EXW"
"01","0005284646","000020","","EXW"
"01","0005284647","000000","","EXW"
"01","0005284647","000010","","EXW"
"01","0005284648","000000","","EXW"
"01","0005284648","000010","","EXW"
"01","0005284649","000000","","EXW"
"01","0005284649","000010","","EXW"
"01","0005284650","000000","","EXW"
"01","0005284650","000010","","EXW"
"01","0005284651","000000","","EXW"
"01","0005284651","000010","","EXW"
"01","0005284652","000000","","EXW"
"01","0005284652","000010","","EXW"
"01","0005284653","000000","VT01","FTB"
"","0005284654","000000","","FTB"
"","0005284654","000010","","FTB"
"03","0005284655","000000","RLCO","FTB"
"01","0005284656","000000","","EXW"
"01","0005284656","000010","","EXW"
"01","0005284656","000020","","EXW"
"01","0005284656","000030","","EXW"
"","0005284657","000000","","FTB"
"01","0005284658","000000","","EXW"
"01","0005284658","000010","","EXW"
"01","0005284658","000020","","EXW"
"01","0005284658","000030","","EXW"
"01","0005284658","000040","","EXW"
"01","0005284658","000050","","EXW"
"01","0005284659","000000","SP01","FTB"
"01","0005284660","000000","SP01","FTB"
"01","0005284660","000010","SP01","FTB"
"01","0005284661","000000","SP01","FTB"
"01","0005284661","000010","SP01","FTB"
"01","0005284662","000000","SP01","FTB"
"01","0005284663","000000","SP01","FTB"
"01","0005284663","000010","SP01","EXP"
"01","0005284664","000000","SP01","FTB"
"03","0005284664","000010","SP01","EXP"
"01","0005284665","000000","SP01","FTB"
"01","0005284666","000000","SP01","FTB"
"01","0005284666","000010","SP01","FTB"
"01","0005284667","000000","SP01","FTB"
"01","0005284667","000010","SP01","FTB"
"01","0005284668","000000","","EXW"
"01","0005284668","000010","","EXW"
"01","0005284668","000020","","EXW"
"01","0005284669","000000","SP01","FTB"
"01","0005284669","000010","SP01","FTB"
"","0005284670","000000","","FTB"
"","0005284670","000010","","FTB"
"01","0005284671","000000","","FTB"
"01","0005284672","000000","","FTB"
"01","0005284673","000000","","FTB"
"01","0005284674","000000","","FTB"
"01","0005284675","000000","SP01","FTB"
"01","0005284675","000010","SP01","FTB"
"01","0005284676","000000","SP01","FTB"
"01","0005284676","000010","SP01","FTB"
"01","0005284677","000000","","FTB"
"01","0005284678","000000","SP01","FTB"
"01","0005284678","000010","SP01","FTB"
"01","0005284679","000000","SP01","FTB"
"01","0005284679","000010","SP01","FTB"
"01","0005284680","000000","SP01","FTB"
"03","0005284680","000010","SP01","EXP"
"01","0005284681","000000","SP01","FTB"
"03","0005284681","000010","SP01","EXP"
"01","0005284682","000000","SP01","FTB"
"03","0005284682","000010","SP01","EXP"
"03","0005284683","000000","SP01","FTB"
"03","0005284683","000010","SP01","EXP"
"03","0005284684","000000","SP01","FTB"
"03","0005284684","000010","SP01","EXP"
"01","0005284685","000000","SP01","FTB"
"03","0005284685","000010","SP01","FTB"
"01","0005284686","000000","SP01","FTB"
"03","0005284686","000010","SP01","EXP"
"","0005284687","000000","","FTB"
"01","0005284688","000000","SP01","FTB"
"01","0005284688","000010","SP01","EXP"
"01","0005284689","000000","SP01","FTB"
"01","0005284689","000010","SP01","FTB"
"01","0005284690","000000","SP01","FTB"
"01","0005284691","000000","SP01","FTB"
"01","0005284691","000010","SP01","EXP"
"01","0005284692","000000","VT01","EXP"
"01","0005284693","000000","SP01","FTB"
"03","0005284693","000010","SP01","EXP"
"01","0005284694","000000","SP01","FTB"
"01","0005284694","000010","SP01","FTB"
"01","0005284695","000000","SP01","FTB"
"01","0005284695","000010","SP01","FTB"
"03","0005284696","000000","SP01","FTB"
"03","0005284697","000000","SP01","FTB"
"03","0005284697","000010","SP01","EXP"
"01","0005284698","000000","SP01","FTB"
"01","0005284699","000000","VT01","FTB"
"01","0005284700","000000","VT01","FTB"
"01","0005284701","000000","SP01","FTB"
"03","0005284702","000000","RLCO","FTB"
"01","0005284703","000000","SP01","FTB"
"03","0005284704","000000","RLCO","EXP"
"01","0005284705","000000","VT01","FTB"
"01","0005284706","000000","VT01","FTB"
"01","0005284706","000010","VT01","FTB"
"01","0005284707","000000","SP01","FTB"
"01","0005284707","000010","SP01","FTB"
"01","0005284708","000000","VT01","FTB"
"01","0005284708","000010","VT01","FTB"
"01","0005284709","000000","VT01","FTB"
"03","0005284710","000000","RLCO","FTB"
"01","0005284710","000010","RLCO","FTB"
"01","0005284711","000000","SP01","FTB"
"01","0005284711","000010","SP01","FTP"
"","0005284712","000000","","FTB"
"","0005284712","000010","","FTB"
"","0005284713","000000","","FTB"
"","0005284713","000010","","FTB"
"01","0005284714","000000","VT01","FTB"
"01","0005284715","000000","SP01","FTB"
"01","0005284716","000000","SP01","FTB"
"01","0005284716","000010","SP01","EXP"
"01","0005284717","000000","SP01","EXP"
"01","0005284718","000000","VT01","FTB"
"01","0005284719","000000","VT01","FTB"
"01","0005284719","000010","VT01","FTB"
"01","0005284720","000000","SP01","FTB"
"","0005284721","000000","","FTB"
"","0005284722","000000","","FTB"
"01","0005284723","000000","SP01","FTB"
"01","0005284724","000000","SP01","FTB"
"01","0005284724","000010","SP01","FTB"
"01","0005284725","000000","SP01","FTB"
"01","0005284725","000010","SP01","FTB"
"01","0005284726","000000","SP01","FTB"
"01","0005284726","000010","SP01","FTB"
"01","0005284727","000000","SP01","EXP"
"01","0005284727","000010","SP01","EXP"
"01","0005284728","000000","SP01","EXP"
"01","0005284728","000010","SP01","EXP"
"01","0005284729","000000","SP01","EXP"
"01","0005284729","000010","SP01","EXP"
"01","0005284730","000000","VT01","FTB"
"01","0005284730","000010","VT01","FTB"
"01","0005284731","000000","VT01","FTB"
"01","0005284731","000010","VT01","FTB"
"01","0005284732","000000","SP01","EXP"
"01","0005284732","000010","SP01","EXP"
"01","0005284733","000000","SP01","FTB"
"01","0005284733","000010","SP01","FTB"
"01","0005284734","000000","SP01","FTB"
"01","0005284734","000010","SP01","FTB"
"01","0005284735","000000","SP01","FTB"
"01","0005284735","000010","SP01","FTB"
"01","0005284736","000000","SP01","FTB"
"01","0005284736","000010","SP01","FTB"
"01","0005284737","000000","SP01","FTB"
"01","0005284737","000010","SP01","FTB"
"01","0005284738","000000","SP01","FTB"
"01","0005284739","000000","SP01","FTB"
"01","0005284739","000010","SP01","FTB"
"01","0005284740","000000","SP01","FTB"
"01","0005284740","000010","SP01","FTB"
"01","0005284741","000000","SP05","FTB"
"01","0005284741","000010","SP05","EXP"
"01","0005284742","000000","SP05","FTB"
"01","0005284742","000010","SP05","EXP"
"01","0005284743","000000","SP01","FTB"
"01","0005284744","000000","SP01","FTB"
"01","0005284744","000010","SP01","FTB"
"01","0005284745","000000","SP01","FTB"
"01","0005284745","000010","SP01","FTB"
"01","0005284746","000000","SP01","FTB"
"01","0005284746","000010","SP01","FTB"
"01","0005284747","000000","VT01","FTB"
"01","0005284748","000000","SP01","FTB"
"01","0005284749","000000","SP01","FTB"
"01","0005284750","000000","SP01","FTB"
"01","0005284751","000000","VT10","FTB"
"01","0005284752","000000","SP01","FTB"
"01","0005284753","000000","SP01","FTB"
"01","0005284754","000000","SP01","FTB"
"01","0005284755","000000","SP01","FTB"
"01","0005284756","000000","SP01","FTB"
"01","0005284757","000000","SP01","FTB"
"01","0005284758","000000","SP01","FTB"
"01","0005284759","000000","VT10","FTB"
"01","0005284760","000000","SP01","FTB"
"01","0005284760","000010","SP01","FTP"
"01","0005284761","000000","SP01","FTB"
"01","0005284762","000000","VT01","FTB"
"01","0005284763","000000","SP01","FTB"
"01","0005284763","000010","SP01","FTB"
"01","0005284764","000000","SP01","FTB"
"01","0005284765","000000","SP01","FTB"
"01","0005284766","000000","SP01","FTB"
"01","0005284767","000000","VT01","FTB"
"01","0005284768","000000","SP01","FTB"
"01","0005284768","000010","SP01","FTB"
"01","0005284769","000000","VT01","FTB"
"01","0005284770","000000","SP01","FTB"
"01","0005284771","000000","VT10","FTB"
"01","0005284772","000000","VT10","FTB"
"01","0005284773","000000","SP01","FTB"
"01","0005284773","000010","SP01","FTP"
"01","0005284774","000000","SP01","FTB"
"01","0005284774","000010","SP01","FTB"
"01","0005284775","000000","SP01","FTB"
"01","0005284775","000010","SP01","FTB"
"01","0005284776","000000","VT01","FTB"
"01","0005284777","000000","SP01","FTB"
"01","0005284777","000010","SP01","FTB"
"01","0005284778","000000","SP01","FTB"
"01","0005284778","000010","SP01","FTB"
"01","0005284779","000000","SP01","FTB"
"01","0005284779","000010","SP01","FTB"
"01","0005284780","000000","SP01","FTB"
"01","0005284780","000010","SP01","FTB"
"01","0005284781","000000","VT01","FTB"
"01","0005284782","000000","SP01","FTB"
"01","0005284782","000010","SP01","FTP"
"01","0005284783","000000","SP01","FTB"
"01","0005284783","000010","SP01","FTB"
"01","0005284784","000000","SP01","FTB"
"01","0005284784","000010","SP01","FTB"
"01","0005284785","000000","SP01","FTB"
"01","0005284785","000010","SP01","FTB"
"01","0005284786","000000","","FTB"
"01","0005284786","000010","","EXP"
"01","0005284787","000000","SP01","FTB"
"01","0005284787","000010","SP01","FTB"
"01","0005284788","000000","SP01","FTB"
"01","0005284788","000010","SP01","FTB"
"01","0005284789","000000","SP01","FTB"
"01","0005284789","000010","SP01","FTP"
"01","0005284790","000000","SP01","FTB"
"01","0005284790","000010","SP01","FTP"
"01","0005284791","000000","SP01","FTB"
"01","0005284791","000010","SP01","FTB"
"01","0005284792","000000","SP01","FTB"
"01","0005284792","000010","SP01","FTB"
"01","0005284793","000000","SP01","FTB"
"01","0005284793","000010","SP01","FTB"
"01","0005284794","000000","SP01","FTB"
"01","0005284794","000010","SP01","FTB"
"01","0005284795","000000","SP01","FTB"
"01","0005284795","000010","SP01","FTB"
"01","0005284796","000000","SP01","FTB"
"01","0005284796","000010","SP01","FTB"
"01","0005284797","000000","SP01","FTB"
"01","0005284797","000010","SP01","FTB"
"01","0005284798","000000","SP01","FTB"
"01","0005284798","000010","SP01","FTB"
"01","0005284799","000000","SP01","FTB"
"01","0005284799","000010","SP01","FTB"
"01","0005284800","000000","","FTB"
"01","0005284800","000010","","EXP"
"01","0005284801","000000","","FTB"
"01","0005284801","000010","","EXP"
"01","0005284802","000000","SP01","FTB"
"01","0005284802","000010","SP01","FTB"
"01","0005284803","000000","","FTB"
"01","0005284803","000010","","EXP"
"01","0005284804","000000","SP01","FTB"
"01","0005284804","000010","SP01","FTB"
"01","0005284805","000000","SP01","FTB"
"01","0005284805","000010","SP01","FTB"
"01","0005284806","000000","SP01","FTB"
"01","0005284806","000010","SP01","FTB"
"01","0005284807","000000","SP01","FTB"
"01","0005284807","000010","SP01","FTB"
"01","0005284808","000000","SP01","FTB"
"01","0005284808","000010","SP01","FTB"
"01","0005284809","000000","SP01","FTB"
"01","0005284809","000010","SP01","EXP"
"01","0005284810","000000","SP01","FTB"
"01","0005284810","000010","SP01","FTB"
"01","0005284811","000000","SP01","FTB"
"01","0005284811","000010","SP01","FTB"
"01","0005284812","000000","","FTB"
"01","0005284812","000010","","EXP"
"01","0005284813","000000","","FTB"
"01","0005284813","000010","","EXP"
"01","0005284814","000000","SP01","FTB"
"01","0005284814","000010","SP01","FTB"
"01","0005284815","000000","VT01","FTB"
"01","0005284816","000000","VT01","FTB"
"01","0005284817","000000","VT01","FTB"
"01","0005284818","000000","VT01","FTB"
"01","0005284819","000000","VT01","FTB"
"01","0005284820","000000","VT01","FTB"
"01","0005284821","000000","VT01","FTB"
"01","0005284822","000000","VT01","FTB"
"01","0005284823","000000","VT01","FTB"
"01","0005284824","000000","VT01","FTB"
"01","0005284825","000000","SP01","FTB"
"01","0005284826","000000","SP01","FTB"
"01","0005284827","000000","SP01","FTB"
"01","0005284828","000000","SP01","FTB"
"01","0005284829","000000","SP01","FTB"
"01","0005284830","000000","SP01","FTB"
"01","0005284831","000000","","EXW"
"01","0005284831","000010","","EXW"
"01","0005284832","000000","VT02","EXW"
"01","0005284833","000000","VT02","EXW"
"01","0005284834","000000","SP01","FTB"
"01","0005284835","000000","SP01","FTB"
"01","0005284836","000000","SP01","FTB"
"01","0005284837","000000","SP01","FTB"
"01","0005284838","000000","SP01","FTB"
"01","0005284838","000010","SP01","FTB"
"01","0005284839","000000","SP01","FTB"
"01","0005284839","000010","SP01","FTB"
"01","0005284840","000000","SP01","FTB"
"01","0005284841","000000","SP01","FTB"
"01","0005284841","000010","SP01","FTB"
"01","0005284842","000000","SP01","FTB"
"01","0005284842","000010","SP01","FTB"
"01","0005284843","000000","SP01","FTB"
"01","0005284843","000010","SP01","FTB"
"01","0005284844","000000","SP01","FTB"
"01","0005284844","000010","SP01","FTB"
"01","0005284845","000000","SP01","FTB"
"01","0005284845","000010","SP01","FTB"
"01","0005284846","000000","SP01","FTB"
"01","0005284846","000010","SP01","FTB"
"01","0005284847","000000","SP01","FTB"
"01","0005284847","000010","SP01","FTB"
"01","0005284848","000000","SP01","FTB"
"01","0005284848","000010","SP01","FTB"
"01","0005284849","000000","SP01","FTB"
"01","0005284849","000010","SP01","FTB"
"01","0005284850","000000","SP01","FTB"
"01","0005284850","000010","SP01","FTB"
"01","0005284851","000000","SP01","FTB"
"01","0005284851","000010","SP01","FTB"
"01","0005284852","000000","SP01","FTB"
"01","0005284852","000010","SP01","FTB"
"01","0005284853","000000","SP01","FTB"
"01","0005284853","000010","SP01","FTB"
"01","0005284854","000000","SP01","FTB"
"01","0005284854","000010","SP01","FTB"
"01","0005284855","000000","","FTB"
"01","0005284856","000000","","FTB"
"01","0005284857","000000","SP01","FTB"
"01","0005284857","000010","SP01","FTB"
"01","0005284858","000000","SP01","FTB"
"01","0005284858","000010","SP01","FTB"
"01","0005284859","000000","SP01","FTB"
"01","0005284859","000010","SP01","FTB"
"01","0005284860","000000","","FTB"
"01","0005284860","000010","","EXP"
"01","0005284861","000000","","FTB"
"01","0005284861","000010","","EXP"
"01","0005284862","000000","SP01","FTB"
"01","0005284862","000010","SP01","FTB"
"01","0005284863","000000","SP01","FTB"
"01","0005284863","000010","SP01","FTB"
"01","0005284864","000000","VT01","FTB"
"01","0005284865","000000","VT01","FTB"
"01","0005284866","000000","VT01","FTB"
"01","0005284867","000000","VT01","FTB"
"01","0005284867","000010","VT01","FTB"
"01","0005284868","000000","VT01","FTB"
"01","0005284869","000000","VT01","FTB"
"01","0005284870","000000","VT01","FTB"
"01","0005284871","000000","VT01","FTB"
"01","0005284872","000000","VT01","FTB"
"01","0005284873","000000","VT01","FTB"
"01","0005284874","000000","SP01","FTB"
"01","0005284875","000000","SP01","FTB"
"03","0005284876","000000","RLCO","FTB"
"03","0005284877","000000","RLMI","FTB"
"03","0005284878","000000","RLCO","EXW"
"03","0005284879","000000","RLMI","EXW"
"01","0005284880","000000","SP01","EXW"
"01","0005284881","000000","SP01","EXW"
"01","0005284882","000000","SP01","EXW"
"01","0005284883","000000","SP01","EXW"
"01","0005284884","000000","SP01","EXW"
"01","0005284885","000000","SP01","EXW"
"01","0005284886","000000","SP01","EXW"
"","0005284887","000000","","FTB"
"01","0005284888","000000","SP01","EXW"
"01","0005284889","000000","SP01","EXW"
"01","0005284890","000000","SP01","EXW"
"01","0005284891","000000","SP01","EXW"
"01","0005284892","000000","SP01","EXW"
"01","0005284893","000000","SP01","EXW"
"01","0005284894","000000","SP01","EXW"
"01","0005284895","000000","SP01","EXW"
"01","0005284896","000000","SP01","FTB"
"01","0005284896","000010","SP01","FTB"
"01","0005284897","000000","","FTB"
"01","0005284897","000010","","EXP"
"01","0005284898","000000","SP01","FTB"
