"BizOpId"	"BizOpName"	"RequirementId"	"Requirement"	"RequirementNecessity"	"SegwProject"	"ApiHubIdentity"	"ExternalServiceName"	"VersionSelector"	"Protocol"	"SapOperation"	"Coverage"	"CoverageScope"	"EvidenceClass"	"EvidenceRef"	"LocalDesignTime"	"LocalRuntimeRegistered"	"IcfNodeActive"	"ActivationRequirement"	"GapOrConstraint"	"OpenItemId"	"Disposition"	"Status"	"Notes"
"API-01"	"Submit MIGO"	"API-01-R01"	"DeliveryDocument as goods-receipt reference"	"Mandatory"	"API_MATERIAL_DOCUMENT"	"API_MATERIAL_DOCUMENT_SRV"	"API_MATERIAL_DOCUMENT_SRV"	""	"OData V2"	"POST A_MaterialDocumentHeader (item Delivery/DeliveryItem)"	"DIRECT"	"ALONE"	"SAP-OFFICIAL"	"sessions/2026-08-15-standard-api-discovery/API_MATERIAL_DOCUMENT_DEEP_DIVE.md"	"PRESENT"	"NO"	"UNKNOWN"	"Register + activate API_MATERIAL_DOCUMENT_SRV (no version selector documented)"	"Correct GoodsMovementCode depends on the STO document flow"	"ID-1;MD-3"	"CONDITIONAL-BUSINESS-GATE"	"OPEN"	""
"API-01"	"Submit MIGO"	"API-01-R02"	"PurchaseOrder assertion"	"Assertion only"	"API_MATERIAL_DOCUMENT"	"API_MATERIAL_DOCUMENT_SRV"	"API_MATERIAL_DOCUMENT_SRV"	""	"OData V2"	"item PurchaseOrder / PurchaseOrderItem"	"DIRECT"	"ALONE"	"SAP-OFFICIAL"	"sessions/2026-08-15-standard-api-discovery/API_MATERIAL_DOCUMENT_DEEP_DIVE.md"	"PRESENT"	"NO"	"UNKNOWN"	"Register + activate API_MATERIAL_DOCUMENT_SRV (no version selector documented)"	""	""	"CONDITIONAL-BUSINESS-GATE"	"SETTLED"	""
"API-01"	"Submit MIGO"	"API-01-R03"	"ReceivingPlant assertion"	"Assertion only"	"API_MATERIAL_DOCUMENT"	"API_MATERIAL_DOCUMENT_SRV"	"API_MATERIAL_DOCUMENT_SRV"	""	"OData V2"	"item Plant (mandatory in SAP)"	"DIRECT"	"ALONE"	"SAP-OFFICIAL"	"sessions/2026-08-15-standard-api-discovery/API_MATERIAL_DOCUMENT_DEEP_DIVE.md"	"PRESENT"	"NO"	"UNKNOWN"	"Register + activate API_MATERIAL_DOCUMENT_SRV (no version selector documented)"	""	""	"CONDITIONAL-BUSINESS-GATE"	"SETTLED"	"SAP requires Plant; v1.7 treats it as assertion only"
"API-01"	"Submit MIGO"	"API-01-R04"	"PostingDate"	"Optional, defaults"	"API_MATERIAL_DOCUMENT"	"API_MATERIAL_DOCUMENT_SRV"	"API_MATERIAL_DOCUMENT_SRV"	""	"OData V2"	"header PostingDate"	"PARTIAL"	"ALONE"	"SAP-OFFICIAL"	"sessions/2026-08-15-standard-api-discovery/API_MATERIAL_DOCUMENT_DEEP_DIVE.md"	"PRESENT"	"NO"	"UNKNOWN"	"Register + activate API_MATERIAL_DOCUMENT_SRV (no version selector documented)"	"Mandatory in SAP; caller must always supply it"	""	"CONDITIONAL-BUSINESS-GATE"	"SETTLED"	""
"API-01"	"Submit MIGO"	"API-01-R05"	"DocumentDate"	"Optional"	"API_MATERIAL_DOCUMENT"	"API_MATERIAL_DOCUMENT_SRV"	"API_MATERIAL_DOCUMENT_SRV"	""	"OData V2"	"header DocumentDate"	"DIRECT"	"ALONE"	"SAP-OFFICIAL"	"sessions/2026-08-15-standard-api-discovery/API_MATERIAL_DOCUMENT_DEEP_DIVE.md"	"PRESENT"	"NO"	"UNKNOWN"	"Register + activate API_MATERIAL_DOCUMENT_SRV (no version selector documented)"	""	""	"CONDITIONAL-BUSINESS-GATE"	"SETTLED"	""
"API-01"	"Submit MIGO"	"API-01-R06"	"Material assertion"	"Assertion only"	"API_MATERIAL_DOCUMENT"	"API_MATERIAL_DOCUMENT_SRV"	"API_MATERIAL_DOCUMENT_SRV"	""	"OData V2"	"item Material"	"DIRECT"	"ALONE"	"SAP-OFFICIAL"	"sessions/2026-08-15-standard-api-discovery/API_MATERIAL_DOCUMENT_DEEP_DIVE.md"	"PRESENT"	"NO"	"UNKNOWN"	"Register + activate API_MATERIAL_DOCUMENT_SRV (no version selector documented)"	""	""	"CONDITIONAL-BUSINESS-GATE"	"SETTLED"	""
"API-01"	"Submit MIGO"	"API-01-R07"	"Unit (derived)"	"Derived"	"API_MATERIAL_DOCUMENT"	"API_MATERIAL_DOCUMENT_SRV"	"API_MATERIAL_DOCUMENT_SRV"	""	"OData V2"	"item EntryUnit / MaterialBaseUnit"	"DIRECT"	"ALONE"	"SAP-OFFICIAL"	"sessions/2026-08-15-standard-api-discovery/API_MATERIAL_DOCUMENT_DEEP_DIVE.md"	"PRESENT"	"NO"	"UNKNOWN"	"Register + activate API_MATERIAL_DOCUMENT_SRV (no version selector documented)"	""	""	"CONDITIONAL-BUSINESS-GATE"	"SETTLED"	""
"API-01"	"Submit MIGO"	"API-01-R08"	"Allocations[].StorageLocation"	"Mandatory"	"API_MATERIAL_DOCUMENT"	"API_MATERIAL_DOCUMENT_SRV"	"API_MATERIAL_DOCUMENT_SRV"	""	"OData V2"	"item StorageLocation, one item per allocation"	"DIRECT"	"ALONE"	"SAP-OFFICIAL"	"sessions/2026-08-15-standard-api-discovery/API_MATERIAL_DOCUMENT_DEEP_DIVE.md"	"PRESENT"	"NO"	"UNKNOWN"	"Register + activate API_MATERIAL_DOCUMENT_SRV (no version selector documented)"	""	""	"CONDITIONAL-BUSINESS-GATE"	"SETTLED"	"Answers handover open question 2 for this service"
"API-01"	"Submit MIGO"	"API-01-R09"	"Allocations[].Quantity"	"Mandatory"	"API_MATERIAL_DOCUMENT"	"API_MATERIAL_DOCUMENT_SRV"	"API_MATERIAL_DOCUMENT_SRV"	""	"OData V2"	"item QuantityInEntryUnit + EntryUnit"	"DIRECT"	"ALONE"	"SAP-OFFICIAL"	"sessions/2026-08-15-standard-api-discovery/API_MATERIAL_DOCUMENT_DEEP_DIVE.md"	"PRESENT"	"NO"	"UNKNOWN"	"Register + activate API_MATERIAL_DOCUMENT_SRV (no version selector documented)"	""	""	"CONDITIONAL-BUSINESS-GATE"	"SETTLED"	""
"API-01"	"Submit MIGO"	"API-01-R10"	"Multiple allocations in one business attempt"	"Mandatory"	"API_MATERIAL_DOCUMENT"	"API_MATERIAL_DOCUMENT_SRV"	"API_MATERIAL_DOCUMENT_SRV"	""	"OData V2"	"deep insert via to_MaterialDocumentItem"	"DIRECT"	"ALONE"	"SAP-OFFICIAL+LOCAL-DESIGN"	"sessions/2026-08-15-standard-api-discovery/API_MATERIAL_DOCUMENT_DEEP_DIVE.md"	"PRESENT"	"NO"	"UNKNOWN"	"Register + activate API_MATERIAL_DOCUMENT_SRV (no version selector documented)"	"A change set containing a create POST may contain nothing else"	""	"CONDITIONAL-BUSINESS-GATE"	"SETTLED"	""
"API-01"	"Submit MIGO"	"API-01-R11"	"MaterialDocument in response"	"Mandatory"	"API_MATERIAL_DOCUMENT"	"API_MATERIAL_DOCUMENT_SRV"	"API_MATERIAL_DOCUMENT_SRV"	""	"OData V2"	"header key, returned on create"	"DIRECT"	"ALONE"	"SAP-OFFICIAL+LOCAL-DESIGN"	"sessions/2026-08-15-standard-api-discovery/API_MATERIAL_DOCUMENT_DEEP_DIVE.md"	"PRESENT"	"NO"	"UNKNOWN"	"Register + activate API_MATERIAL_DOCUMENT_SRV (no version selector documented)"	""	""	"CONDITIONAL-BUSINESS-GATE"	"SETTLED"	""
"API-01"	"Submit MIGO"	"API-01-R12"	"MaterialDocumentYear in response"	"Mandatory"	"API_MATERIAL_DOCUMENT"	"API_MATERIAL_DOCUMENT_SRV"	"API_MATERIAL_DOCUMENT_SRV"	""	"OData V2"	"header key, returned on create"	"DIRECT"	"ALONE"	"SAP-OFFICIAL+LOCAL-DESIGN"	"sessions/2026-08-15-standard-api-discovery/API_MATERIAL_DOCUMENT_DEEP_DIVE.md"	"PRESENT"	"NO"	"UNKNOWN"	"Register + activate API_MATERIAL_DOCUMENT_SRV (no version selector documented)"	""	""	"CONDITIONAL-BUSINESS-GATE"	"SETTLED"	"Read from the SAP key. Never derive from any date."
"API-01"	"Submit MIGO"	"API-01-R13"	"Allocations[].MaterialDocumentItem"	"Mandatory"	"API_MATERIAL_DOCUMENT"	"API_MATERIAL_DOCUMENT_SRV"	"API_MATERIAL_DOCUMENT_SRV"	""	"OData V2"	"item key MaterialDocumentItem"	"UNPROVEN"	"ALONE"	"LOCAL-DESIGN"	"sessions/2026-08-15-standard-api-discovery/API_MATERIAL_DOCUMENT_DEEP_DIVE.md"	"PRESENT"	"NO"	"UNKNOWN"	"Register + activate API_MATERIAL_DOCUMENT_SRV (no version selector documented)"	"Echo on create response not confirmed; may need follow-up read"	"MD-4"	"CONDITIONAL-BUSINESS-GATE"	"OPEN"	""
"API-01"	"Submit MIGO"	"API-01-R14"	"Allocations[].PostedQuantity"	"Mandatory"	"API_MATERIAL_DOCUMENT"	"API_MATERIAL_DOCUMENT_SRV"	"API_MATERIAL_DOCUMENT_SRV"	""	"OData V2"	"item QuantityInEntryUnit after posting"	"UNPROVEN"	"ALONE"	"LOCAL-DESIGN"	"sessions/2026-08-15-standard-api-discovery/API_MATERIAL_DOCUMENT_DEEP_DIVE.md"	"PRESENT"	"NO"	"UNKNOWN"	"Register + activate API_MATERIAL_DOCUMENT_SRV (no version selector documented)"	""	"MD-4"	"CONDITIONAL-BUSINESS-GATE"	"OPEN"	""
"API-01"	"Submit MIGO"	"API-01-R15"	"ReceiptStatus PENDING/PARTIAL/COMPLETED"	"Mandatory"	"API_MATERIAL_DOCUMENT"	"API_MATERIAL_DOCUMENT_SRV"	"API_MATERIAL_DOCUMENT_SRV"	""	"OData V2"	"(none)"	"NO FIT"	"ALONE"	"SAP-OFFICIAL"	"sessions/2026-08-15-standard-api-discovery/API_MATERIAL_DOCUMENT_DEEP_DIVE.md"	"PRESENT"	"NO"	"UNKNOWN"	"Register + activate API_MATERIAL_DOCUMENT_SRV (no version selector documented)"	"IsCompletelyDelivered is an input flag, not a computed status"	"MD-6"	"CONDITIONAL-BUSINESS-GATE"	"OPEN"	""
"API-01"	"Submit MIGO"	"API-01-R16"	"RemainingQuantity"	"Mandatory"	"API_MATERIAL_DOCUMENT"	"API_MATERIAL_DOCUMENT_SRV"	"API_MATERIAL_DOCUMENT_SRV"	""	"OData V2"	"(none)"	"NO FIT"	"ALONE"	"SAP-OFFICIAL"	"sessions/2026-08-15-standard-api-discovery/API_MATERIAL_DOCUMENT_DEEP_DIVE.md"	"PRESENT"	"NO"	"UNKNOWN"	"Register + activate API_MATERIAL_DOCUMENT_SRV (no version selector documented)"	"Needs PO history or delivery read; authoritative source undecided"	"MD-6"	"CONDITIONAL-BUSINESS-GATE"	"OPEN"	""
"API-01"	"Submit MIGO"	"API-01-R17"	"RequestId / IsReplay idempotency"	"Mandatory"	"API_MATERIAL_DOCUMENT"	"API_MATERIAL_DOCUMENT_SRV"	"API_MATERIAL_DOCUMENT_SRV"	""	"OData V2"	"(none)"	"NO FIT"	"ALONE"	"SAP-OFFICIAL"	"sessions/2026-08-15-standard-api-discovery/API_MATERIAL_DOCUMENT_DEEP_DIVE.md"	"PRESENT"	"NO"	"UNKNOWN"	"Register + activate API_MATERIAL_DOCUMENT_SRV (no version selector documented)"	"Must be built in CPI/T2"	"MD-8"	"CONDITIONAL-BUSINESS-GATE"	"OPEN"	""
"API-01"	"Submit MIGO"	"API-01-R18"	"Status / MessageCode / Message shaping"	"Mandatory"	"API_MATERIAL_DOCUMENT"	"API_MATERIAL_DOCUMENT_SRV"	"API_MATERIAL_DOCUMENT_SRV"	""	"OData V2"	"standard OData error payload"	"PARTIAL"	"ALONE"	"SAP-OFFICIAL"	"sessions/2026-08-15-standard-api-discovery/API_MATERIAL_DOCUMENT_DEEP_DIVE.md"	"PRESENT"	"NO"	"UNKNOWN"	"Register + activate API_MATERIAL_DOCUMENT_SRV (no version selector documented)"	"CPI must map SAP messages to stable portal codes"	"MD-8"	"CONDITIONAL-BUSINESS-GATE"	"OPEN"	""
"API-01"	"Submit MIGO"	"API-01-R19"	"Errors[].AllocationIndex"	"Optional"	"API_MATERIAL_DOCUMENT"	"API_MATERIAL_DOCUMENT_SRV"	"API_MATERIAL_DOCUMENT_SRV"	""	"OData V2"	"(none)"	"NO FIT"	"ALONE"	"SAP-OFFICIAL"	"sessions/2026-08-15-standard-api-discovery/API_MATERIAL_DOCUMENT_DEEP_DIVE.md"	"PRESENT"	"NO"	"UNKNOWN"	"Register + activate API_MATERIAL_DOCUMENT_SRV (no version selector documented)"	""	"MD-8"	"CONDITIONAL-BUSINESS-GATE"	"OPEN"	""
"API-01"	"Submit MIGO"	"API-01-R01"	"DeliveryDocument as goods-receipt reference"	"Mandatory"	"API_INBOUND_DELIVERY_0002"	"API_INBOUND_DELIVERY_SRV_0002"	"API_INBOUND_DELIVERY_SRV"	";v=2"	"OData V2"	"PostGoodsReceipt?DeliveryDocument="	"PARTIAL"	"IN-PROCESS"	"SAP-OFFICIAL"	"sessions/2026-08-15-standard-api-discovery/API_INBOUND_DELIVERY_0002_DEEP_DIVE.md"	"PRESENT"	"NO"	"UNKNOWN"	"Register + activate API_INBOUND_DELIVERY_SRV at ;v=2"	"Posts against an SAP inbound delivery; v1.7 states an outbound delivery"	"ID-1"	"CONDITIONAL-BUSINESS-GATE"	"OPEN"	""
"API-01"	"Submit MIGO"	"API-01-R08"	"Allocations[].StorageLocation"	"Mandatory"	"API_INBOUND_DELIVERY_0002"	"API_INBOUND_DELIVERY_SRV_0002"	"API_INBOUND_DELIVERY_SRV"	";v=2"	"OData V2"	"(none)"	"NO FIT"	"ALONE"	"LOCAL-DESIGN+SAP-OFFICIAL"	"sessions/2026-08-15-standard-api-discovery/API_INBOUND_DELIVERY_0002_DEEP_DIVE.md"	"PRESENT"	"NO"	"UNKNOWN"	"Register + activate API_INBOUND_DELIVERY_SRV at ;v=2"	"Not creatable or updatable; absent from documented create field list"	"ID-3"	"CONDITIONAL-BUSINESS-GATE"	"OPEN"	""
"API-01"	"Submit MIGO"	"API-01-R09"	"Allocations[].Quantity"	"Mandatory"	"API_INBOUND_DELIVERY_0002"	"API_INBOUND_DELIVERY_SRV_0002"	"API_INBOUND_DELIVERY_SRV"	";v=2"	"OData V2"	"PATCH A_InbDeliveryItem ActualDeliveryQuantity"	"PARTIAL"	"IN-PROCESS"	"LOCAL-DESIGN+SAP-OFFICIAL"	"sessions/2026-08-15-standard-api-discovery/API_INBOUND_DELIVERY_0002_DEEP_DIVE.md"	"PRESENT"	"NO"	"UNKNOWN"	"Register + activate API_INBOUND_DELIVERY_SRV at ;v=2"	"Single item quantity only; no allocation collection"	"ID-1"	"CONDITIONAL-BUSINESS-GATE"	"OPEN"	""
"API-01"	"Submit MIGO"	"API-01-R10"	"Multiple allocations in one business attempt"	"Mandatory"	"API_INBOUND_DELIVERY_0002"	"API_INBOUND_DELIVERY_SRV_0002"	"API_INBOUND_DELIVERY_SRV"	";v=2"	"OData V2"	"(none)"	"NO FIT"	"ALONE"	"LOCAL-DESIGN+SAP-OFFICIAL"	"sessions/2026-08-15-standard-api-discovery/API_INBOUND_DELIVERY_0002_DEEP_DIVE.md"	"PRESENT"	"NO"	"UNKNOWN"	"Register + activate API_INBOUND_DELIVERY_SRV at ;v=2"	""	""	"CONDITIONAL-BUSINESS-GATE"	"SETTLED"	""
"API-01"	"Submit MIGO"	"API-01-R11"	"MaterialDocument in response"	"Mandatory"	"API_INBOUND_DELIVERY_0002"	"API_INBOUND_DELIVERY_SRV_0002"	"API_INBOUND_DELIVERY_SRV"	";v=2"	"OData V2"	"PostGoodsReceipt"	"NO FIT"	"ALONE"	"LOCAL-DESIGN+SAP-OFFICIAL"	"sessions/2026-08-15-standard-api-discovery/API_INBOUND_DELIVERY_0002_DEEP_DIVE.md"	"PRESENT"	"NO"	"UNKNOWN"	"Register + activate API_INBOUND_DELIVERY_SRV at ;v=2"	"PutawayReport declared in SEGW vs documented empty body - conflict unresolved; neither carries the key"	"ID-2"	"CONDITIONAL-BUSINESS-GATE"	"OPEN"	""
"API-01"	"Submit MIGO"	"API-01-R12"	"MaterialDocumentYear in response"	"Mandatory"	"API_INBOUND_DELIVERY_0002"	"API_INBOUND_DELIVERY_SRV_0002"	"API_INBOUND_DELIVERY_SRV"	";v=2"	"OData V2"	"(none)"	"NO FIT"	"ALONE"	"LOCAL-DESIGN"	"sessions/2026-08-15-standard-api-discovery/API_INBOUND_DELIVERY_0002_DEEP_DIVE.md"	"PRESENT"	"NO"	"UNKNOWN"	"Register + activate API_INBOUND_DELIVERY_SRV at ;v=2"	""	""	"CONDITIONAL-BUSINESS-GATE"	"SETTLED"	"Absent from the model including the document flow. Never derive from a date."
"API-01"	"Submit MIGO"	"API-01-R13"	"Allocations[].MaterialDocumentItem"	"Mandatory"	"API_INBOUND_DELIVERY_0002"	"API_INBOUND_DELIVERY_SRV_0002"	"API_INBOUND_DELIVERY_SRV"	";v=2"	"OData V2"	"(none)"	"NO FIT"	"ALONE"	"LOCAL-DESIGN"	"sessions/2026-08-15-standard-api-discovery/API_INBOUND_DELIVERY_0002_DEEP_DIVE.md"	"PRESENT"	"NO"	"UNKNOWN"	"Register + activate API_INBOUND_DELIVERY_SRV at ;v=2"	""	""	"CONDITIONAL-BUSINESS-GATE"	"SETTLED"	""
"API-01"	"Submit MIGO"	"API-01-R17"	"RequestId / IsReplay idempotency"	"Mandatory"	"API_INBOUND_DELIVERY_0002"	"API_INBOUND_DELIVERY_SRV_0002"	"API_INBOUND_DELIVERY_SRV"	";v=2"	"OData V2"	"(none)"	"NO FIT"	"ALONE"	"SAP-OFFICIAL"	"sessions/2026-08-15-standard-api-discovery/API_INBOUND_DELIVERY_0002_DEEP_DIVE.md"	"PRESENT"	"NO"	"UNKNOWN"	"Register + activate API_INBOUND_DELIVERY_SRV at ;v=2"	"ETag If-Match required for PostGoodsReceipt; not an idempotency key"	""	"CONDITIONAL-BUSINESS-GATE"	"SETTLED"	""
"API-02"	"Create DI"	"API-02-R00"	"Trade/Non-trade predecessor read"	""	"API_SALES_ORDER"	""	""	""	"OData V2"	""	"UNPROVEN"	"ALONE"	"INFERENCE"	"sessions/2026-08-15-standard-api-discovery/CNF_DEEP_DIVE_SHORTLIST.md"	"PRESENT"	"UNKNOWN"	"UNKNOWN"	""	""	""	"PENDING-DEEP-DIVE"	"OPEN"	"Only registered API_* A2X service; not yet deep-dived"
"API-12"	"Update DI Qty"	"API-12-R00"	"Quantity-only change to an open outbound delivery"	""	"API_OUTBOUND_DELIVERY_0002"	""	""	""	"OData V2"	""	"UNPROVEN"	"ALONE"	"INFERENCE"	"sessions/2026-08-15-standard-api-discovery/CNF_DEEP_DIVE_SHORTLIST.md"	"PRESENT"	"UNKNOWN"	"UNKNOWN"	""	""	""	"PENDING-DEEP-DIVE"	"OPEN"	"Outbound extraction complete; v1.7 coverage analysis not yet written"
"API-09"	"STO Deliveries"	"API-09-R00"	"Read outbound deliveries whose predecessor is an STO PO"	""	"API_OUTBOUND_DELIVERY_0002"	""	""	""	"OData V2"	""	"UNPROVEN"	"ALONE"	"INFERENCE"	"sessions/2026-08-15-standard-api-discovery/CNF_DEEP_DIVE_SHORTLIST.md"	"PRESENT"	"UNKNOWN"	"UNKNOWN"	""	""	""	"PENDING-DEEP-DIVE"	"OPEN"	"Outbound extraction complete; v1.7 coverage analysis not yet written"
"API-01"	"Submit MIGO"	"API-01-R01"	"DeliveryDocument as goods-receipt reference"	"Mandatory"	"MMIM_GR4PO_DL"	"(none - not an SAP API Hub artifact)"	"MMIM_GR4PO_DL_SRV"	""	"OData V2"	"POST GR4PO_DL_Headers (key InboundDelivery + SourceOfGR)"	"PARTIAL"	"ALONE"	"LOCAL-DESIGN"	"sessions/2026-08-15-standard-api-discovery/TIER_A_DEEP_DIVE_FINDINGS.md#mmim_gr4po_dl"	"PRESENT"	"NO"	"UNKNOWN"	"Register + activate MMIM_GR4PO_DL_SRV - only if the Fiori-service suitability gate permits"	"Header key is InboundDelivery, not the outbound delivery v1.7 names"	"ID-1;GR4-1"	"CONDITIONAL-BUSINESS-GATE"	"OPEN"	""
"API-01"	"Submit MIGO"	"API-01-R08"	"Allocations[].StorageLocation"	"Mandatory"	"MMIM_GR4PO_DL"	"(none - not an SAP API Hub artifact)"	"MMIM_GR4PO_DL_SRV"	""	"OData V2"	"GR4PO_DL_Item.StorageLocation, one item per allocation"	"DIRECT"	"ALONE"	"LOCAL-DESIGN"	"sessions/2026-08-15-standard-api-discovery/TIER_A_DEEP_DIVE_FINDINGS.md#mmim_gr4po_dl"	"PRESENT"	"NO"	"UNKNOWN"	"Register + activate MMIM_GR4PO_DL_SRV - only if the Fiori-service suitability gate permits"	"No property-level creatable annotation; entity set is creatable"	"GR4-2"	"CONDITIONAL-BUSINESS-GATE"	"OPEN"	""
"API-01"	"Submit MIGO"	"API-01-R09"	"Allocations[].Quantity"	"Mandatory"	"MMIM_GR4PO_DL"	"(none - not an SAP API Hub artifact)"	"MMIM_GR4PO_DL_SRV"	""	"OData V2"	"GR4PO_DL_Item.QuantityInEntryUnit + EntryUnit"	"DIRECT"	"ALONE"	"LOCAL-DESIGN"	"sessions/2026-08-15-standard-api-discovery/TIER_A_DEEP_DIVE_FINDINGS.md#mmim_gr4po_dl"	"PRESENT"	"NO"	"UNKNOWN"	"Register + activate MMIM_GR4PO_DL_SRV - only if the Fiori-service suitability gate permits"	""	"GR4-2"	"CONDITIONAL-BUSINESS-GATE"	"OPEN"	""
"API-01"	"Submit MIGO"	"API-01-R10"	"Multiple allocations in one business attempt"	"Mandatory"	"MMIM_GR4PO_DL"	"(none - not an SAP API Hub artifact)"	"MMIM_GR4PO_DL_SRV"	""	"OData V2"	"HeaderItems association 1:M via Header2Items"	"DIRECT"	"ALONE"	"LOCAL-DESIGN"	"sessions/2026-08-15-standard-api-discovery/TIER_A_DEEP_DIVE_FINDINGS.md#mmim_gr4po_dl"	"PRESENT"	"NO"	"UNKNOWN"	"Register + activate MMIM_GR4PO_DL_SRV - only if the Fiori-service suitability gate permits"	""	"GR4-2"	"CONDITIONAL-BUSINESS-GATE"	"OPEN"	""
"API-01"	"Submit MIGO"	"API-01-R11"	"MaterialDocument in response"	"Mandatory"	"MMIM_GR4PO_DL"	"(none - not an SAP API Hub artifact)"	"MMIM_GR4PO_DL_SRV"	""	"OData V2"	"GR4PO_DL_Header.MaterialDocument"	"DIRECT"	"ALONE"	"LOCAL-DESIGN"	"sessions/2026-08-15-standard-api-discovery/TIER_A_DEEP_DIVE_FINDINGS.md#mmim_gr4po_dl"	"PRESENT"	"NO"	"UNKNOWN"	"Register + activate MMIM_GR4PO_DL_SRV - only if the Fiori-service suitability gate permits"	""	"GR4-2"	"CONDITIONAL-BUSINESS-GATE"	"OPEN"	""
"API-01"	"Submit MIGO"	"API-01-R12"	"MaterialDocumentYear in response"	"Mandatory"	"MMIM_GR4PO_DL"	"(none - not an SAP API Hub artifact)"	"MMIM_GR4PO_DL_SRV"	""	"OData V2"	"GR4PO_DL_Header.MaterialDocumentYear"	"DIRECT"	"ALONE"	"LOCAL-DESIGN"	"sessions/2026-08-15-standard-api-discovery/TIER_A_DEEP_DIVE_FINDINGS.md#mmim_gr4po_dl"	"PRESENT"	"NO"	"UNKNOWN"	"Register + activate MMIM_GR4PO_DL_SRV - only if the Fiori-service suitability gate permits"	""	"GR4-2"	"CONDITIONAL-BUSINESS-GATE"	"OPEN"	"Present as a header field. Read from SAP, never derived from a date."
"API-01"	"Submit MIGO"	"API-01-R15"	"ReceiptStatus PENDING/PARTIAL/COMPLETED"	"Mandatory"	"MMIM_GR4PO_DL"	"(none - not an SAP API Hub artifact)"	"MMIM_GR4PO_DL_SRV"	""	"OData V2"	"GR4PO_DL_Item.DeliveryCompleted"	"PARTIAL"	"ALONE"	"LOCAL-DESIGN"	"sessions/2026-08-15-standard-api-discovery/TIER_A_DEEP_DIVE_FINDINGS.md#mmim_gr4po_dl"	"PRESENT"	"NO"	"UNKNOWN"	"Register + activate MMIM_GR4PO_DL_SRV - only if the Fiori-service suitability gate permits"	""	"GR4-3"	"CONDITIONAL-BUSINESS-GATE"	"OPEN"	"BEATS API_MATERIAL_DOCUMENT, which has no completion indicator"
"API-01"	"Submit MIGO"	"API-01-R16"	"RemainingQuantity"	"Mandatory"	"MMIM_GR4PO_DL"	"(none - not an SAP API Hub artifact)"	"MMIM_GR4PO_DL_SRV"	""	"OData V2"	"GR4PO_DL_Item.OpenQuantity"	"DIRECT"	"ALONE"	"LOCAL-DESIGN"	"sessions/2026-08-15-standard-api-discovery/TIER_A_DEEP_DIVE_FINDINGS.md#mmim_gr4po_dl"	"PRESENT"	"NO"	"UNKNOWN"	"Register + activate MMIM_GR4PO_DL_SRV - only if the Fiori-service suitability gate permits"	""	"GR4-3"	"CONDITIONAL-BUSINESS-GATE"	"OPEN"	"BEATS API_MATERIAL_DOCUMENT, which cannot supply remaining quantity at all"
"API-01"	"Submit MIGO"	"API-01-R04"	"PostingDate"	"Optional, defaults"	"MMIM_GR4PO_DL"	"(none - not an SAP API Hub artifact)"	"MMIM_GR4PO_DL_SRV"	""	"OData V2"	"GR4PO_DL_Header.PostingDate"	"DIRECT"	"ALONE"	"LOCAL-DESIGN"	"sessions/2026-08-15-standard-api-discovery/TIER_A_DEEP_DIVE_FINDINGS.md#mmim_gr4po_dl"	"PRESENT"	"NO"	"UNKNOWN"	"Register + activate MMIM_GR4PO_DL_SRV - only if the Fiori-service suitability gate permits"	""	"GR4-2"	"CONDITIONAL-BUSINESS-GATE"	"OPEN"	""
"API-01"	"Submit MIGO"	"API-01-R17"	"RequestId / IsReplay idempotency"	"Mandatory"	"MMIM_GR4PO_DL"	"(none - not an SAP API Hub artifact)"	"MMIM_GR4PO_DL_SRV"	""	"OData V2"	"(none)"	"NO FIT"	"ALONE"	"LOCAL-DESIGN"	"sessions/2026-08-15-standard-api-discovery/TIER_A_DEEP_DIVE_FINDINGS.md#mmim_gr4po_dl"	"PRESENT"	"NO"	"UNKNOWN"	"Register + activate MMIM_GR4PO_DL_SRV - only if the Fiori-service suitability gate permits"	"Draft-enabled UI service; no idempotency key. Must be built in CPI/T2."	""	"CONDITIONAL-BUSINESS-GATE"	"SETTLED"	""
"API-01"	"Submit MIGO"	"API-01-R20"	"Integration-released API status"	"Architecture"	"MMIM_GR4PO_DL"	"(none - not an SAP API Hub artifact)"	"MMIM_GR4PO_DL_SRV"	""	"OData V2"	"n/a"	"NO FIT"	"ALONE"	"LOCAL-DESIGN"	"sessions/2026-08-15-standard-api-discovery/TIER_A_DEEP_DIVE_FINDINGS.md#mmim_gr4po_dl"	"PRESENT"	"NO"	"UNKNOWN"	"Register + activate MMIM_GR4PO_DL_SRV - only if the Fiori-service suitability gate permits"	"Draft-enabled Fiori application service: I_DraftAdministrativeData exposed, 17 value-help entity sets, and GR4PO_DOC_Ref carries SemanticObject/SemanticAction/NaviTarget launchpad metadata"	"GR4-4"	"CONDITIONAL-BUSINESS-GATE"	"OPEN"	""
"API-01"	"Submit MIGO"	"API-01-R11"	"MaterialDocument in response"	"Mandatory"	"MMIM_MATDOC"	"(none - not an SAP API Hub artifact)"	"MMIM_MATDOC_SRV"	""	"OData V2"	"GET MatDocHeaders (key MaterialDocument+MaterialDocumentYear)"	"PARTIAL"	"IN-PROCESS"	"LOCAL-DESIGN"	"sessions/2026-08-15-standard-api-discovery/TIER_A_DEEP_DIVE_FINDINGS.md#mmim_matdoc"	"PRESENT"	"YES"	"UNKNOWN"	"None - already registered v1. ICF/system-alias state still unverified."	""	"MDOC-1"	"COMPLEMENTARY"	"OPEN"	"Read-back only. Cannot produce the key because it cannot post."
"API-01"	"Submit MIGO"	"API-01-R12"	"MaterialDocumentYear in response"	"Mandatory"	"MMIM_MATDOC"	"(none - not an SAP API Hub artifact)"	"MMIM_MATDOC_SRV"	""	"OData V2"	"GET MatDocHeaders"	"PARTIAL"	"IN-PROCESS"	"LOCAL-DESIGN"	"sessions/2026-08-15-standard-api-discovery/TIER_A_DEEP_DIVE_FINDINGS.md#mmim_matdoc"	"PRESENT"	"YES"	"UNKNOWN"	"None - already registered v1. ICF/system-alias state still unverified."	""	"MDOC-1"	"COMPLEMENTARY"	"OPEN"	"Part of the header key. Read from SAP, never derived from a date."
"API-01"	"Submit MIGO"	"API-01-R13"	"Allocations[].MaterialDocumentItem"	"Mandatory"	"MMIM_MATDOC"	"(none - not an SAP API Hub artifact)"	"MMIM_MATDOC_SRV"	""	"OData V2"	"GET MatDocItems (key includes MaterialDocumentItem)"	"PARTIAL"	"IN-PROCESS"	"LOCAL-DESIGN"	"sessions/2026-08-15-standard-api-discovery/TIER_A_DEEP_DIVE_FINDINGS.md#mmim_matdoc"	"PRESENT"	"YES"	"UNKNOWN"	"None - already registered v1. ICF/system-alias state still unverified."	""	"MDOC-1"	"COMPLEMENTARY"	"OPEN"	"Answers the MD-4 read-back question for API_MATERIAL_DOCUMENT"
"API-01"	"Submit MIGO"	"API-01-R14"	"Allocations[].PostedQuantity"	"Mandatory"	"MMIM_MATDOC"	"(none - not an SAP API Hub artifact)"	"MMIM_MATDOC_SRV"	""	"OData V2"	"MatDocItem.QuantityInEntryUnit + EntryUnit"	"PARTIAL"	"IN-PROCESS"	"LOCAL-DESIGN"	"sessions/2026-08-15-standard-api-discovery/TIER_A_DEEP_DIVE_FINDINGS.md#mmim_matdoc"	"PRESENT"	"YES"	"UNKNOWN"	"None - already registered v1. ICF/system-alias state still unverified."	""	"MDOC-1"	"COMPLEMENTARY"	"OPEN"	""
"API-01"	"Submit MIGO"	"API-01-R21"	"Post the goods receipt"	"Mandatory"	"MMIM_MATDOC"	"(none - not an SAP API Hub artifact)"	"MMIM_MATDOC_SRV"	""	"OData V2"	"(none)"	"NO FIT"	"ALONE"	"LOCAL-DESIGN"	"sessions/2026-08-15-standard-api-discovery/TIER_A_DEEP_DIVE_FINDINGS.md#mmim_matdoc"	"PRESENT"	"YES"	"UNKNOWN"	"None - already registered v1. ICF/system-alias state still unverified."	"Every entity set is Addressable only. No Creatable, Updatable or Deletable flag anywhere. Both function imports are GET helpers."	""	"COMPLEMENTARY"	"SETTLED"	""
"API-01"	"Submit MIGO"	"API-01-R16"	"RemainingQuantity"	"Mandatory"	"MMIM_MATDOC"	"(none - not an SAP API Hub artifact)"	"MMIM_MATDOC_SRV"	""	"OData V2"	"(none)"	"NO FIT"	"ALONE"	"LOCAL-DESIGN"	"sessions/2026-08-15-standard-api-discovery/TIER_A_DEEP_DIVE_FINDINGS.md#mmim_matdoc"	"PRESENT"	"YES"	"UNKNOWN"	"None - already registered v1. ICF/system-alias state still unverified."	"CurrentStock and BlockedStockQuantity exist but are stock positions, not open receipt quantity"	""	"COMPLEMENTARY"	"SETTLED"	""
"API-02"	"Create DI"	"API-02-R01"	"PredecessorDocument = sales order"	"Mandatory"	"LE_SHP_OD_CREATE"	"(none - not an SAP API Hub artifact)"	"LE_SHP_OD_CREATE_SRV"	""	"OData V2"	"C_OutboundDeliveryCreate.SDDocument (due-list key)"	"PARTIAL"	"ALONE"	"LOCAL-DESIGN"	"sessions/2026-08-15-standard-api-discovery/TIER_A_DEEP_DIVE_FINDINGS.md#le_shp_od_create"	"PRESENT"	"YES"	"UNKNOWN"	"None - already registered v1"	"Selection over a due list, not create-from-predecessor"	""	"REJECT-MISSING-OPERATION"	"SETTLED"	""
"API-02"	"Create DI"	"API-02-R02"	"PredecessorType = STO_PO"	"Mandatory"	"LE_SHP_OD_CREATE"	"(none - not an SAP API Hub artifact)"	"LE_SHP_OD_CREATE_SRV"	""	"OData V2"	"(none)"	"NO FIT"	"ALONE"	"LOCAL-DESIGN"	"sessions/2026-08-15-standard-api-discovery/TIER_A_DEEP_DIVE_FINDINGS.md#le_shp_od_create"	"PRESENT"	"YES"	"UNKNOWN"	"None - already registered v1"	"No purchase-order concept anywhere in the model; all references are SD documents"	""	"REJECT-MISSING-OPERATION"	"SETTLED"	""
"API-02"	"Create DI"	"API-02-R03"	"DeliveryQuantity"	"Mandatory"	"LE_SHP_OD_CREATE"	"(none - not an SAP API Hub artifact)"	"LE_SHP_OD_CREATE_SRV"	""	"OData V2"	"(none)"	"NO FIT"	"ALONE"	"LOCAL-DESIGN"	"sessions/2026-08-15-standard-api-discovery/TIER_A_DEEP_DIVE_FINDINGS.md#le_shp_od_create"	"PRESENT"	"YES"	"UNKNOWN"	"None - already registered v1"	"No quantity field exists in the model"	""	"REJECT-MISSING-OPERATION"	"SETTLED"	""
"API-02"	"Create DI"	"API-02-R04"	"DeliveryDocument returned"	"Mandatory"	"LE_SHP_OD_CREATE"	"(none - not an SAP API Hub artifact)"	"LE_SHP_OD_CREATE_SRV"	""	"OData V2"	"OutboundDeliveryCreationResponse"	"NO FIT"	"ALONE"	"LOCAL-DESIGN"	"sessions/2026-08-15-standard-api-discovery/TIER_A_DEEP_DIVE_FINDINGS.md#le_shp_od_create"	"PRESENT"	"YES"	"UNKNOWN"	"None - already registered v1"	"Response is a collective-run log keyed on Sammg with NoOfDeliveries, not a single delivery number"	""	"REJECT-MISSING-OPERATION"	"SETTLED"	""
"API-02"	"Create DI"	"API-02-R20"	"Integration-released API status"	"Architecture"	"LE_SHP_OD_CREATE"	"(none - not an SAP API Hub artifact)"	"LE_SHP_OD_CREATE_SRV"	""	"OData V2"	"n/a"	"NO FIT"	"ALONE"	"LOCAL-DESIGN"	"sessions/2026-08-15-standard-api-discovery/TIER_A_DEEP_DIVE_FINDINGS.md#le_shp_od_create"	"PRESENT"	"YES"	"UNKNOWN"	"None - already registered v1"	"32 of 34 SADL entity sets are value helps; transactional entity is a worklist row"	""	"REJECT-MISSING-OPERATION"	"SETTLED"	""
"API-02"	"Create DI"	"API-02-R01"	"PredecessorDocument = sales order"	"Mandatory"	"LE_SHP_QC_DLVREF"	"(none - not an SAP API Hub artifact)"	"LE_SHP_QC_DLVREF_SRV"	""	"OData V2"	"POST C_DelivWthRefQuickCreate (ReferenceSDDocument)"	"DIRECT"	"ALONE"	"LOCAL-DESIGN"	"sessions/2026-08-15-standard-api-discovery/TIER_A_DEEP_DIVE_FINDINGS.md#le_shp_qc_dlvref"	"PRESENT"	"YES"	"UNKNOWN"	"None - already registered v1"	""	""	"REJECT-MISSING-OPERATION"	"SETTLED"	""
"API-02"	"Create DI"	"API-02-R02"	"PredecessorType = STO_PO"	"Mandatory"	"LE_SHP_QC_DLVREF"	"(none - not an SAP API Hub artifact)"	"LE_SHP_QC_DLVREF_SRV"	""	"OData V2"	"(none)"	"NO FIT"	"ALONE"	"LOCAL-DESIGN"	"sessions/2026-08-15-standard-api-discovery/TIER_A_DEEP_DIVE_FINDINGS.md#le_shp_qc_dlvref"	"PRESENT"	"YES"	"UNKNOWN"	"None - already registered v1"	"Value help is sales orders due for delivery; no purchase-order concept in the model"	""	"REJECT-MISSING-OPERATION"	"SETTLED"	""
"API-02"	"Create DI"	"API-02-R03"	"DeliveryQuantity"	"Mandatory"	"LE_SHP_QC_DLVREF"	"(none - not an SAP API Hub artifact)"	"LE_SHP_QC_DLVREF_SRV"	""	"OData V2"	"(none)"	"NO FIT"	"ALONE"	"LOCAL-DESIGN"	"sessions/2026-08-15-standard-api-discovery/TIER_A_DEEP_DIVE_FINDINGS.md#le_shp_qc_dlvref"	"PRESENT"	"YES"	"UNKNOWN"	"None - already registered v1"	"All 17 properties are header/organisational; no quantity and no item level"	"QCD-1"	"REJECT-MISSING-OPERATION"	"OPEN"	""
"API-02"	"Create DI"	"API-02-R04"	"DeliveryDocument returned"	"Mandatory"	"LE_SHP_QC_DLVREF"	"(none - not an SAP API Hub artifact)"	"LE_SHP_QC_DLVREF_SRV"	""	"OData V2"	"C_DelivWthRefQuickCreate key = OutboundDelivery"	"DIRECT"	"ALONE"	"LOCAL-DESIGN"	"sessions/2026-08-15-standard-api-discovery/TIER_A_DEEP_DIVE_FINDINGS.md#le_shp_qc_dlvref"	"PRESENT"	"YES"	"UNKNOWN"	"None - already registered v1"	""	""	"REJECT-MISSING-OPERATION"	"SETTLED"	""
"API-02"	"Create DI"	"API-02-R05"	"Material and ConfirmedQuantity returned"	"Mandatory"	"LE_SHP_QC_DLVREF"	"(none - not an SAP API Hub artifact)"	"LE_SHP_QC_DLVREF_SRV"	""	"OData V2"	"(none)"	"NO FIT"	"ALONE"	"LOCAL-DESIGN"	"sessions/2026-08-15-standard-api-discovery/TIER_A_DEEP_DIVE_FINDINGS.md#le_shp_qc_dlvref"	"PRESENT"	"YES"	"UNKNOWN"	"None - already registered v1"	"Header-only entity; no item navigation"	""	"REJECT-MISSING-OPERATION"	"SETTLED"	""
"API-02"	"Create DI"	"API-02-R06"	"Incoterm returned"	"Mandatory"	"LE_SHP_QC_DLVREF"	"(none - not an SAP API Hub artifact)"	"LE_SHP_QC_DLVREF_SRV"	""	"OData V2"	"(none)"	"NO FIT"	"ALONE"	"LOCAL-DESIGN"	"sessions/2026-08-15-standard-api-discovery/TIER_A_DEEP_DIVE_FINDINGS.md#le_shp_qc_dlvref"	"PRESENT"	"YES"	"UNKNOWN"	"None - already registered v1"	""	""	"REJECT-MISSING-OPERATION"	"SETTLED"	""
"API-02"	"Create DI"	"API-02-R20"	"Integration-released API status"	"Architecture"	"LE_SHP_QC_DLVREF"	"(none - not an SAP API Hub artifact)"	"LE_SHP_QC_DLVREF_SRV"	""	"OData V2"	"n/a"	"NO FIT"	"ALONE"	"LOCAL-DESIGN"	"sessions/2026-08-15-standard-api-discovery/TIER_A_DEEP_DIVE_FINDINGS.md#le_shp_qc_dlvref"	"PRESENT"	"YES"	"UNKNOWN"	"None - already registered v1"	"11 of 12 entity sets are value helps; Fiori quick-create dialog service"	""	"REJECT-MISSING-OPERATION"	"SETTLED"	""
"API-03"	"Create Invoice / Billing Documents"	"API-03-R01"	"Create billing document from the validated DI"	"Mandatory"	"SD_CUSTOMER_INVOICES_CREATE"	"(none - not an SAP API Hub artifact)"	"SD_CUSTOMER_INVOICES_CREATE"	""	"OData V2"	"POST CreateBillingDocuments (ReferenceSDDocument + Category + Item)"	"DIRECT"	"IN-PROCESS"	"LOCAL-DESIGN"	"sessions/2026-08-15-standard-api-discovery/TIER_A_DEEP_DIVE_FINDINGS.md#sd_customer_invoices_create"	"PRESENT"	"YES"	"UNKNOWN"	"None - already registered v1 (external name has no _SRV suffix)"	""	"SCI-1"	"CONDITIONAL-BUSINESS-GATE"	"OPEN"	"Only billing-creation operation found in the entire 2,626-project catalogue"
"API-03"	"Create Invoice / Billing Documents"	"API-03-R02"	"BillingDocument returned"	"Mandatory"	"SD_CUSTOMER_INVOICES_CREATE"	"(none - not an SAP API Hub artifact)"	"SD_CUSTOMER_INVOICES_CREATE"	""	"OData V2"	"FunctionImportResult.BillingDocument"	"DIRECT"	"IN-PROCESS"	"LOCAL-DESIGN"	"sessions/2026-08-15-standard-api-discovery/TIER_A_DEEP_DIVE_FINDINGS.md#sd_customer_invoices_create"	"PRESENT"	"YES"	"UNKNOWN"	"None - already registered v1 (external name has no _SRV suffix)"	""	""	"CONDITIONAL-BUSINESS-GATE"	"SETTLED"	""
"API-03"	"Create Invoice / Billing Documents"	"API-03-R03"	"Status / MessageCode / Message"	"Mandatory"	"SD_CUSTOMER_INVOICES_CREATE"	"(none - not an SAP API Hub artifact)"	"SD_CUSTOMER_INVOICES_CREATE"	""	"OData V2"	"FunctionImportResult.MessageType / MessageId / Message"	"PARTIAL"	"IN-PROCESS"	"LOCAL-DESIGN"	"sessions/2026-08-15-standard-api-discovery/TIER_A_DEEP_DIVE_FINDINGS.md#sd_customer_invoices_create"	"PRESENT"	"YES"	"UNKNOWN"	"None - already registered v1 (external name has no _SRV suffix)"	"CPI must map SAP message ids to stable portal codes"	"SCI-1"	"CONDITIONAL-BUSINESS-GATE"	"OPEN"	""
"API-03"	"Create Invoice / Billing Documents"	"API-03-R04"	"AccountingDocument returned"	"Optional"	"SD_CUSTOMER_INVOICES_CREATE"	"(none - not an SAP API Hub artifact)"	"SD_CUSTOMER_INVOICES_CREATE"	""	"OData V2"	"BillingDocumentReleaseRequested parameter"	"UNPROVEN"	"IN-PROCESS"	"LOCAL-DESIGN"	"sessions/2026-08-15-standard-api-discovery/TIER_A_DEEP_DIVE_FINDINGS.md#sd_customer_invoices_create"	"PRESENT"	"YES"	"UNKNOWN"	"None - already registered v1 (external name has no _SRV suffix)"	"Release flag exists; whether it yields the accounting document is unproven"	"SCI-2"	"CONDITIONAL-BUSINESS-GATE"	"OPEN"	""
"API-03"	"Create Invoice / Billing Documents"	"API-03-R05"	"BatchAllocations / batch determination stage"	"Mandatory"	"SD_CUSTOMER_INVOICES_CREATE"	"(none - not an SAP API Hub artifact)"	"SD_CUSTOMER_INVOICES_CREATE"	""	"OData V2"	"(none)"	"NO FIT"	"IN-PROCESS"	"LOCAL-DESIGN"	"sessions/2026-08-15-standard-api-discovery/TIER_A_DEEP_DIVE_FINDINGS.md#sd_customer_invoices_create"	"PRESENT"	"YES"	"UNKNOWN"	"None - already registered v1 (external name has no _SRV suffix)"	"Billing stage only; batch determination belongs to the delivery service"	""	"CONDITIONAL-BUSINESS-GATE"	"SETTLED"	""
"API-03"	"Create Invoice / Billing Documents"	"API-03-R06"	"PGI stage (PgiMaterialDocument + Year)"	"Optional"	"SD_CUSTOMER_INVOICES_CREATE"	"(none - not an SAP API Hub artifact)"	"SD_CUSTOMER_INVOICES_CREATE"	""	"OData V2"	"(none)"	"NO FIT"	"IN-PROCESS"	"LOCAL-DESIGN"	"sessions/2026-08-15-standard-api-discovery/TIER_A_DEEP_DIVE_FINDINGS.md#sd_customer_invoices_create"	"PRESENT"	"YES"	"UNKNOWN"	"None - already registered v1 (external name has no _SRV suffix)"	"Covered by API_OUTBOUND_DELIVERY_0002 PostGoodsIssue"	""	"CONDITIONAL-BUSINESS-GATE"	"SETTLED"	""
"API-03"	"Create Invoice / Billing Documents"	"API-03-R07"	"Shipment / ShipmentCost stages"	"Optional"	"SD_CUSTOMER_INVOICES_CREATE"	"(none - not an SAP API Hub artifact)"	"SD_CUSTOMER_INVOICES_CREATE"	""	"OData V2"	"(none)"	"NO FIT"	"IN-PROCESS"	"LOCAL-DESIGN"	"sessions/2026-08-15-standard-api-discovery/TIER_A_DEEP_DIVE_FINDINGS.md#sd_customer_invoices_create"	"PRESENT"	"YES"	"UNKNOWN"	"None - already registered v1 (external name has no _SRV suffix)"	"See API-04 outside-SEGW gap"	""	"CONDITIONAL-BUSINESS-GATE"	"SETTLED"	""
"API-03"	"Create Invoice / Billing Documents"	"API-03-R08"	"IRN / EWayBillNumber stages"	"Optional"	"SD_CUSTOMER_INVOICES_CREATE"	"(none - not an SAP API Hub artifact)"	"SD_CUSTOMER_INVOICES_CREATE"	""	"OData V2"	"(none)"	"NO FIT"	"IN-PROCESS"	"LOCAL-DESIGN"	"sessions/2026-08-15-standard-api-discovery/TIER_A_DEEP_DIVE_FINDINGS.md#sd_customer_invoices_create"	"PRESENT"	"YES"	"UNKNOWN"	"None - already registered v1 (external name has no _SRV suffix)"	"See API-06 outside-SEGW gap"	""	"CONDITIONAL-BUSINESS-GATE"	"SETTLED"	""
"API-03"	"Create Invoice / Billing Documents"	"API-03-R09"	"ProcessId / ProcessStatus orchestration handle"	"Mandatory"	"SD_CUSTOMER_INVOICES_CREATE"	"(none - not an SAP API Hub artifact)"	"SD_CUSTOMER_INVOICES_CREATE"	""	"OData V2"	"(none)"	"NO FIT"	"IN-PROCESS"	"LOCAL-DESIGN"	"sessions/2026-08-15-standard-api-discovery/TIER_A_DEEP_DIVE_FINDINGS.md#sd_customer_invoices_create"	"PRESENT"	"YES"	"UNKNOWN"	"None - already registered v1 (external name has no _SRV suffix)"	"CPI/T2 must own the orchestration handle"	""	"CONDITIONAL-BUSINESS-GATE"	"SETTLED"	""
"API-03"	"Create Invoice / Billing Documents"	"API-03-R20"	"Integration-released API status"	"Architecture"	"SD_CUSTOMER_INVOICES_CREATE"	"(none - not an SAP API Hub artifact)"	"SD_CUSTOMER_INVOICES_CREATE"	""	"OData V2"	"n/a"	"NO FIT"	"IN-PROCESS"	"LOCAL-DESIGN"	"sessions/2026-08-15-standard-api-discovery/TIER_A_DEEP_DIVE_FINDINGS.md#sd_customer_invoices_create"	"PRESENT"	"YES"	"UNKNOWN"	"None - already registered v1 (external name has no _SRV suffix)"	"44 SADL entity types all read-only value helps; C_BillingDueListItem_F0798Type identifies Fiori app F0798"	"GR4-4"	"CONDITIONAL-BUSINESS-GATE"	"OPEN"	""
"API-10"	"STO Invoice"	"API-10-R01"	"InvoiceDocument key"	"Mandatory"	"API_BILLING_DOCUMENT"	"API_BILLING_DOCUMENT_SRV"	"API_BILLING_DOCUMENT_SRV"	""	"OData V2"	"GET A_BillingDocument (key BillingDocument)"	"DIRECT"	"ALONE"	"LOCAL-DESIGN+SAP-OFFICIAL"	"sessions/2026-08-15-standard-api-discovery/TIER_A_DEEP_DIVE_FINDINGS.md#api_billing_document"	"PRESENT"	"NO"	"UNKNOWN"	"Register + activate API_BILLING_DOCUMENT_SRV"	""	"ABD-2"	"CONDITIONAL-BUSINESS-GATE"	"OPEN"	""
"API-10"	"STO Invoice"	"API-10-R02"	"Link to STO outbound delivery"	"Mandatory"	"API_BILLING_DOCUMENT"	"API_BILLING_DOCUMENT_SRV"	"API_BILLING_DOCUMENT_SRV"	""	"OData V2"	"A_BillingDocumentItem.ReferenceSDDocument + Category + Item"	"DIRECT"	"ALONE"	"LOCAL-DESIGN"	"sessions/2026-08-15-standard-api-discovery/TIER_A_DEEP_DIVE_FINDINGS.md#api_billing_document"	"PRESENT"	"NO"	"UNKNOWN"	"Register + activate API_BILLING_DOCUMENT_SRV"	""	"ABD-2"	"CONDITIONAL-BUSINESS-GATE"	"OPEN"	""
"API-10"	"STO Invoice"	"API-10-R03"	"InvoiceDate, CompanyCode, SupplyingPlant"	"Mandatory"	"API_BILLING_DOCUMENT"	"API_BILLING_DOCUMENT_SRV"	"API_BILLING_DOCUMENT_SRV"	""	"OData V2"	"A_BillingDocument header + item Plant"	"DIRECT"	"ALONE"	"LOCAL-DESIGN"	"sessions/2026-08-15-standard-api-discovery/TIER_A_DEEP_DIVE_FINDINGS.md#api_billing_document"	"PRESENT"	"NO"	"UNKNOWN"	"Register + activate API_BILLING_DOCUMENT_SRV"	""	"ABD-2"	"CONDITIONAL-BUSINESS-GATE"	"OPEN"	""
"API-10"	"STO Invoice"	"API-10-R04"	"InvoicedQuantity, NetAmount, Currency"	"Optional"	"API_BILLING_DOCUMENT"	"API_BILLING_DOCUMENT_SRV"	"API_BILLING_DOCUMENT_SRV"	""	"OData V2"	"BillingQuantity / NetAmount / TransactionCurrency"	"DIRECT"	"ALONE"	"LOCAL-DESIGN"	"sessions/2026-08-15-standard-api-discovery/TIER_A_DEEP_DIVE_FINDINGS.md#api_billing_document"	"PRESENT"	"NO"	"UNKNOWN"	"Register + activate API_BILLING_DOCUMENT_SRV"	""	"ABD-2"	"CONDITIONAL-BUSINESS-GATE"	"OPEN"	""
"API-10"	"STO Invoice"	"API-10-R05"	"InvoiceStatus normalisation"	"Mandatory"	"API_BILLING_DOCUMENT"	"API_BILLING_DOCUMENT_SRV"	"API_BILLING_DOCUMENT_SRV"	""	"OData V2"	"BillingDocumentIsCancelled + CancelledBillingDocument"	"PARTIAL"	"ALONE"	"LOCAL-DESIGN"	"sessions/2026-08-15-standard-api-discovery/TIER_A_DEEP_DIVE_FINDINGS.md#api_billing_document"	"PRESENT"	"NO"	"UNKNOWN"	"Register + activate API_BILLING_DOCUMENT_SRV"	"CPI must map to the v1.7 status domain"	"ABD-2"	"CONDITIONAL-BUSINESS-GATE"	"OPEN"	""
"API-10"	"STO Invoice"	"API-10-R06"	"ChangedSince delta watermark"	"Optional"	"API_BILLING_DOCUMENT"	"API_BILLING_DOCUMENT_SRV"	"API_BILLING_DOCUMENT_SRV"	""	"OData V2"	"A_BillingDocument.LastChangeDateTime"	"DIRECT"	"ALONE"	"LOCAL-DESIGN"	"sessions/2026-08-15-standard-api-discovery/TIER_A_DEEP_DIVE_FINDINGS.md#api_billing_document"	"PRESENT"	"NO"	"UNKNOWN"	"Register + activate API_BILLING_DOCUMENT_SRV"	""	""	"CONDITIONAL-BUSINESS-GATE"	"SETTLED"	"Genuine watermark - most candidates cannot supply one"
"API-10"	"STO Invoice"	"API-10-R07"	"StockTransportOrder on the invoice row"	"Mandatory"	"API_BILLING_DOCUMENT"	"API_BILLING_DOCUMENT_SRV"	"API_BILLING_DOCUMENT_SRV"	""	"OData V2"	"(not direct)"	"UNPROVEN"	"ALONE"	"LOCAL-DESIGN"	"sessions/2026-08-15-standard-api-discovery/TIER_A_DEEP_DIVE_FINDINGS.md#api_billing_document"	"PRESENT"	"NO"	"UNKNOWN"	"Register + activate API_BILLING_DOCUMENT_SRV"	"Reachable only by joining through the delivery to its STO predecessor"	"ABD-2"	"CONDITIONAL-BUSINESS-GATE"	"OPEN"	""
"API-10"	"STO Invoice"	"API-10-R20"	"Authoritative STO invoice object confirmed"	"Architecture"	"API_BILLING_DOCUMENT"	"API_BILLING_DOCUMENT_SRV"	"API_BILLING_DOCUMENT_SRV"	""	"OData V2"	"n/a"	"UNPROVEN"	"ALONE"	"BUSINESS-DEMAND"	"sessions/2026-08-15-standard-api-discovery/TIER_A_DEEP_DIVE_FINDINGS.md#api_billing_document"	"PRESENT"	"NO"	"UNKNOWN"	"Register + activate API_BILLING_DOCUMENT_SRV"	"SD billing vs MM supplier invoice vs India GST stock-transfer document - hard gate, unchanged"	"ABD-2"	"CONDITIONAL-BUSINESS-GATE"	"OPEN"	""
"API-03"	"Create Invoice / Billing Documents"	"API-03-R01"	"Create billing document from the validated DI"	"Mandatory"	"API_BILLING_DOCUMENT"	"API_BILLING_DOCUMENT_SRV"	"API_BILLING_DOCUMENT_SRV"	""	"OData V2"	"(none)"	"NO FIT"	"ALONE"	"LOCAL-DESIGN+SAP-OFFICIAL"	"sessions/2026-08-15-standard-api-discovery/TIER_A_DEEP_DIVE_FINDINGS.md#api_billing_document"	"PRESENT"	"NO"	"UNKNOWN"	"Register + activate API_BILLING_DOCUMENT_SRV"	"No entity set is Creatable. Documented V2 surface is read/cancel/PDF; creation exists only on the OData V4 successor."	""	"CONDITIONAL-BUSINESS-GATE"	"SETTLED"	""
"API-03"	"Create Invoice / Billing Documents"	"API-03-R02"	"BillingDocument returned"	"Mandatory"	"API_BILLING_DOCUMENT"	"API_BILLING_DOCUMENT_SRV"	"API_BILLING_DOCUMENT_SRV"	""	"OData V2"	"GET A_BillingDocument"	"PARTIAL"	"IN-PROCESS"	"LOCAL-DESIGN"	"sessions/2026-08-15-standard-api-discovery/TIER_A_DEEP_DIVE_FINDINGS.md#api_billing_document"	"PRESENT"	"NO"	"UNKNOWN"	"Register + activate API_BILLING_DOCUMENT_SRV"	""	""	"CONDITIONAL-BUSINESS-GATE"	"SETTLED"	"Read-back after creation by another service"
"API-03"	"Create Invoice / Billing Documents"	"API-03-R04"	"AccountingDocument returned"	"Optional"	"API_BILLING_DOCUMENT"	"API_BILLING_DOCUMENT_SRV"	"API_BILLING_DOCUMENT_SRV"	""	"OData V2"	"A_BillingDocument.AccountingDocument"	"DIRECT"	"IN-PROCESS"	"LOCAL-DESIGN"	"sessions/2026-08-15-standard-api-discovery/TIER_A_DEEP_DIVE_FINDINGS.md#api_billing_document"	"PRESENT"	"NO"	"UNKNOWN"	"Register + activate API_BILLING_DOCUMENT_SRV"	""	""	"CONDITIONAL-BUSINESS-GATE"	"SETTLED"	"Answers SCI-2 - the accounting document is readable here regardless of the release flag"
"API-08"	"STO Orders"	"API-08-R01"	"StockTransportOrder + PurchaseOrderItem"	"Mandatory"	"MMIM_STO"	"(none - not an SAP API Hub artifact)"	"MMIM_STO_SRV"	""	"OData V2"	"GET StockTransferOrderItems"	"DIRECT"	"ALONE"	"LOCAL-DESIGN"	"sessions/2026-08-15-standard-api-discovery/TIER_A_DEEP_DIVE_FINDINGS.md#mmim_sto"	"PRESENT"	"NO"	"UNKNOWN"	"Not worth activating - see disposition"	""	""	"REJECT-MISSING-OPERATION"	"SETTLED"	""
"API-08"	"STO Orders"	"API-08-R02"	"DocumentType (ZP06 validation)"	"Mandatory"	"MMIM_STO"	"(none - not an SAP API Hub artifact)"	"MMIM_STO_SRV"	""	"OData V2"	"(none)"	"NO FIT"	"ALONE"	"LOCAL-DESIGN"	"sessions/2026-08-15-standard-api-discovery/TIER_A_DEEP_DIVE_FINDINGS.md#mmim_sto"	"PRESENT"	"NO"	"UNKNOWN"	"Not worth activating - see disposition"	"No document type field - cannot distinguish an STO from any other purchase order"	""	"REJECT-MISSING-OPERATION"	"SETTLED"	""
"API-08"	"STO Orders"	"API-08-R03"	"CompanyCode, PurchasingOrganization, PurchasingGroup"	"Mandatory"	"MMIM_STO"	"(none - not an SAP API Hub artifact)"	"MMIM_STO_SRV"	""	"OData V2"	"(none)"	"NO FIT"	"ALONE"	"LOCAL-DESIGN"	"sessions/2026-08-15-standard-api-discovery/TIER_A_DEEP_DIVE_FINDINGS.md#mmim_sto"	"PRESENT"	"NO"	"UNKNOWN"	"Not worth activating - see disposition"	"Header carries only PurchaseOrder, PurchasingDocumentDate, SupplyingPlant"	""	"REJECT-MISSING-OPERATION"	"SETTLED"	""
"API-08"	"STO Orders"	"API-08-R04"	"SupplyingPlant, ReceivingPlant, Material, OrderedQuantity, Unit, DeliveryDate"	"Mandatory"	"MMIM_STO"	"(none - not an SAP API Hub artifact)"	"MMIM_STO_SRV"	""	"OData V2"	"StockTransferOrderItem fields"	"DIRECT"	"ALONE"	"LOCAL-DESIGN"	"sessions/2026-08-15-standard-api-discovery/TIER_A_DEEP_DIVE_FINDINGS.md#mmim_sto"	"PRESENT"	"NO"	"UNKNOWN"	"Not worth activating - see disposition"	""	""	"REJECT-MISSING-OPERATION"	"SETTLED"	""
"API-08"	"STO Orders"	"API-08-R05"	"DocumentStatus"	"Mandatory"	"MMIM_STO"	"(none - not an SAP API Hub artifact)"	"MMIM_STO_SRV"	""	"OData V2"	"(none)"	"NO FIT"	"ALONE"	"LOCAL-DESIGN"	"sessions/2026-08-15-standard-api-discovery/TIER_A_DEEP_DIVE_FINDINGS.md#mmim_sto"	"PRESENT"	"NO"	"UNKNOWN"	"Not worth activating - see disposition"	""	""	"REJECT-MISSING-OPERATION"	"SETTLED"	""
"API-08"	"STO Orders"	"API-08-R06"	"LastChangedAt / ChangedSince delta"	"Optional"	"MMIM_STO"	"(none - not an SAP API Hub artifact)"	"MMIM_STO_SRV"	""	"OData V2"	"(none)"	"NO FIT"	"ALONE"	"LOCAL-DESIGN"	"sessions/2026-08-15-standard-api-discovery/TIER_A_DEEP_DIVE_FINDINGS.md#mmim_sto"	"PRESENT"	"NO"	"UNKNOWN"	"Not worth activating - see disposition"	"No change watermark for S/4 to CPI to T2 synchronisation"	""	"REJECT-MISSING-OPERATION"	"SETTLED"	""
"API-08"	"STO Orders"	"API-08-R07"	"PageSize / PageOffset paging"	"Optional"	"MMIM_STO"	"(none - not an SAP API Hub artifact)"	"MMIM_STO_SRV"	""	"OData V2"	"(none)"	"NO FIT"	"ALONE"	"LOCAL-DESIGN"	"sessions/2026-08-15-standard-api-discovery/TIER_A_DEEP_DIVE_FINDINGS.md#mmim_sto"	"PRESENT"	"NO"	"UNKNOWN"	"Not worth activating - see disposition"	"Neither entity set carries a Pageable flag"	""	"REJECT-MISSING-OPERATION"	"SETTLED"	""
"API-08"	"STO Orders"	"API-08-R01"	"StockTransportOrder + PurchaseOrderItem"	"Mandatory"	"API_PURCHASEORDER_PROCESS"	"API_PURCHASEORDER_PROCESS_SRV"	"API_PURCHASEORDER_PROCESS_SRV"	""	"OData V2"	"GET A_PurchaseOrder / A_PurchaseOrderItem"	"DIRECT"	"ALONE"	"LOCAL-DESIGN"	"sessions/2026-08-15-standard-api-discovery/TIER_A_DEEP_DIVE_FINDINGS.md#api_purchaseorder_process"	"PRESENT"	"NO"	"UNKNOWN"	"Register + activate API_PURCHASEORDER_PROCESS_SRV; check the V4 successor position first"	""	""	"KEEP-PRIMARY"	"SETTLED"	""
"API-08"	"STO Orders"	"API-08-R02"	"DocumentType (ZP06 validation)"	"Mandatory"	"API_PURCHASEORDER_PROCESS"	"API_PURCHASEORDER_PROCESS_SRV"	"API_PURCHASEORDER_PROCESS_SRV"	""	"OData V2"	"A_PurchaseOrder.PurchaseOrderType"	"DIRECT"	"ALONE"	"LOCAL-DESIGN"	"sessions/2026-08-15-standard-api-discovery/TIER_A_DEEP_DIVE_FINDINGS.md#api_purchaseorder_process"	"PRESENT"	"NO"	"UNKNOWN"	"Register + activate API_PURCHASEORDER_PROCESS_SRV; check the V4 successor position first"	""	"APO-4"	"KEEP-PRIMARY"	"OPEN"	""
"API-08"	"STO Orders"	"API-08-R03"	"CompanyCode, PurchasingOrganization, PurchasingGroup"	"Mandatory"	"API_PURCHASEORDER_PROCESS"	"API_PURCHASEORDER_PROCESS_SRV"	"API_PURCHASEORDER_PROCESS_SRV"	""	"OData V2"	"A_PurchaseOrder header fields"	"DIRECT"	"ALONE"	"LOCAL-DESIGN"	"sessions/2026-08-15-standard-api-discovery/TIER_A_DEEP_DIVE_FINDINGS.md#api_purchaseorder_process"	"PRESENT"	"NO"	"UNKNOWN"	"Register + activate API_PURCHASEORDER_PROCESS_SRV; check the V4 successor position first"	""	""	"KEEP-PRIMARY"	"SETTLED"	""
"API-08"	"STO Orders"	"API-08-R04"	"SupplyingPlant, ReceivingPlant, Material, OrderedQuantity, Unit, DeliveryDate"	"Mandatory"	"API_PURCHASEORDER_PROCESS"	"API_PURCHASEORDER_PROCESS_SRV"	"API_PURCHASEORDER_PROCESS_SRV"	""	"OData V2"	"header SupplyingPlant + item Plant/Material/OrderQuantity/Unit + schedule line date"	"DIRECT"	"ALONE"	"LOCAL-DESIGN"	"sessions/2026-08-15-standard-api-discovery/TIER_A_DEEP_DIVE_FINDINGS.md#api_purchaseorder_process"	"PRESENT"	"NO"	"UNKNOWN"	"Register + activate API_PURCHASEORDER_PROCESS_SRV; check the V4 successor position first"	""	""	"KEEP-PRIMARY"	"SETTLED"	""
"API-08"	"STO Orders"	"API-08-R05"	"DocumentStatus"	"Mandatory"	"API_PURCHASEORDER_PROCESS"	"API_PURCHASEORDER_PROCESS_SRV"	"API_PURCHASEORDER_PROCESS_SRV"	""	"OData V2"	"PurchasingProcessingStatus / PurchasingCompletenessStatus"	"PARTIAL"	"ALONE"	"LOCAL-DESIGN"	"sessions/2026-08-15-standard-api-discovery/TIER_A_DEEP_DIVE_FINDINGS.md#api_purchaseorder_process"	"PRESENT"	"NO"	"UNKNOWN"	"Register + activate API_PURCHASEORDER_PROCESS_SRV; check the V4 successor position first"	"Mapping to the v1.7 status domain undecided"	"APO-2"	"KEEP-PRIMARY"	"OPEN"	""
"API-08"	"STO Orders"	"API-08-R06"	"LastChangedAt / ChangedSince delta"	"Optional"	"API_PURCHASEORDER_PROCESS"	"API_PURCHASEORDER_PROCESS_SRV"	"API_PURCHASEORDER_PROCESS_SRV"	""	"OData V2"	"A_PurchaseOrder.LastChangeDateTime"	"DIRECT"	"ALONE"	"LOCAL-DESIGN"	"sessions/2026-08-15-standard-api-discovery/TIER_A_DEEP_DIVE_FINDINGS.md#api_purchaseorder_process"	"PRESENT"	"NO"	"UNKNOWN"	"Register + activate API_PURCHASEORDER_PROCESS_SRV; check the V4 successor position first"	""	""	"KEEP-PRIMARY"	"SETTLED"	""
"API-08"	"STO Orders"	"API-08-R07"	"PageSize / PageOffset paging"	"Optional"	"API_PURCHASEORDER_PROCESS"	"API_PURCHASEORDER_PROCESS_SRV"	"API_PURCHASEORDER_PROCESS_SRV"	""	"OData V2"	"All entity sets Pageable"	"DIRECT"	"ALONE"	"LOCAL-DESIGN"	"sessions/2026-08-15-standard-api-discovery/TIER_A_DEEP_DIVE_FINDINGS.md#api_purchaseorder_process"	"PRESENT"	"NO"	"UNKNOWN"	"Register + activate API_PURCHASEORDER_PROCESS_SRV; check the V4 successor position first"	""	""	"KEEP-PRIMARY"	"SETTLED"	""
"API-11"	"Create STO Purchase Order"	"API-11-R01"	"Create the STO purchase order"	"Mandatory"	"API_PURCHASEORDER_PROCESS"	"API_PURCHASEORDER_PROCESS_SRV"	"API_PURCHASEORDER_PROCESS_SRV"	""	"OData V2"	"POST A_PurchaseOrder with to_PurchaseOrderItem"	"DIRECT"	"ALONE"	"LOCAL-DESIGN"	"sessions/2026-08-15-standard-api-discovery/TIER_A_DEEP_DIVE_FINDINGS.md#api_purchaseorder_process"	"PRESENT"	"NO"	"UNKNOWN"	"Register + activate API_PURCHASEORDER_PROCESS_SRV; check the V4 successor position first"	""	"APO-4"	"KEEP-PRIMARY"	"OPEN"	"All 10 entity sets are Creatable"
"API-11"	"Create STO Purchase Order"	"API-11-R02"	"SourcePlant / ReceivingPlant"	"Mandatory"	"API_PURCHASEORDER_PROCESS"	"API_PURCHASEORDER_PROCESS_SRV"	"API_PURCHASEORDER_PROCESS_SRV"	""	"OData V2"	"header SupplyingPlant + item Plant"	"DIRECT"	"ALONE"	"LOCAL-DESIGN"	"sessions/2026-08-15-standard-api-discovery/TIER_A_DEEP_DIVE_FINDINGS.md#api_purchaseorder_process"	"PRESENT"	"NO"	"UNKNOWN"	"Register + activate API_PURCHASEORDER_PROCESS_SRV; check the V4 successor position first"	""	""	"KEEP-PRIMARY"	"SETTLED"	""
"API-11"	"Create STO Purchase Order"	"API-11-R03"	"CompanyCode / PurchasingGroup"	"Mandatory"	"API_PURCHASEORDER_PROCESS"	"API_PURCHASEORDER_PROCESS_SRV"	"API_PURCHASEORDER_PROCESS_SRV"	""	"OData V2"	"A_PurchaseOrder header"	"DIRECT"	"ALONE"	"LOCAL-DESIGN"	"sessions/2026-08-15-standard-api-discovery/TIER_A_DEEP_DIVE_FINDINGS.md#api_purchaseorder_process"	"PRESENT"	"NO"	"UNKNOWN"	"Register + activate API_PURCHASEORDER_PROCESS_SRV; check the V4 successor position first"	""	""	"KEEP-PRIMARY"	"SETTLED"	""
"API-11"	"Create STO Purchase Order"	"API-11-R04"	"Product / PurchaseOrderQuantity / Unit / DeliveryDate"	"Mandatory"	"API_PURCHASEORDER_PROCESS"	"API_PURCHASEORDER_PROCESS_SRV"	"API_PURCHASEORDER_PROCESS_SRV"	""	"OData V2"	"item Material/OrderQuantity/Unit + schedule line"	"DIRECT"	"ALONE"	"LOCAL-DESIGN"	"sessions/2026-08-15-standard-api-discovery/TIER_A_DEEP_DIVE_FINDINGS.md#api_purchaseorder_process"	"PRESENT"	"NO"	"UNKNOWN"	"Register + activate API_PURCHASEORDER_PROCESS_SRV; check the V4 successor position first"	""	""	"KEEP-PRIMARY"	"SETTLED"	""
"API-11"	"Create STO Purchase Order"	"API-11-R05"	"RequisitionNumber"	"Mandatory"	"API_PURCHASEORDER_PROCESS"	"API_PURCHASEORDER_PROCESS_SRV"	"API_PURCHASEORDER_PROCESS_SRV"	""	"OData V2"	"A_PurchaseOrderItem.PurchaseRequisition + PurchaseRequisitionItem"	"DIRECT"	"ALONE"	"LOCAL-DESIGN"	"sessions/2026-08-15-standard-api-discovery/TIER_A_DEEP_DIVE_FINDINGS.md#api_purchaseorder_process"	"PRESENT"	"NO"	"UNKNOWN"	"Register + activate API_PURCHASEORDER_PROCESS_SRV; check the V4 successor position first"	""	""	"KEEP-PRIMARY"	"SETTLED"	"Resolves the discovery-phase question about MM_PUR_PR_PROCESS"
"API-11"	"Create STO Purchase Order"	"API-11-R06"	"Requisitioner"	"Mandatory"	"API_PURCHASEORDER_PROCESS"	"API_PURCHASEORDER_PROCESS_SRV"	"API_PURCHASEORDER_PROCESS_SRV"	""	"OData V2"	"A_PurchaseOrderItem.RequisitionerName"	"DIRECT"	"ALONE"	"LOCAL-DESIGN"	"sessions/2026-08-15-standard-api-discovery/TIER_A_DEEP_DIVE_FINDINGS.md#api_purchaseorder_process"	"PRESENT"	"NO"	"UNKNOWN"	"Register + activate API_PURCHASEORDER_PROCESS_SRV; check the V4 successor position first"	""	""	"KEEP-PRIMARY"	"SETTLED"	""
"API-11"	"Create STO Purchase Order"	"API-11-R07"	"ShippingType"	"Mandatory"	"API_PURCHASEORDER_PROCESS"	"API_PURCHASEORDER_PROCESS_SRV"	"API_PURCHASEORDER_PROCESS_SRV"	""	"OData V2"	"(none)"	"NO FIT"	"ALONE"	"LOCAL-DESIGN"	"sessions/2026-08-15-standard-api-discovery/TIER_A_DEEP_DIVE_FINDINGS.md#api_purchaseorder_process"	"PRESENT"	"NO"	"UNKNOWN"	"Register + activate API_PURCHASEORDER_PROCESS_SRV; check the V4 successor position first"	"No shipping-type field on the PO header or item"	"APO-1"	"KEEP-PRIMARY"	"OPEN"	""
"API-11"	"Create STO Purchase Order"	"API-11-R08"	"PurchaseOrder returned"	"Mandatory"	"API_PURCHASEORDER_PROCESS"	"API_PURCHASEORDER_PROCESS_SRV"	"API_PURCHASEORDER_PROCESS_SRV"	""	"OData V2"	"A_PurchaseOrder key"	"DIRECT"	"ALONE"	"LOCAL-DESIGN"	"sessions/2026-08-15-standard-api-discovery/TIER_A_DEEP_DIVE_FINDINGS.md#api_purchaseorder_process"	"PRESENT"	"NO"	"UNKNOWN"	"Register + activate API_PURCHASEORDER_PROCESS_SRV; check the V4 successor position first"	""	""	"KEEP-PRIMARY"	"SETTLED"	""
"API-11"	"Create STO Purchase Order"	"API-11-R09"	"RequestId / IsReplay idempotency"	"Mandatory"	"API_PURCHASEORDER_PROCESS"	"API_PURCHASEORDER_PROCESS_SRV"	"API_PURCHASEORDER_PROCESS_SRV"	""	"OData V2"	"(none)"	"NO FIT"	"ALONE"	"LOCAL-DESIGN"	"sessions/2026-08-15-standard-api-discovery/TIER_A_DEEP_DIVE_FINDINGS.md#api_purchaseorder_process"	"PRESENT"	"NO"	"UNKNOWN"	"Register + activate API_PURCHASEORDER_PROCESS_SRV; check the V4 successor position first"	"Must be built in CPI/T2"	""	"KEEP-PRIMARY"	"SETTLED"	""
"API-05"	"Stock Availability"	"API-05-R01"	"Material x Plant x StorageLocation grain"	"Mandatory"	"API_MATERIAL_STOCK"	"API_MATERIAL_STOCK_SRV"	"API_MATERIAL_STOCK_SRV"	""	"OData V2"	"GET A_MatlStkInAcctMod (11-part key)"	"DIRECT"	"ALONE"	"LOCAL-DESIGN"	"sessions/2026-08-15-standard-api-discovery/TIER_A_DEEP_DIVE_FINDINGS.md#api-05-stock-availability---three-way-comparison"	"PRESENT"	"NO"	"UNKNOWN"	"Register + activate API_MATERIAL_STOCK_SRV"	""	""	"KEEP-PRIMARY"	"SETTLED"	""
"API-05"	"Stock Availability"	"API-05-R02"	"SystemQuantity"	"Mandatory"	"API_MATERIAL_STOCK"	"API_MATERIAL_STOCK_SRV"	"API_MATERIAL_STOCK_SRV"	""	"OData V2"	"MatlWrhsStkQtyInMatlBaseUnit"	"DIRECT"	"ALONE"	"LOCAL-DESIGN"	"sessions/2026-08-15-standard-api-discovery/TIER_A_DEEP_DIVE_FINDINGS.md#api-05-stock-availability---three-way-comparison"	"PRESENT"	"NO"	"UNKNOWN"	"Register + activate API_MATERIAL_STOCK_SRV"	"Which InventoryStockType values are in scope needs MM confirmation"	"STK-3"	"KEEP-PRIMARY"	"OPEN"	""
"API-05"	"Stock Availability"	"API-05-R03"	"Unit"	"Mandatory"	"API_MATERIAL_STOCK"	"API_MATERIAL_STOCK_SRV"	"API_MATERIAL_STOCK_SRV"	""	"OData V2"	"MaterialBaseUnit"	"DIRECT"	"ALONE"	"LOCAL-DESIGN"	"sessions/2026-08-15-standard-api-discovery/TIER_A_DEEP_DIVE_FINDINGS.md#api-05-stock-availability---three-way-comparison"	"PRESENT"	"NO"	"UNKNOWN"	"Register + activate API_MATERIAL_STOCK_SRV"	""	""	"KEEP-PRIMARY"	"SETTLED"	""
"API-05"	"Stock Availability"	"API-05-R04"	"MaterialDescription"	"Mandatory"	"API_MATERIAL_STOCK"	"API_MATERIAL_STOCK_SRV"	"API_MATERIAL_STOCK_SRV"	""	"OData V2"	"(none)"	"NO FIT"	"ALONE"	"LOCAL-DESIGN"	"sessions/2026-08-15-standard-api-discovery/TIER_A_DEEP_DIVE_FINDINGS.md#api-05-stock-availability---three-way-comparison"	"PRESENT"	"NO"	"UNKNOWN"	"Register + activate API_MATERIAL_STOCK_SRV"	""	"STK-2"	"KEEP-PRIMARY"	"OPEN"	""
"API-05"	"Stock Availability"	"API-05-R05"	"StorageLocationDescription"	"Mandatory"	"API_MATERIAL_STOCK"	"API_MATERIAL_STOCK_SRV"	"API_MATERIAL_STOCK_SRV"	""	"OData V2"	"(none)"	"NO FIT"	"ALONE"	"LOCAL-DESIGN"	"sessions/2026-08-15-standard-api-discovery/TIER_A_DEEP_DIVE_FINDINGS.md#api-05-stock-availability---three-way-comparison"	"PRESENT"	"NO"	"UNKNOWN"	"Register + activate API_MATERIAL_STOCK_SRV"	""	"STK-2"	"KEEP-PRIMARY"	"OPEN"	""
"API-05"	"Stock Availability"	"API-05-R06"	"StockAgeingDays"	"Optional - source dependent"	"API_MATERIAL_STOCK"	"API_MATERIAL_STOCK_SRV"	"API_MATERIAL_STOCK_SRV"	""	"OData V2"	"(none)"	"NO FIT"	"ALONE"	"LOCAL-DESIGN+BUSINESS-DEMAND"	"sessions/2026-08-15-standard-api-discovery/TIER_A_DEEP_DIVE_FINDINGS.md#api-05-stock-availability---three-way-comparison"	"PRESENT"	"NO"	"UNKNOWN"	"Register + activate API_MATERIAL_STOCK_SRV"	"No candidate in the catalogue supplies it; SYSTEM_OF_RECORD_MATRIX routes ageing from ZMM5013 via Datasphere D-1"	"STK-1"	"KEEP-PRIMARY"	"OPEN"	""
"API-05"	"Stock Availability"	"API-05-R07"	"Paging + plant-scoped list"	"Mandatory"	"API_MATERIAL_STOCK"	"API_MATERIAL_STOCK_SRV"	"API_MATERIAL_STOCK_SRV"	""	"OData V2"	"Both entity sets Pageable"	"DIRECT"	"ALONE"	"LOCAL-DESIGN"	"sessions/2026-08-15-standard-api-discovery/TIER_A_DEEP_DIVE_FINDINGS.md#api-05-stock-availability---three-way-comparison"	"PRESENT"	"NO"	"UNKNOWN"	"Register + activate API_MATERIAL_STOCK_SRV"	""	""	"KEEP-PRIMARY"	"SETTLED"	""
"API-05"	"Stock Availability"	"API-05-R08"	"Batch dimension for FIFO input"	"Optional"	"API_MATERIAL_STOCK"	"API_MATERIAL_STOCK_SRV"	"API_MATERIAL_STOCK_SRV"	""	"OData V2"	"A_MatlStkInAcctMod.Batch"	"DIRECT"	"ALONE"	"LOCAL-DESIGN"	"sessions/2026-08-15-standard-api-discovery/TIER_A_DEEP_DIVE_FINDINGS.md#api-05-stock-availability---three-way-comparison"	"PRESENT"	"NO"	"UNKNOWN"	"Register + activate API_MATERIAL_STOCK_SRV"	""	""	"KEEP-PRIMARY"	"SETTLED"	""
"API-05"	"Stock Availability"	"API-05-R01"	"Material x Plant x StorageLocation grain"	"Mandatory"	"API_PRODUCT_AVAILY_INFO_BASIC"	"API_PRODUCT_AVAILY_INFO_BASIC"	"API_PRODUCT_AVAILY_INFO_BASIC"	""	"OData V2"	"(none)"	"NO FIT"	"ALONE"	"LOCAL-DESIGN"	"sessions/2026-08-15-standard-api-discovery/TIER_A_DEEP_DIVE_FINDINGS.md#api-05-stock-availability---three-way-comparison"	"PRESENT"	"NO"	"UNKNOWN"	"Only if the separate FIFO/ATP allocation check is confirmed in scope"	"No storage-location parameter exists; ATP is calculated at plant level"	""	"REJECT-WRONG-OBJECT"	"SETTLED"	""
"API-05"	"Stock Availability"	"API-05-R07"	"Paging + plant-scoped list"	"Mandatory"	"API_PRODUCT_AVAILY_INFO_BASIC"	"API_PRODUCT_AVAILY_INFO_BASIC"	"API_PRODUCT_AVAILY_INFO_BASIC"	""	"OData V2"	"(none)"	"NO FIT"	"ALONE"	"LOCAL-DESIGN"	"sessions/2026-08-15-standard-api-discovery/TIER_A_DEEP_DIVE_FINDINGS.md#api-05-stock-availability---three-way-comparison"	"PRESENT"	"NO"	"UNKNOWN"	"Only if the separate FIFO/ATP allocation check is confirmed in scope"	"No entity sets at all; three GET function imports take one Material per call"	""	"REJECT-WRONG-OBJECT"	"SETTLED"	""
"API-05"	"Stock Availability"	"API-05-R02"	"SystemQuantity (on-hand book stock)"	"Mandatory"	"API_PRODUCT_AVAILY_INFO_BASIC"	"API_PRODUCT_AVAILY_INFO_BASIC"	"API_PRODUCT_AVAILY_INFO_BASIC"	""	"OData V2"	"AvailabilityRecord"	"NO FIT"	"ALONE"	"LOCAL-DESIGN"	"sessions/2026-08-15-standard-api-discovery/TIER_A_DEEP_DIVE_FINDINGS.md#api-05-stock-availability---three-way-comparison"	"PRESENT"	"NO"	"UNKNOWN"	"Only if the separate FIFO/ATP allocation check is confirmed in scope"	"Returns ATP availability against a checking rule - a different business question"	""	"REJECT-WRONG-OBJECT"	"SETTLED"	""
"API-05"	"Stock Availability"	"API-05-R09"	"Outbound batch/FIFO allocation availability check (Q-038, not API-05)"	"Architecture"	"API_PRODUCT_AVAILY_INFO_BASIC"	"API_PRODUCT_AVAILY_INFO_BASIC"	"API_PRODUCT_AVAILY_INFO_BASIC"	""	"OData V2"	"DetermineAvailabilityOf / At / CalculateAvailabilityTimeseries"	"UNPROVEN"	"IN-PROCESS"	"LOCAL-DESIGN"	"sessions/2026-08-15-standard-api-discovery/TIER_A_DEEP_DIVE_FINDINGS.md#api-05-stock-availability---three-way-comparison"	"PRESENT"	"NO"	"UNKNOWN"	"Only if the separate FIFO/ATP allocation check is confirmed in scope"	""	"STK-4"	"REJECT-WRONG-OBJECT"	"OPEN"	"Legitimate candidate for a different requirement"
"API-05"	"Stock Availability"	"API-05-R06"	"StockAgeingDays"	"Optional - source dependent"	"MMIM_STOCKINDATERANGE"	"(none - not an SAP API Hub artifact)"	"MMIM_STOCKINDATERANGE_SRV"	""	"OData V2"	"(none)"	"NO FIT"	"IN-PROCESS"	"LOCAL-DESIGN"	"sessions/2026-08-15-standard-api-discovery/TIER_A_DEEP_DIVE_FINDINGS.md#api-05-stock-availability---three-way-comparison"	"PRESENT"	"NO"	"UNKNOWN"	"Only if adopted for descriptions or movement reporting"	"Reports stock CHANGE between two dates (opening/closing/increase/decrease/net GR/GI), not holding age. Promoted in discovery as the ageing source; the evidence refutes that."	"STK-1"	"COMPLEMENTARY"	"OPEN"	""
"API-05"	"Stock Availability"	"API-05-R04"	"MaterialDescription"	"Mandatory"	"MMIM_STOCKINDATERANGE"	"(none - not an SAP API Hub artifact)"	"MMIM_STOCKINDATERANGE_SRV"	""	"OData V2"	"C_StockOnIntervalBoundariesResult.MaterialName"	"DIRECT"	"IN-PROCESS"	"LOCAL-DESIGN"	"sessions/2026-08-15-standard-api-discovery/TIER_A_DEEP_DIVE_FINDINGS.md#api-05-stock-availability---three-way-comparison"	"PRESENT"	"NO"	"UNKNOWN"	"Only if adopted for descriptions or movement reporting"	""	"STK-2"	"COMPLEMENTARY"	"OPEN"	""
"API-05"	"Stock Availability"	"API-05-R05"	"StorageLocationDescription"	"Mandatory"	"MMIM_STOCKINDATERANGE"	"(none - not an SAP API Hub artifact)"	"MMIM_STOCKINDATERANGE_SRV"	""	"OData V2"	"C_StockOnIntervalBoundariesResult.StorageLocationName"	"DIRECT"	"IN-PROCESS"	"LOCAL-DESIGN"	"sessions/2026-08-15-standard-api-discovery/TIER_A_DEEP_DIVE_FINDINGS.md#api-05-stock-availability---three-way-comparison"	"PRESENT"	"NO"	"UNKNOWN"	"Only if adopted for descriptions or movement reporting"	""	"STK-2"	"COMPLEMENTARY"	"OPEN"	""
"API-05"	"Stock Availability"	"API-05-R20"	"Integration-released API status"	"Architecture"	"MMIM_STOCKINDATERANGE"	"(none - not an SAP API Hub artifact)"	"MMIM_STOCKINDATERANGE_SRV"	""	"OData V2"	"n/a"	"NO FIT"	"IN-PROCESS"	"LOCAL-DESIGN"	"sessions/2026-08-15-standard-api-discovery/TIER_A_DEEP_DIVE_FINDINGS.md#api-05-stock-availability---three-way-comparison"	"PRESENT"	"NO"	"UNKNOWN"	"Only if adopted for descriptions or movement reporting"	"Parameterised analytical CDS query with 16 value helps and an annotation model"	"GR4-4"	"COMPLEMENTARY"	"OPEN"	""
