"BusinessApiId"	"BusinessApiName"	"Project"	"Description"	"CreatedBy"	"CreatedOn"	"LastChangedOn"	"MatchedTerms"	"BusinessObjectFit"	"RequiredOperationFitAtDiscovery"	"CandidateTier"	"CandidateRationale"	"SiblingFamily"	"ExistingDeepDiveStatus"	"RejectionReason"	"EvidenceSource"	"OpenGate"	"ProposedNextAction"	"LocalRuntimeRegistered"
"API-01"	"Submit MIGO"	"API_MATERIAL_DOCUMENT"	"OData Service for Material Document API"	"SAP"	"08.11.2016"	"24.02.2022"	"MATERIAL DOCUMENT"	"DIRECT"	"LIKELY-COVERS"	"TIER-A"	"Multi-item deep insert carries one storage location and quantity per item, matching the mandatory v1.7 Allocations[] collection; header key MaterialDocument+MaterialDocumentYear is the required response key."	"none"	"COMPLETE 2026-08-15"	""	"SEGW_PROJECT_CATALOG.tsv (2,626 rows) | CNF_BUSINESS_SEARCH_DICTIONARY.tsv | 522-row Gateway catalogue: not registered | API_MATERIAL_DOCUMENT_DEEP_DIVE.md"	"ID-1 STO document flow; MD-3 GoodsMovementCode"	"Hold pending ID-1; already deep-dived"	"NO"
"API-01"	"Submit MIGO"	"MMIM_GR4PO_DL"	"oData Service Goods receipt Purchase Order/Del."	"SAP"	"13.05.2014"	"20.05.2022"	"GOODS RECEIPT"	"DIRECT"	"UNKNOWN"	"TIER-A"	"Description is literally goods receipt for Purchase Order/Delivery - the exact reference combination v1.7 API-01 needs. Entirely missed by the API_* reduction."	"MMIM GR family"	"NOT STARTED"	""	"SEGW_PROJECT_CATALOG.tsv (2,626 rows) | CNF_BUSINESS_SEARCH_DICTIONARY.tsv | 522-row Gateway catalogue: not registered"	"Is it a Fiori app service or a reusable API?"	"DEEP DIVE - highest-value new discovery for API-01"	"NO"
"API-01"	"Submit MIGO"	"MMIM_MATDOC"	"oData Service Material Document"	"SAP"	"10.09.2014"	"23.02.2022"	"MATERIAL DOCUMENT; MATDOC"	"RELATED"	"UNKNOWN"	"TIER-A"	"Material-document OData service that is ALREADY REGISTERED in QS4, unlike API_MATERIAL_DOCUMENT_SRV. Registration status alone justifies inspection."	"MMIM MATDOC family"	"NOT STARTED"	""	"SEGW_PROJECT_CATALOG.tsv (2,626 rows) | CNF_BUSINESS_SEARCH_DICTIONARY.tsv | 522-row Gateway catalogue: REGISTERED as MMIM_MATDOC_SRV v1"	"Fiori app service vs integration API; create capability unknown"	"DEEP DIVE - compare create surface against API_MATERIAL_DOCUMENT"	"YES"
"API-01"	"Submit MIGO"	"MMIM_MATDOC_OV"	"Odata Service: Material Documents Overview"	"SAP"	"08.04.2016"	"27.01.2022"	"MATDOC"	"RELATED"	"READ-ONLY"	"TIER-C"	"Material Documents Overview; registered in QS4. Overview/analytical shape suggests read-only."	"MMIM MATDOC family"	"NOT STARTED"	""	"SEGW_PROJECT_CATALOG.tsv (2,626 rows) | CNF_BUSINESS_SEARCH_DICTIONARY.tsv | 522-row Gateway catalogue: REGISTERED as MMIM_MATDOC_OV_SRV v1"	""	"Inspect only if MMIM_MATDOC proves relevant"	"YES"
"API-01"	"Submit MIGO"	"MMIM_GR_CANCELLATION"	"Cancellation of Goods Receipt"	"SAP"	"26.06.2014"	"26.07.2016"	"GOODS RECEIPT"	"RELATED"	"PARTIAL"	"TIER-C"	"Cancellation of Goods Receipt - relevant to receipt reversal, not to the v1.7 posting itself."	"MMIM GR family"	"NOT STARTED"	""	"SEGW_PROJECT_CATALOG.tsv (2,626 rows) | CNF_BUSINESS_SEARCH_DICTIONARY.tsv | 522-row Gateway catalogue: not registered"	""	"Revisit if reversal enters scope"	"NO"
"API-01"	"Submit MIGO"	"API_INBOUND_DELIVERY_0002"	"Remote API for Inbound Delivery"	"SAP"	"04.06.2018"	"05.04.2022"	"INBOUND DELIVERY"	"RELATED"	"NO"	"TIER-B"	"Posts goods receipt for an SAP inbound delivery but cannot carry storage-location allocations and returns no material-document key."	"inbound delivery"	"COMPLETE 2026-08-15"	""	"SEGW_PROJECT_CATALOG.tsv (2,626 rows) | CNF_BUSINESS_SEARCH_DICTIONARY.tsv | 522-row Gateway catalogue: not registered | API_INBOUND_DELIVERY_0002_DEEP_DIVE.md"	"ID-1 STO document flow"	"Hold as receiving-process companion only"	"NO"
"API-01"	"Submit MIGO"	"API_INBOUND_DELIVERY"	"Remote API for Inbound Delivery"	"SAP"	"20.06.2017"	"29.01.2021"	"INBOUND DELIVERY"	"RELATED"	"NO"	"TIER-C"	"Superseded ;v=1 generation retained as sibling baseline."	"inbound delivery"	"COMPLETE 2026-08-15"	""	"SEGW_PROJECT_CATALOG.tsv (2,626 rows) | CNF_BUSINESS_SEARCH_DICTIONARY.tsv | 522-row Gateway catalogue: not registered | INBOUND_DELIVERY_DELTA.md"	""	"No further work"	"NO"
"API-01"	"Submit MIGO"	"MM_PUR_REQ_CONF_GR"	"SSP Requisition Goods Receipt Confirmation"	"SAP"	"21.11.2019"	"02.02.2022"	"GOODS RECEIPT"	"WRONG-OBJECT"	"NO"	"REJECTED"	"Self-service procurement requisition confirmation."	""	"N/A"	"SSP requisition GR confirmation is a different process from depot goods receipt against a delivery."	"SEGW_PROJECT_CATALOG.tsv (2,626 rows) | CNF_BUSINESS_SEARCH_DICTIONARY.tsv | 522-row Gateway catalogue: not registered"	""	""	"NO"
"API-01"	"Submit MIGO"	"API_CUSTOMER_RETURNS_DELIVERY"	"Remote API for Customer Returns Delivery"	"SAP"	"10.10.2017"	"29.01.2021"	""	"WRONG-OBJECT"	"NO"	"REJECTED"	"Returns delivery family."	"customer returns"	"N/A"	"CNF is not a customer-returns flow. Rejection carried forward from the original shortlist and re-confirmed."	"SEGW_PROJECT_CATALOG.tsv (2,626 rows) | CNF_BUSINESS_SEARCH_DICTIONARY.tsv | 522-row Gateway catalogue: not registered"	""	""	"NO"
"API-02"	"Create DI"	"API_OUTBOUND_DELIVERY_0002"	"Remote API for Outbound Delivery"	"SAP"	"04.06.2018"	"19.05.2022"	"OUTBOUND DELIVERY; DELIVERY"	"DIRECT"	"LIKELY-COVERS"	"TIER-A"	"A2X outbound delivery; SAP documents create with reference to a sales order, a stock transport order or a returns PO - covering both v1.7 predecessor types."	"outbound delivery"	"EXTRACTED 2026-08-15 - coverage report outstanding"	""	"SEGW_PROJECT_CATALOG.tsv (2,626 rows) | CNF_BUSINESS_SEARCH_DICTIONARY.tsv | 522-row Gateway catalogue: not registered | OUTBOUND_DELIVERY_DELTA.md"	"Not registered in QS4"	"Write the API-02/API-12 coverage report from existing evidence"	"NO"
"API-02"	"Create DI"	"API_OUTBOUND_DELIVERY"	"Remote API for Outbound Delivery"	"SAP"	"09.01.2017"	"17.05.2018"	"OUTBOUND DELIVERY; DELIVERY"	"DIRECT"	"PARTIAL"	"TIER-C"	"Superseded ;v=1 generation; sibling baseline only."	"outbound delivery"	"EXTRACTED 2026-08-15"	""	"SEGW_PROJECT_CATALOG.tsv (2,626 rows) | CNF_BUSINESS_SEARCH_DICTIONARY.tsv | 522-row Gateway catalogue: not registered | OUTBOUND_DELIVERY_DELTA.md"	""	"No further work"	"NO"
"API-02"	"Create DI"	"LE_SHP_OD_CREATE"	"Create Outbound Delivery"	"SAP"	"16.01.2017"	"19.05.2022"	"OUTBOUND DELIVERY; DELIVERY; LE SHP"	"DIRECT"	"UNKNOWN"	"TIER-A"	"Create Outbound Delivery, and ALREADY REGISTERED in QS4 as LE_SHP_OD_CREATE_SRV while the A2X service is not. Changes the activation calculus for API-02."	"LE_SHP delivery creation"	"NOT STARTED"	""	"SEGW_PROJECT_CATALOG.tsv (2,626 rows) | CNF_BUSINESS_SEARCH_DICTIONARY.tsv | 522-row Gateway catalogue: REGISTERED as LE_SHP_OD_CREATE_SRV v1"	"Fiori app service - contract stability and A2X suitability unproven"	"DEEP DIVE - highest-value new discovery for API-02"	"YES"
"API-02"	"Create DI"	"LE_SHP_QC_DLVREF"	"Quick Create: Delivery with ref."	"SAP"	"15.12.2017"	"22.06.2018"	"DELIVERY; LE SHP; CREATE DELIVERY"	"DIRECT"	"UNKNOWN"	"TIER-A"	"Quick Create: Delivery with reference - registered in QS4. Create-from-predecessor is exactly the v1.7 API-02 shape."	"LE_SHP delivery creation"	"NOT STARTED"	""	"SEGW_PROJECT_CATALOG.tsv (2,626 rows) | CNF_BUSINESS_SEARCH_DICTIONARY.tsv | 522-row Gateway catalogue: REGISTERED as LE_SHP_QC_DLVREF_SRV v1"	"Same Fiori-vs-A2X gate as LE_SHP_OD_CREATE"	"DEEP DIVE alongside LE_SHP_OD_CREATE"	"YES"
"API-02"	"Create DI"	"LE_SHP_DELIVERY_CREATE"	"Create Deliveries"	"SAP"	"04.08.2014"	"07.12.2016"	"DELIVERY; LE SHP"	"DIRECT"	"UNKNOWN"	"TIER-B"	"Create Deliveries; same family, not registered."	"LE_SHP delivery creation"	"NOT STARTED"	""	"SEGW_PROJECT_CATALOG.tsv (2,626 rows) | CNF_BUSINESS_SEARCH_DICTIONARY.tsv | 522-row Gateway catalogue: not registered"	""	"Inspect with the LE_SHP family"	"NO"
"API-02"	"Create DI"	"LE_SHP_QC_DLVNOREF"	"Quick Create: Delivery without ref"	"SAP"	"15.12.2017"	"13.05.2022"	"DELIVERY; LE SHP; CREATE DELIVERY"	"RELATED"	"NO"	"REJECTED"	"Quick Create without reference."	"LE_SHP delivery creation"	"N/A"	"v1.7 API-02 always creates from a predecessor document. A no-reference create is the wrong operation."	"SEGW_PROJECT_CATALOG.tsv (2,626 rows) | CNF_BUSINESS_SEARCH_DICTIONARY.tsv | 522-row Gateway catalogue: not registered"	""	""	"NO"
"API-02"	"Create DI"	"API_SALES_ORDER"	"Remote API for SD Sales Order"	"SAP"	"04.11.2016"	"24.05.2022"	"SALES ORDER"	"RELATED"	"READ-ONLY"	"TIER-B"	"Trade/Non-trade predecessor read; the ONLY API_* A2X service registered in QS4."	"none"	"NOT STARTED"	""	"SEGW_PROJECT_CATALOG.tsv (2,626 rows) | CNF_BUSINESS_SEARCH_DICTIONARY.tsv | 522-row Gateway catalogue: REGISTERED as API_SALES_ORDER_SRV v1"	"Is a predecessor read needed at all under Option C?"	"DEEP DIVE - registered, so cheap to validate"	"YES"
"API-02"	"Create DI"	"SD_SOFM_DELIVERY"	"Fiori Wave2 SOFM Delivery"	"SAP"	"05.09.2013"	"15.05.2020"	"DELIVERY"	"RELATED"	"READ-ONLY"	"TIER-C"	"Sales Order Fulfilment delivery service, registered in QS4. Issue-resolution shape, not creation."	"SD_SOFM"	"NOT STARTED"	""	"SEGW_PROJECT_CATALOG.tsv (2,626 rows) | CNF_BUSINESS_SEARCH_DICTIONARY.tsv | 522-row Gateway catalogue: REGISTERED as SD_SOFM_DELIVERY_SRV_01 v1"	""	"Watch only"	"YES"
"API-02"	"Create DI"	"API_DEL_DOC_WITH_CREDIT_BLOCK"	"API for Credit Blocked Delivery Document"	"SAP"	"02.05.2018"	"14.05.2020"	"DELIVERY"	"WRONG-OBJECT"	"NO"	"REJECTED"	"Credit-block worklist."	""	"N/A"	"A credit-block worklist is not general delivery creation. Carried forward from the original shortlist."	"SEGW_PROJECT_CATALOG.tsv (2,626 rows) | CNF_BUSINESS_SEARCH_DICTIONARY.tsv | 522-row Gateway catalogue: not registered"	""	""	"NO"
"API-03"	"Create Invoice / Billing Documents"	"SD_CUSTOMER_INVOICES_CREATE"	"Create Customer Invoices"	"SAP"	"19.05.2014"	"12.05.2022"	""	"DIRECT"	"UNKNOWN"	"TIER-A"	"Create Customer Invoices, ALREADY REGISTERED in QS4. The handover treated billing creation as a gap because the OData V2 A2X billing service is read/cancel only; this project was never screened because it is not API_*."	"SD customer invoices"	"NOT STARTED"	""	"SEGW_PROJECT_CATALOG.tsv (2,626 rows) | CNF_BUSINESS_SEARCH_DICTIONARY.tsv | 522-row Gateway catalogue: REGISTERED as SD_CUSTOMER_INVOICES_CREATE v1"	"Fiori app service; billing-creation semantics and predecessor rules unproven"	"DEEP DIVE - directly attacks the declared billing-creation gap"	"YES"
"API-03"	"Create Invoice / Billing Documents"	"SD_CUSTOMER_INVOICES_MANAGE"	"Manage Customer Invoices"	"SAP"	"19.05.2014"	"18.05.2022"	""	"DIRECT"	"UNKNOWN"	"TIER-B"	"Manage Customer Invoices; registered in QS4."	"SD customer invoices"	"NOT STARTED"	""	"SEGW_PROJECT_CATALOG.tsv (2,626 rows) | CNF_BUSINESS_SEARCH_DICTIONARY.tsv | 522-row Gateway catalogue: REGISTERED as SD_CUSTOMER_INVOICES_MANAGE v1"	""	"Inspect with SD_CUSTOMER_INVOICES_CREATE"	"YES"
"API-03"	"Create Invoice / Billing Documents"	"API_BILLING_DOCUMENT"	"Remote API for SD Billing Document"	"SAP"	"03.07.2017"	"19.02.2020"	"BILLING"	"DIRECT"	"PARTIAL"	"TIER-A"	"A2X SD billing document. Official V2 surface is read/cancel/PDF; creation is documented only on the OData V4 successor which does not appear as a SEGW project."	"none"	"NOT STARTED"	""	"SEGW_PROJECT_CATALOG.tsv (2,626 rows) | CNF_BUSINESS_SEARCH_DICTIONARY.tsv | 522-row Gateway catalogue: not registered"	"Is API_BILLINGDOCUMENT V4 available in QS4?"	"DEEP DIVE per original plan"	"NO"
"API-03"	"Create Invoice / Billing Documents"	"SD_BILLINGDOC_PROCFLOW"	"SD Process Flow for Billing Document"	"SAP"	"22.07.2016"	"07.03.2022"	"BILLING"	"RELATED"	"READ-ONLY"	"TIER-C"	"SD process flow for billing document; registered. Could serve the v1.7 Stages[] status read."	"SD process flow"	"NOT STARTED"	""	"SEGW_PROJECT_CATALOG.tsv (2,626 rows) | CNF_BUSINESS_SEARCH_DICTIONARY.tsv | 522-row Gateway catalogue: REGISTERED as SD_BILLINGDOC_PROCFLOW_SRV v1"	""	"Watch - candidate for ProcessStatus rather than creation"	"YES"
"API-03"	"Create Invoice / Billing Documents"	"SD_BIL_DOC_LIST_MANAGE"	"Manage billing documents lists / invoice lists"	"SAP"	"24.03.2017"	"24.04.2020"	"BILLING; INVOICE"	"RELATED"	"READ-ONLY"	"TIER-C"	"Billing/invoice lists; registered."	"SD billing lists"	"NOT STARTED"	""	"SEGW_PROJECT_CATALOG.tsv (2,626 rows) | CNF_BUSINESS_SEARCH_DICTIONARY.tsv | 522-row Gateway catalogue: REGISTERED as SD_BIL_DOC_LIST_MANAGE_SRV v1"	""	"Watch only"	"YES"
"API-03"	"Create Invoice / Billing Documents"	"LE_SHP_DELIVERY_PICK"	"Delivery Pick"	"SAP"	"19.08.2014"	"19.08.2019"	""	"RELATED"	"UNKNOWN"	"TIER-B"	"Delivery Pick - the picking stage of the v1.7 API-03 chain."	"LE_SHP"	"NOT STARTED"	""	"SEGW_PROJECT_CATALOG.tsv (2,626 rows) | CNF_BUSINESS_SEARCH_DICTIONARY.tsv | 522-row Gateway catalogue: not registered"	""	"Inspect with the LE_SHP family"	"NO"
"API-03"	"Create Invoice / Billing Documents"	"API_OUTBOUND_DELIVERY_0002"	"Remote API for Outbound Delivery"	"SAP"	"04.06.2018"	"19.05.2022"	""	"DIRECT"	"PARTIAL"	"TIER-A"	"Supplies the picking, batch-split and PostGoodsIssue stages of the API-03 chain."	"outbound delivery"	"EXTRACTED 2026-08-15"	""	"SEGW_PROJECT_CATALOG.tsv (2,626 rows) | CNF_BUSINESS_SEARCH_DICTIONARY.tsv | 522-row Gateway catalogue: not registered | OUTBOUND_DELIVERY_DELTA.md"	""	"Cover in the API-02/API-12 report"	"NO"
"API-03"	"Create Invoice / Billing Documents"	"API_SUBSQNT_BILLG_DOC_SBI"	"Display Subsequent Billing Document for Self-Billing"	"SAP"	"04.11.2019"	"19.05.2020"	"BILLING"	"WRONG-OBJECT"	"NO"	"REJECTED"	"Self-billing display service."	""	"N/A"	"No CNF self-billing requirement is established. Carried forward and re-confirmed."	"SEGW_PROJECT_CATALOG.tsv (2,626 rows) | CNF_BUSINESS_SEARCH_DICTIONARY.tsv | 522-row Gateway catalogue: not registered"	""	""	"NO"
"API-03"	"Create Invoice / Billing Documents"	"API_JVA_BILLING"	"API for JVA Billing"	"SAP"	"24.04.2020"	"02.06.2020"	"BILLING"	"WRONG-OBJECT"	"NO"	"REJECTED"	"Joint Venture Accounting billing."	""	"N/A"	"Wrong module."	"SEGW_PROJECT_CATALOG.tsv (2,626 rows) | CNF_BUSINESS_SEARCH_DICTIONARY.tsv | 522-row Gateway catalogue: not registered"	""	""	"NO"
"API-03"	"Create Invoice / Billing Documents"	"API_CN_VAT_INVOICE"	"API for China VAT Invoice"	"SAP"	"17.07.2019"	"12.10.2021"	"INVOICE"	"WRONG-OBJECT"	"NO"	"REJECTED"	"China VAT invoice."	""	"N/A"	"Wrong country localization."	"SEGW_PROJECT_CATALOG.tsv (2,626 rows) | CNF_BUSINESS_SEARCH_DICTIONARY.tsv | 522-row Gateway catalogue: not registered"	""	""	"NO"
"API-03"	"Create Invoice / Billing Documents"	"SD_PRE_BIL_DOC_MANAGE"	"Manage preliminary billing documents"	"SAP"	"05.04.2017"	"29.03.2022"	"BILLING"	"RELATED"	"NO"	"REJECTED"	"Preliminary billing documents."	""	"N/A"	"Preliminary/pro-forma billing is a different document stage from the CNF dispatch invoice."	"SEGW_PROJECT_CATALOG.tsv (2,626 rows) | CNF_BUSINESS_SEARCH_DICTIONARY.tsv | 522-row Gateway catalogue: REGISTERED as SD_PRE_BIL_DOC_MANAGE v1"	""	""	"YES"
"API-04"	"Shipment Calculation"	"(none)"	"(no SEGW project)"	""	""	""	""	"NONE"	"NO"	"GAP-OUTSIDE-SEGW"	"Full 2,626-project screen finds NO shipment-cost or freight-cost service. Direct probes for SHIPMENTCOST, FREIGHT COST, TRANSPORT COST, VFK and LE_TRA all return zero hits."	""	"N/A"	""	"SEGW_PROJECT_CATALOG.tsv (2,626 rows) | CNF_BUSINESS_SEARCH_DICTIONARY.tsv | 522-row Gateway catalogue: not registered | Direct catalogue probes returned 0 hits for shipment-cost terms"	"Classic LE-TRA shipment cost vs TM vs external engine is unresolved"	"Answer the shipment model question, then look outside SEGW at BAPI_SHIPMENTCOST_CREATE / pricing simulation"	"NO"
"API-04"	"Shipment Calculation"	"TM_FRT_CALCERROR"	"Freight Order Calculation Errors"	"SAP"	"01.07.2019"	"18.03.2022"	"FREIGHT; TM"	"WRONG-OBJECT"	"NO"	"REJECTED"	"Freight Order Calculation Errors."	"TM"	"N/A"	"An error-monitoring UI for TM freight orders, not a cost-estimation API. Re-confirmed against the full catalogue."	"SEGW_PROJECT_CATALOG.tsv (2,626 rows) | CNF_BUSINESS_SEARCH_DICTIONARY.tsv | 522-row Gateway catalogue: not registered"	""	""	"NO"
"API-04"	"Shipment Calculation"	"SCM_TM_FAG_MANAGE"	"Manage Freight Agreement"	"SAP"	"08.10.2018"	"21.10.2021"	"FREIGHT; TM"	"WRONG-OBJECT"	"NO"	"REJECTED"	"Manage Freight Agreement."	"TM"	"N/A"	"Freight agreement master maintenance, not a per-delivery cost estimate."	"SEGW_PROJECT_CATALOG.tsv (2,626 rows) | CNF_BUSINESS_SEARCH_DICTIONARY.tsv | 522-row Gateway catalogue: not registered"	""	""	"NO"
"API-04"	"Shipment Calculation"	"/SCMTMS/FO_CONFIRMATION"	"Freight Orders for Confirmation"	"SAP"	"30.09.2015"	"19.04.2016"	"FREIGHT; SCMTMS"	"WRONG-OBJECT"	"NO"	"REJECTED"	"Freight order confirmation."	"TM"	"N/A"	"Carried forward from the original shortlist and re-confirmed."	"SEGW_PROJECT_CATALOG.tsv (2,626 rows) | CNF_BUSINESS_SEARCH_DICTIONARY.tsv | 522-row Gateway catalogue: not registered"	""	""	"NO"
"API-04"	"Shipment Calculation"	"TSW_SHIPMENT_PLAN_VS_ACTUAL"	"Shipment Plan Vs Actual"	"SAP"	"23.08.2017"	"26.03.2018"	""	"WRONG-OBJECT"	"NO"	"REJECTED"	"TSW shipment plan vs actual."	"TSW"	"N/A"	"Trader and Scheduler Workbench is oil-and-gas bulk logistics, not cement road freight costing."	"SEGW_PROJECT_CATALOG.tsv (2,626 rows) | CNF_BUSINESS_SEARCH_DICTIONARY.tsv | 522-row Gateway catalogue: not registered"	""	""	"NO"
"API-04"	"Shipment Calculation"	"SD_PRICING_CONDITIONRECORD"	"SD Pricing Condition Record"	"SAP"	"16.06.2022"	"16.06.2022"	"CONDITION; PRICING"	"RELATED"	"UNKNOWN"	"TIER-C"	"SD Pricing Condition Record - v1.7 API-04 returns a ConditionRecord for traceability."	""	"NOT STARTED"	""	"SEGW_PROJECT_CATALOG.tsv (2,626 rows) | CNF_BUSINESS_SEARCH_DICTIONARY.tsv | 522-row Gateway catalogue: REGISTERED as SD_PRICING_CONDITIONRECORD_SRV v1"	"Only relevant if freight is priced through SD conditions"	"Watch; revisit after the shipment-model answer"	"YES"
"API-05"	"Stock Availability"	"API_MATERIAL_STOCK"	"OData Service for Material Stock API"	"SAP"	"03.05.2017"	"03.05.2017"	"MATERIAL STOCK; STOCK"	"DIRECT"	"LIKELY-COVERS"	"TIER-A"	"Raw on-hand stock by plant, storage location, batch and stock type - the material x storage-location grain v1.7 requires."	"none"	"NOT STARTED"	""	"SEGW_PROJECT_CATALOG.tsv (2,626 rows) | CNF_BUSINESS_SEARCH_DICTIONARY.tsv | 522-row Gateway catalogue: not registered"	"Does v1.7 need raw stock, ATP, or both?"	"DEEP DIVE - next in the queue"	"NO"
"API-05"	"Stock Availability"	"API_PRODUCT_AVAILY_INFO_BASIC"	"Basic remote API for ATP Info"	"SAP"	"13.02.2017"	"14.03.2017"	"AVAILY; ATP"	"RELATED"	"PARTIAL"	"TIER-A"	"ATP-calculated availability. Answers a different question from raw stock and must not be collapsed into it."	"none"	"NOT STARTED"	""	"SEGW_PROJECT_CATALOG.tsv (2,626 rows) | CNF_BUSINESS_SEARCH_DICTIONARY.tsv | 522-row Gateway catalogue: not registered"	"Same meaning gate as above"	"DEEP DIVE as the explicit comparator"	"NO"
"API-05"	"Stock Availability"	"MMIM_STOCKINDATERANGE"	"Service for Analyze Stock in Date Range"	"SAP"	"07.03.2022"	"18.03.2022"	"STOCK"	"RELATED"	"UNKNOWN"	"TIER-A"	"Analyze Stock in Date Range - the only screened project whose shape could supply v1.7 StockAgeingDays, which neither A2X stock candidate obviously provides."	"MMIM stock analytics"	"NOT STARTED"	""	"SEGW_PROJECT_CATALOG.tsv (2,626 rows) | CNF_BUSINESS_SEARCH_DICTIONARY.tsv | 522-row Gateway catalogue: not registered"	"Is stock ageing sourced from S/4 live or from Datasphere?"	"DEEP DIVE - the ageing requirement has no other candidate"	"NO"
"API-05"	"Stock Availability"	"MMIM_MATERIAL_OVERDUE_SIT"	"Material Overdue Stock in Transit"	"SAP"	"01.08.2016"	"15.10.2021"	"STOCK"	"RELATED"	"READ-ONLY"	"TIER-B"	"Material Overdue Stock in Transit - relates to the pending-MRN in-transit position."	"MMIM stock analytics"	"NOT STARTED"	""	"SEGW_PROJECT_CATALOG.tsv (2,626 rows) | CNF_BUSINESS_SEARCH_DICTIONARY.tsv | 522-row Gateway catalogue: not registered"	"MRN model conflict C-14"	"Inspect if in-transit reporting enters scope"	"NO"
"API-05"	"Stock Availability"	"API_PHYSICAL_INVENTORY_DOC"	"OData Service for Physical Inventory API"	"SAP"	"26.10.2016"	"20.05.2021"	"PHYSICAL INVENTORY; INVENTORY"	"RELATED"	"PARTIAL"	"TIER-B"	"PI documents, counts and differences. Broader than the v1.7 read-only stock scope."	"physical inventory"	"NOT STARTED"	""	"SEGW_PROJECT_CATALOG.tsv (2,626 rows) | CNF_BUSINESS_SEARCH_DICTIONARY.tsv | 522-row Gateway catalogue: not registered"	"Does reconciliation post PI differences in SAP or stay in the portal?"	"Gate first; inspect only if PI posting is in scope"	"NO"
"API-05"	"Stock Availability"	"MM_IM_PHYS_INV_DOC"	"Physical Inventory Document"	"SAP"	"08.03.2016"	"24.06.2020"	"PHYSICAL INVENTORY; INVENTORY"	"RELATED"	"PARTIAL"	"TIER-C"	"Non-API_* physical inventory document service; sibling in meaning to API_PHYSICAL_INVENTORY_DOC."	"physical inventory"	"NOT STARTED"	""	"SEGW_PROJECT_CATALOG.tsv (2,626 rows) | CNF_BUSINESS_SEARCH_DICTIONARY.tsv | 522-row Gateway catalogue: not registered"	"Same gate"	"Compare with the A2X twin if PI enters scope"	"NO"
"API-05"	"Stock Availability"	"MMIM_DEADSTOCKMATERIAL"	"Dead stock material"	"SAP"	"24.07.2017"	"21.07.2020"	"STOCK"	"RELATED"	"READ-ONLY"	"TIER-C"	"Dead stock analysis - adjacent to ageing."	"MMIM stock analytics"	"NOT STARTED"	""	"SEGW_PROJECT_CATALOG.tsv (2,626 rows) | CNF_BUSINESS_SEARCH_DICTIONARY.tsv | 522-row Gateway catalogue: not registered"	""	"Watch only"	"NO"
"API-05"	"Stock Availability"	"MMIM_SLOWORNONMOVINGMATERIAL"	"Service for Slow or Non-Moving Material Query"	"SAP"	"14.07.2017"	"14.08.2020"	""	"RELATED"	"READ-ONLY"	"TIER-C"	"Slow or non-moving material query - adjacent to ageing."	"MMIM stock analytics"	"NOT STARTED"	""	"SEGW_PROJECT_CATALOG.tsv (2,626 rows) | CNF_BUSINESS_SEARCH_DICTIONARY.tsv | 522-row Gateway catalogue: not registered"	""	"Watch only"	"NO"
"API-05"	"Stock Availability"	"API_PRODUCT_ALLOC_SEQUENCE"	"API for Product Allocation Sequence"	"SAP"	"05.05.2017"	"28.04.2022"	""	"WRONG-OBJECT"	"NO"	"REJECTED"	"Product allocation sequence configuration."	"product allocation"	"N/A"	"Allocation planning configuration is not depot stock. Carried forward and re-confirmed."	"SEGW_PROJECT_CATALOG.tsv (2,626 rows) | CNF_BUSINESS_SEARCH_DICTIONARY.tsv | 522-row Gateway catalogue: not registered"	""	""	"NO"
"API-05"	"Stock Availability"	"API_PRODUCT_ALLOCATION_OBJECT"	"API for Product Allocation Object"	"SAP"	"11.04.2017"	"16.03.2022"	""	"WRONG-OBJECT"	"NO"	"REJECTED"	"Product allocation object."	"product allocation"	"N/A"	"Same semantic mismatch."	"SEGW_PROJECT_CATALOG.tsv (2,626 rows) | CNF_BUSINESS_SEARCH_DICTIONARY.tsv | 522-row Gateway catalogue: not registered"	""	""	"NO"
"API-05"	"Stock Availability"	"RETAILSTORE_COUNT_STOCK"	"Services for FIORI Count Stock App"	"SAP"	"09.03.2016"	"06.02.2021"	"STOCK"	"WRONG-OBJECT"	"NO"	"REJECTED"	"Fiori retail store count."	"retail store"	"N/A"	"Retail store app, wrong process and wrong org model for a cement depot."	"SEGW_PROJECT_CATALOG.tsv (2,626 rows) | CNF_BUSINESS_SEARCH_DICTIONARY.tsv | 522-row Gateway catalogue: not registered"	""	""	"NO"
"API-06"	"E-Way Bill Extension"	"(none)"	"(no SEGW project)"	""	""	""	""	"NONE"	"NO"	"GAP-OUTSIDE-SEGW"	"Full 2,626-project screen finds NO India E-Way Bill service. Direct probes: DIGIGST=0 hits, EWB=0, E_WAY=0, IRN=0. The only WAYBILL hits are European TM rail/road output forms."	""	"N/A"	""	"SEGW_PROJECT_CATALOG.tsv (2,626 rows) | CNF_BUSINESS_SEARCH_DICTIONARY.tsv | 522-row Gateway catalogue: not registered | Direct catalogue probes; DOMAIN_GLOSSARY D-017 states DigiGST is not SAP DRC"	"Which interface owns E-Way extension - DigiGST/EY or SAP DRC?"	"Investigate the DigiGST/EY integration outside SEGW; /DIGIGST/OWARD_H-EWBNUMBER is the known persistence point"	"NO"
"API-06"	"E-Way Bill Extension"	"EDOC_DCC"	"Document Compliance Cockpit Service"	"SAP"	"07.07.2022"	"07.07.2022"	"EDOC; DOCUMENT COMPLIANCE"	"RELATED"	"NO"	"REJECTED"	"Document Compliance Cockpit; registered in QS4 as EDOC_DCC_SRV."	"eDocument"	"N/A"	"Cockpit/monitoring service. Useful evidence that the SAP eDocument framework is installed and active, but not an E-Way Bill extension command. Re-confirmed."	"SEGW_PROJECT_CATALOG.tsv (2,626 rows) | CNF_BUSINESS_SEARCH_DICTIONARY.tsv | 522-row Gateway catalogue: REGISTERED as EDOC_DCC_SRV v1"	"Could the DCC still expose an extension action?"	"Keep as landscape evidence only"	"YES"
"API-06"	"E-Way Bill Extension"	"FDP_GST_INV_GLO_IN"	"GST Invoice Form for India"	"SAP"	"06.06.2017"	"11.05.2022"	"GST; INDIA; GLO IN"	"WRONG-OBJECT"	"NO"	"REJECTED"	"GST Invoice Form for India."	"FDP India"	"N/A"	"Form data provider - print/output, not a statutory transaction API. Carried forward and re-confirmed."	"SEGW_PROJECT_CATALOG.tsv (2,626 rows) | CNF_BUSINESS_SEARCH_DICTIONARY.tsv | 522-row Gateway catalogue: not registered"	""	""	"NO"
"API-06"	"E-Way Bill Extension"	"LO_GST_SUBCON_CREATE"	"Gateway service to create subcontracting challan / invoice"	"SAP"	"02.05.2018"	"27.08.2021"	"GST"	"WRONG-OBJECT"	"NO"	"REJECTED"	"Subcontracting challan / invoice."	"LO_GST India"	"N/A"	"Subcontracting challan is a different statutory document from an E-Way Bill."	"SEGW_PROJECT_CATALOG.tsv (2,626 rows) | CNF_BUSINESS_SEARCH_DICTIONARY.tsv | 522-row Gateway catalogue: not registered"	""	""	"NO"
"API-06"	"E-Way Bill Extension"	"FDP_EXC_INV_OUT_GLO_IN"	"Outgoing Excise Invoice Form for India"	"SAP"	"01.03.2016"	"30.07.2021"	"INDIA; GLO IN"	"WRONG-OBJECT"	"NO"	"REJECTED"	"Outgoing Excise Invoice Form for India."	"FDP India"	"N/A"	"Excise invoice output form; pre-GST era object and an output form regardless."	"SEGW_PROJECT_CATALOG.tsv (2,626 rows) | CNF_BUSINESS_SEARCH_DICTIONARY.tsv | 522-row Gateway catalogue: not registered"	""	""	"NO"
"API-07"	"Invoice Correction"	"(none)"	"(no SEGW project)"	""	""	""	""	"NONE"	"NO"	"GAP-OUTSIDE-SEGW"	"v1.7 defines API-07 as correcting E-Way Bill Part A/Part B transport details on an existing invoice. No SEGW project addresses that. All CORRECTION hits are Russian FI correction-invoice form providers."	""	"N/A"	""	"SEGW_PROJECT_CATALOG.tsv (2,626 rows) | CNF_BUSINESS_SEARCH_DICTIONARY.tsv | 522-row Gateway catalogue: not registered | v1.7 sheet API-07 states it is NOT a billing cancellation or credit-memo API"	"Same statutory-interface gate as API-06"	"Investigate DigiGST/EY Part A/Part B update operations outside SEGW"	"NO"
"API-07"	"Invoice Correction"	"API_CREDIT_MEMO_REQUEST"	"Remote API for SD Credit Memo Request"	"SAP"	"03.05.2017"	"03.08.2020"	""	"WRONG-OBJECT"	"NO"	"REJECTED"	"SD credit memo request."	"memo request"	"N/A"	"RESOLVED BY DEMAND EVIDENCE: the v1.7 API-07 sheet states explicitly that this is not a generic billing cancellation or credit-memo API. The Finance gate the handover left open is answered by the workbook itself."	"SEGW_PROJECT_CATALOG.tsv (2,626 rows) | CNF_BUSINESS_SEARCH_DICTIONARY.tsv | 522-row Gateway catalogue: not registered"	""	"Remove from the shortlist"	"NO"
"API-07"	"Invoice Correction"	"API_DEBIT_MEMO_REQUEST"	"Remote API for SD Debit Memo Request"	"SAP"	"03.05.2017"	"23.02.2022"	""	"WRONG-OBJECT"	"NO"	"REJECTED"	"SD debit memo request."	"memo request"	"N/A"	"Same demand-evidence exclusion as the credit memo request."	"SEGW_PROJECT_CATALOG.tsv (2,626 rows) | CNF_BUSINESS_SEARCH_DICTIONARY.tsv | 522-row Gateway catalogue: not registered"	""	"Remove from the shortlist"	"NO"
"API-07"	"Invoice Correction"	"FDP_V3_CORR_INVOICE_RU"	"Form Data Provider for Correction of Invoice"	"SAP"	"13.10.2015"	"18.02.2021"	"CORRECTION"	"WRONG-OBJECT"	"NO"	"REJECTED"	"Correction of Invoice form, Russia."	"FDP RU correction"	"N/A"	"Russian VAT correction-invoice output form. Wrong country, wrong object, output-only."	"SEGW_PROJECT_CATALOG.tsv (2,626 rows) | CNF_BUSINESS_SEARCH_DICTIONARY.tsv | 522-row Gateway catalogue: not registered"	""	""	"NO"
"API-07"	"Invoice Correction"	"RETAILSTORE_STOCK_COR"	"Services for FIORI Stock Correction App"	"SAP"	"22.01.2016"	"07.07.2016"	"CORRECTION"	"WRONG-OBJECT"	"NO"	"REJECTED"	"Fiori Stock Correction app."	"retail store"	"N/A"	"Stock correction, not invoice correction. Pure keyword collision."	"SEGW_PROJECT_CATALOG.tsv (2,626 rows) | CNF_BUSINESS_SEARCH_DICTIONARY.tsv | 522-row Gateway catalogue: not registered"	""	""	"NO"
"API-08"	"STO Orders"	"MMIM_STO"	"Stock Transfer Orders"	"SAP"	"05.12.2016"	"20.05.2020"	"STO"	"DIRECT"	"UNKNOWN"	"TIER-A"	"Named literally Stock Transfer Orders - the closest name in the entire catalogue to the v1.7 STO read, and invisible to the API_* reduction."	"MMIM STO"	"NOT STARTED"	""	"SEGW_PROJECT_CATALOG.tsv (2,626 rows) | CNF_BUSINESS_SEARCH_DICTIONARY.tsv | 522-row Gateway catalogue: not registered"	"Read grain: PO header/item vs transfer monitor"	"DEEP DIVE - highest-value new discovery for API-08"	"NO"
"API-08"	"STO Orders"	"API_PURCHASEORDER_PROCESS"	"OData service for PO API"	"SAP"	"22.08.2016"	"04.08.2021"	"PURCHASEORDER"	"DIRECT"	"LIKELY-COVERS"	"TIER-A"	"A2X purchase order service; STO is a purchase-order document type."	"purchase order"	"NOT STARTED"	""	"SEGW_PROJECT_CATALOG.tsv (2,626 rows) | CNF_BUSINESS_SEARCH_DICTIONARY.tsv | 522-row Gateway catalogue: not registered"	"Client STO type ZP06 support; V4 successor availability"	"DEEP DIVE per original plan"	"NO"
"API-08"	"STO Orders"	"ME2STAR_ODATA"	"Gateway Service for Purchasing Document Items"	"SAP"	"05.02.2014"	"29.03.2019"	"PURCHASING"	"RELATED"	"READ-ONLY"	"TIER-B"	"Purchasing Document Items - ME2* is the classic PO reporting family."	"purchasing reporting"	"NOT STARTED"	""	"SEGW_PROJECT_CATALOG.tsv (2,626 rows) | CNF_BUSINESS_SEARCH_DICTIONARY.tsv | 522-row Gateway catalogue: not registered"	""	"Inspect if API_PURCHASEORDER_PROCESS read coverage is weak"	"NO"
"API-08"	"STO Orders"	"MM_PUR_POITEMS_MONI"	"Monitor Purchase Order Items"	"SAP"	"17.08.2016"	"22.04.2022"	"PURCHASE ORDER"	"RELATED"	"READ-ONLY"	"TIER-C"	"Monitor Purchase Order Items."	"MM_PUR monitoring"	"NOT STARTED"	""	"SEGW_PROJECT_CATALOG.tsv (2,626 rows) | CNF_BUSINESS_SEARCH_DICTIONARY.tsv | 522-row Gateway catalogue: REGISTERED as MM_PUR_POITEMS_MONI_SRV v1"	""	"Watch only"	"YES"
"API-08"	"STO Orders"	"MM_PUR_CNTRL_PO_MAINTAIN"	"Manage Central Purchase Order"	"SAP"	"30.01.2018"	"23.12.2021"	"PURCHASE ORDER"	"WRONG-OBJECT"	"NO"	"REJECTED"	"Manage Central Purchase Order."	"MM_PUR central"	"N/A"	"Central Procurement operates across connected systems; CNF is a single-system intra-company STO."	"SEGW_PROJECT_CATALOG.tsv (2,626 rows) | CNF_BUSINESS_SEARCH_DICTIONARY.tsv | 522-row Gateway catalogue: not registered"	""	""	"NO"
"API-09"	"STO Deliveries"	"API_OUTBOUND_DELIVERY_0002"	"Remote API for Outbound Delivery"	"SAP"	"04.06.2018"	"19.05.2022"	"OUTBOUND DELIVERY; DELIVERY"	"DIRECT"	"LIKELY-COVERS"	"TIER-A"	"STO deliveries are outbound deliveries whose predecessor is an STO PO; the A2X service exposes the delivery and its document flow."	"outbound delivery"	"EXTRACTED 2026-08-15"	""	"SEGW_PROJECT_CATALOG.tsv (2,626 rows) | CNF_BUSINESS_SEARCH_DICTIONARY.tsv | 522-row Gateway catalogue: not registered | OUTBOUND_DELIVERY_DELTA.md"	"Document-flow join to the STO PO"	"Cover in the API-02/API-09/API-12 report"	"NO"
"API-09"	"STO Deliveries"	"LE_SHP_OD_LIST"	"Outbound Delivery List"	"SAP"	"21.03.2017"	"19.05.2022"	"OUTBOUND DELIVERY; DELIVERY"	"DIRECT"	"READ-ONLY"	"TIER-B"	"Outbound Delivery List - a list/read shape matching the v1.7 paged STO delivery read."	"LE_SHP"	"NOT STARTED"	""	"SEGW_PROJECT_CATALOG.tsv (2,626 rows) | CNF_BUSINESS_SEARCH_DICTIONARY.tsv | 522-row Gateway catalogue: not registered"	""	"Inspect with the LE_SHP family"	"NO"
"API-09"	"STO Deliveries"	"LE_SHP_OUTBOUND_DELIVERY_FS"	"Outbound Delivery Fact sheet"	"SAP"	"29.06.2016"	"13.05.2022"	"OUTBOUND DELIVERY; DELIVERY"	"RELATED"	"READ-ONLY"	"TIER-C"	"Outbound Delivery Fact Sheet."	"LE_SHP"	"NOT STARTED"	""	"SEGW_PROJECT_CATALOG.tsv (2,626 rows) | CNF_BUSINESS_SEARCH_DICTIONARY.tsv | 522-row Gateway catalogue: not registered"	""	"Watch only"	"NO"
"API-09"	"STO Deliveries"	"LE_SHP_DELIVERY_WORK_LIST"	"Delivery Worklist"	"SAP"	"24.09.2014"	"08.12.2016"	"DELIVERY"	"RELATED"	"READ-ONLY"	"TIER-C"	"Delivery Worklist."	"LE_SHP"	"NOT STARTED"	""	"SEGW_PROJECT_CATALOG.tsv (2,626 rows) | CNF_BUSINESS_SEARCH_DICTIONARY.tsv | 522-row Gateway catalogue: not registered"	""	"Watch only"	"NO"
"API-09"	"STO Deliveries"	"API_CUSTOMER_RETURNS_DLV_0002"	"Remote API for Customer Returns Delivery"	"SAP"	"04.06.2018"	"19.05.2022"	"DELIVERY"	"WRONG-OBJECT"	"NO"	"REJECTED"	"Customer returns delivery."	"customer returns"	"N/A"	"Version similarity is irrelevant; wrong process. Carried forward and re-confirmed."	"SEGW_PROJECT_CATALOG.tsv (2,626 rows) | CNF_BUSINESS_SEARCH_DICTIONARY.tsv | 522-row Gateway catalogue: not registered"	""	""	"NO"
"API-10"	"STO Invoice"	"API_BILLING_DOCUMENT"	"Remote API for SD Billing Document"	"SAP"	"03.07.2017"	"19.02.2020"	"BILLING"	"DIRECT"	"PARTIAL"	"TIER-A"	"SD billing document read - the leading candidate IF the STO invoice is an SD billing document."	"none"	"NOT STARTED"	""	"SEGW_PROJECT_CATALOG.tsv (2,626 rows) | CNF_BUSINESS_SEARCH_DICTIONARY.tsv | 522-row Gateway catalogue: not registered"	"HARD GATE: is the STO invoice SD billing, intercompany billing, GST stock-transfer, or MM supplier invoice?"	"Deep dive, but the gate must be answered before disposition"	"NO"
"API-10"	"STO Invoice"	"API_SUPPLIERINVOICE_PROCESS"	"OData service SI API"	"SAP"	"05.10.2016"	"10.03.2022"	"SUPPLIERINVOICE"	"RELATED"	"PARTIAL"	"TIER-B"	"MM supplier invoice - the alternative document model."	"none"	"NOT STARTED"	""	"SEGW_PROJECT_CATALOG.tsv (2,626 rows) | CNF_BUSINESS_SEARCH_DICTIONARY.tsv | 522-row Gateway catalogue: not registered"	"Same hard gate"	"Shallow comparison only until the gate is answered"	"NO"
"API-10"	"STO Invoice"	"LO_GST_INB_INV_CREATE"	"Create GST Inbound Invoice"	"SAP"	"21.02.2018"	"29.07.2021"	"INVOICE"	"RELATED"	"UNKNOWN"	"TIER-B"	"Create GST Inbound Invoice - an India-specific GST invoice object that the API_* reduction never saw. Directly relevant to the GST stock-transfer invoice hypothesis."	"LO_GST India"	"NOT STARTED"	""	"SEGW_PROJECT_CATALOG.tsv (2,626 rows) | CNF_BUSINESS_SEARCH_DICTIONARY.tsv | 522-row Gateway catalogue: not registered"	"Same hard gate"	"Inspect when the STO invoice gate is addressed - it materially widens the option set"	"NO"
"API-10"	"STO Invoice"	"SD_CUSTOMER_INVOICES_MANAGE"	"Manage Customer Invoices"	"SAP"	"19.05.2014"	"18.05.2022"	""	"RELATED"	"READ-ONLY"	"TIER-C"	"Manage Customer Invoices; registered."	"SD customer invoices"	"NOT STARTED"	""	"SEGW_PROJECT_CATALOG.tsv (2,626 rows) | CNF_BUSINESS_SEARCH_DICTIONARY.tsv | 522-row Gateway catalogue: REGISTERED as SD_CUSTOMER_INVOICES_MANAGE v1"	""	"Watch only"	"YES"
"API-10"	"STO Invoice"	"API_BILLING_DOCUMENT_REQUEST"	"Remote API for SD Billing Document Request"	"SAP"	"14.12.2017"	"08.03.2018"	"BILLING"	"WRONG-OBJECT"	"NO"	"REJECTED"	"Billing document requests."	"none"	"N/A"	"Official V2 purpose is read/reject/delete billing document requests; not an invoice-creation or invoice-read substitute. Carried forward and re-confirmed."	"SEGW_PROJECT_CATALOG.tsv (2,626 rows) | CNF_BUSINESS_SEARCH_DICTIONARY.tsv | 522-row Gateway catalogue: not registered"	""	""	"NO"
"API-11"	"Create STO Purchase Order"	"API_PURCHASEORDER_PROCESS"	"OData service for PO API"	"SAP"	"22.08.2016"	"04.08.2021"	"PURCHASEORDER"	"DIRECT"	"LIKELY-COVERS"	"TIER-A"	"A2X purchase order create; STO is a PO document type."	"purchase order"	"NOT STARTED"	""	"SEGW_PROJECT_CATALOG.tsv (2,626 rows) | CNF_BUSINESS_SEARCH_DICTIONARY.tsv | 522-row Gateway catalogue: not registered"	"STO document type ZP06, item category, plant mapping"	"DEEP DIVE together with API-08"	"NO"
"API-11"	"Create STO Purchase Order"	"MM_PUR_PR_PROCESS"	"Purchase Requisition Processing"	"SAP"	"31.08.2014"	"09.03.2022"	"PURCHASE REQUISITION"	"RELATED"	"UNKNOWN"	"TIER-B"	"Purchase Requisition Processing, REGISTERED in QS4. v1.7 API-11 captures a RequisitionNumber, so the requisition may be a real part of this flow."	"MM_PUR requisition"	"NOT STARTED"	""	"SEGW_PROJECT_CATALOG.tsv (2,626 rows) | CNF_BUSINESS_SEARCH_DICTIONARY.tsv | 522-row Gateway catalogue: REGISTERED as MM_PUR_PR_PROCESS_SRV v1"	"Is the v1.7 RequisitionNumber an SAP purchase requisition or a free-text reference?"	"Inspect - the v1.7 field makes this more than a keyword hit"	"YES"
"API-11"	"Create STO Purchase Order"	"MM_PUR_PO_MAINTAIN"	"MM-PUR: Maintain Purchase Order"	"SAP"	"29.09.2014"	"07.05.2018"	"PURCHASE ORDER"	"RELATED"	"UNKNOWN"	"TIER-B"	"MM-PUR: Maintain Purchase Order."	"MM_PUR PO maintain"	"NOT STARTED"	""	"SEGW_PROJECT_CATALOG.tsv (2,626 rows) | CNF_BUSINESS_SEARCH_DICTIONARY.tsv | 522-row Gateway catalogue: not registered"	""	"Inspect if the A2X PO service cannot create the client STO type"	"NO"
"API-11"	"Create STO Purchase Order"	"MM_PUR_PO_MAINTAIN_V2"	"Manage Purchase Orders (SmartTemplate)"	"SAP"	"16.08.2016"	"21.06.2022"	""	"RELATED"	"UNKNOWN"	"TIER-B"	"Manage Purchase Orders (SmartTemplate) - later sibling of MM_PUR_PO_MAINTAIN."	"MM_PUR PO maintain"	"NOT STARTED"	""	"SEGW_PROJECT_CATALOG.tsv (2,626 rows) | CNF_BUSINESS_SEARCH_DICTIONARY.tsv | 522-row Gateway catalogue: not registered"	""	"Sibling delta required if this family is pursued"	"NO"
"API-12"	"Update DI Quantity"	"API_OUTBOUND_DELIVERY_0002"	"Remote API for Outbound Delivery"	"SAP"	"04.06.2018"	"19.05.2022"	"OUTBOUND DELIVERY; DELIVERY"	"DIRECT"	"LIKELY-COVERS"	"TIER-A"	"Quantity-only PATCH on an open outbound delivery item is within the A2X update surface."	"outbound delivery"	"EXTRACTED 2026-08-15"	""	"SEGW_PROJECT_CATALOG.tsv (2,626 rows) | CNF_BUSINESS_SEARCH_DICTIONARY.tsv | 522-row Gateway catalogue: not registered | OUTBOUND_DELIVERY_DELTA.md"	"Is a quantity change allowed before batch determination?"	"Write the coverage report from existing evidence"	"NO"
"API-12"	"Update DI Quantity"	"LE_SHP_DELIVERY_WORK_LIST"	"Delivery Worklist"	"SAP"	"24.09.2014"	"08.12.2016"	"DELIVERY"	"RELATED"	"UNKNOWN"	"TIER-C"	"Delivery Worklist - change capability unknown."	"LE_SHP"	"NOT STARTED"	""	"SEGW_PROJECT_CATALOG.tsv (2,626 rows) | CNF_BUSINESS_SEARCH_DICTIONARY.tsv | 522-row Gateway catalogue: not registered"	""	"Watch only"	"NO"
